{
"type": "FeatureCollection",
"crs": { "type": "name", "properties": { "name": "urn:ogc:def:crs:EPSG::3035" } },
"features": [
{ "type": "Feature", "properties": { "ID": "Chemnitz_145110000_c0", "GEN": "Chemnitz", "ARS": "145110000", "LAN": "Sachsen", "area": 0.15, "centroid": "POINT (4528423.333333 3076596.666667)", "DH_demand": 307.32212847941963, "total_demand_cells": 1140.0026092529297, "total_demand_area": 5228.01708984375, "share_DH": 6.759231542698342, "heat_density_DH": 2.0488141898627976, "heat_density": 34.853447265625, "DH_supplied_households": 22.0, "DH_cells": [ [ 4528150, 3076350 ], [ 4528050, 3076450 ], [ 4528150, 3076550 ], [ 4528350, 3076750 ], [ 4528450, 3076750 ], [ 4528550, 3076750 ], [ 4528950, 3076750 ] ] }, "geometry": { "type": "Polygon", "coordinates": [ [ [ 4528050.0, 3076450.0 ], [ 4528150.0, 3076550.0 ], [ 4528350.0, 3076750.0 ], [ 4528450.0, 3076750.0 ], [ 4528550.0, 3076750.0 ], [ 4528950.0, 3076750.0 ], [ 4528150.0, 3076350.0 ], [ 4528050.0, 3076450.0 ] ] ] } },
{ "type": "Feature", "properties": { "ID": "Chemnitz_145110000_c1", "GEN": "Chemnitz", "ARS": "145110000", "LAN": "Sachsen", "area": 0.09, "centroid": "POINT (4525748.148148 3076788.888889)", "DH_demand": 294.55639642314878, "total_demand_cells": 1187.2294235229492, "total_demand_area": 2751.18603515625, "share_DH": 12.310876927505861, "heat_density_DH": 3.2728488491460976, "heat_density": 30.568733723958335, "DH_supplied_households": 30.0, "DH_cells": [ [ 4525550, 3076450 ], [ 4525750, 3076550 ], [ 4525850, 3076750 ], [ 4525750, 3076950 ], [ 4525750, 3077050 ], [ 4525850, 3077250 ] ] }, "geometry": { "type": "Polygon", "coordinates": [ [ [ 4525550.0, 3076450.0 ], [ 4525750.0, 3076950.0 ], [ 4525750.0, 3077050.0 ], [ 4525850.0, 3077250.0 ], [ 4525850.0, 3076750.0 ], [ 4525750.0, 3076550.0 ], [ 4525550.0, 3076450.0 ] ] ] } },
{ "type": "Feature", "properties": { "ID": "Chemnitz_145110000_c2", "GEN": "Chemnitz", "ARS": "145110000", "LAN": "Sachsen", "area": 0.115, "centroid": "POINT (4530787.681159 3077618.115942)", "DH_demand": 341.25935568326554, "total_demand_cells": 1392.5555000305176, "total_demand_area": 4839.6875, "share_DH": 8.1078879170289824, "heat_density_DH": 2.9674726581153528, "heat_density": 42.084239130434788, "DH_supplied_households": 39.0, "DH_cells": [ [ 4530750, 3077350 ], [ 4530850, 3077350 ], [ 4531050, 3077450 ], [ 4530750, 3077550 ], [ 4530650, 3077650 ], [ 4530550, 3078050 ] ] }, "geometry": { "type": "Polygon", "coordinates": [ [ [ 4530550.0, 3078050.0 ], [ 4531050.0, 3077450.0 ], [ 4530850.0, 3077350.0 ], [ 4530750.0, 3077350.0 ], [ 4530750.0, 3077550.0 ], [ 4530650.0, 3077650.0 ], [ 4530550.0, 3078050.0 ] ] ] } },
{ "type": "Feature", "properties": { "ID": "Chemnitz_145110000_c3", "GEN": "Chemnitz", "ARS": "145110000", "LAN": "Sachsen", "area": 47.28, "centroid": "POINT (4526921.534828 3083073.995347)", "DH_demand": 420066.16262599244, "total_demand_cells": 690811.63397991657, "total_demand_area": 1379730.25, "share_DH": 35.007734231207827, "heat_density_DH": 8.8846481096868111, "heat_density": 29.182111886632825, "DH_supplied_households": 67286.0, "DH_cells": [ [ 4523550, 3078250 ], [ 4523650, 3078250 ], [ 4523550, 3078350 ], [ 4523650, 3078350 ], [ 4523750, 3078350 ], [ 4523850, 3078350 ], [ 4523450, 3078450 ], [ 4523550, 3078450 ], [ 4523650, 3078450 ], [ 4523850, 3078450 ], [ 4523950, 3078450 ], [ 4523550, 3078550 ], [ 4523650, 3078550 ], [ 4523850, 3078550 ], [ 4523950, 3078550 ], [ 4524250, 3078550 ], [ 4523650, 3078650 ], [ 4523750, 3078650 ], [ 4524050, 3078650 ], [ 4524250, 3078650 ], [ 4524350, 3078650 ], [ 4523950, 3078750 ], [ 4524050, 3078750 ], [ 4524150, 3078750 ], [ 4524250, 3078750 ], [ 4524350, 3078750 ], [ 4525250, 3078750 ], [ 4525350, 3078750 ], [ 4525450, 3078750 ], [ 4523750, 3078850 ], [ 4523850, 3078850 ], [ 4523950, 3078850 ], [ 4524050, 3078850 ], [ 4524150, 3078850 ], [ 4524250, 3078850 ], [ 4524350, 3078850 ], [ 4525250, 3078850 ], [ 4525450, 3078850 ], [ 4525750, 3078850 ], [ 4525850, 3078850 ], [ 4523750, 3078950 ], [ 4523850, 3078950 ], [ 4523950, 3078950 ], [ 4524050, 3078950 ], [ 4524150, 3078950 ], [ 4524350, 3078950 ], [ 4524450, 3078950 ], [ 4524550, 3078950 ], [ 4524650, 3078950 ], [ 4525250, 3078950 ], [ 4525350, 3078950 ], [ 4525450, 3078950 ], [ 4525550, 3078950 ], [ 4525750, 3078950 ], [ 4525850, 3078950 ], [ 4527350, 3078950 ], [ 4523750, 3079050 ], [ 4523850, 3079050 ], [ 4523950, 3079050 ], [ 4524150, 3079050 ], [ 4524250, 3079050 ], [ 4524350, 3079050 ], [ 4524650, 3079050 ], [ 4524750, 3079050 ], [ 4525250, 3079050 ], [ 4525350, 3079050 ], [ 4525550, 3079050 ], [ 4525750, 3079050 ], [ 4525850, 3079050 ], [ 4523750, 3079150 ], [ 4523850, 3079150 ], [ 4523950, 3079150 ], [ 4524250, 3079150 ], [ 4524350, 3079150 ], [ 4524650, 3079150 ], [ 4525550, 3079150 ], [ 4525750, 3079150 ], [ 4525850, 3079150 ], [ 4527150, 3079150 ], [ 4525150, 3079250 ], [ 4525250, 3079250 ], [ 4525450, 3079250 ], [ 4525550, 3079250 ], [ 4525750, 3079250 ], [ 4525950, 3079250 ], [ 4526150, 3079250 ], [ 4526950, 3079250 ], [ 4527150, 3079250 ], [ 4525050, 3079350 ], [ 4525150, 3079350 ], [ 4525250, 3079350 ], [ 4525550, 3079350 ], [ 4525650, 3079350 ], [ 4525750, 3079350 ], [ 4525850, 3079350 ], [ 4526950, 3079350 ], [ 4524050, 3079450 ], [ 4525650, 3079450 ], [ 4525750, 3079450 ], [ 4526650, 3079450 ], [ 4526750, 3079450 ], [ 4527050, 3079450 ], [ 4524550, 3079550 ], [ 4524650, 3079550 ], [ 4524750, 3079550 ], [ 4524850, 3079550 ], [ 4526850, 3079550 ], [ 4524050, 3079650 ], [ 4524250, 3079650 ], [ 4524350, 3079650 ], [ 4524650, 3079650 ], [ 4524750, 3079650 ], [ 4524850, 3079650 ], [ 4527550, 3079650 ], [ 4524050, 3079750 ], [ 4524150, 3079750 ], [ 4524350, 3079750 ], [ 4524550, 3079750 ], [ 4524650, 3079750 ], [ 4524750, 3079750 ], [ 4524850, 3079750 ], [ 4524950, 3079750 ], [ 4525050, 3079750 ], [ 4525550, 3079750 ], [ 4524350, 3079850 ], [ 4524550, 3079850 ], [ 4524650, 3079850 ], [ 4524750, 3079850 ], [ 4524850, 3079850 ], [ 4524950, 3079850 ], [ 4525050, 3079850 ], [ 4525150, 3079850 ], [ 4525250, 3079850 ], [ 4525650, 3079850 ], [ 4525750, 3079850 ], [ 4524250, 3079950 ], [ 4524350, 3079950 ], [ 4524450, 3079950 ], [ 4524550, 3079950 ], [ 4524850, 3079950 ], [ 4524950, 3079950 ], [ 4525050, 3079950 ], [ 4525150, 3079950 ], [ 4525250, 3079950 ], [ 4525350, 3079950 ], [ 4525550, 3079950 ], [ 4525650, 3079950 ], [ 4525750, 3079950 ], [ 4525850, 3079950 ], [ 4526450, 3079950 ], [ 4527350, 3079950 ], [ 4527450, 3079950 ], [ 4527650, 3079950 ], [ 4525050, 3080050 ], [ 4525150, 3080050 ], [ 4525250, 3080050 ], [ 4525450, 3080050 ], [ 4525550, 3080050 ], [ 4525650, 3080050 ], [ 4525750, 3080050 ], [ 4525850, 3080050 ], [ 4527150, 3080050 ], [ 4527250, 3080050 ], [ 4527550, 3080050 ], [ 4525150, 3080150 ], [ 4525250, 3080150 ], [ 4525350, 3080150 ], [ 4525450, 3080150 ], [ 4525550, 3080150 ], [ 4526450, 3080150 ], [ 4527250, 3080150 ], [ 4527350, 3080150 ], [ 4527950, 3080150 ], [ 4525250, 3080250 ], [ 4525450, 3080250 ], [ 4526350, 3080250 ], [ 4526450, 3080250 ], [ 4527950, 3080250 ], [ 4531050, 3080250 ], [ 4525150, 3080350 ], [ 4526750, 3080350 ], [ 4528550, 3080350 ], [ 4528350, 3080450 ], [ 4528550, 3080450 ], [ 4525050, 3080550 ], [ 4525150, 3080550 ], [ 4525250, 3080550 ], [ 4526350, 3080550 ], [ 4528450, 3080550 ], [ 4529350, 3080550 ], [ 4529650, 3080550 ], [ 4529750, 3080550 ], [ 4529850, 3080550 ], [ 4529950, 3080550 ], [ 4524650, 3080650 ], [ 4524750, 3080650 ], [ 4524850, 3080650 ], [ 4524950, 3080650 ], [ 4525050, 3080650 ], [ 4525150, 3080650 ], [ 4525250, 3080650 ], [ 4528950, 3080650 ], [ 4524550, 3080750 ], [ 4524650, 3080750 ], [ 4524750, 3080750 ], [ 4524850, 3080750 ], [ 4524950, 3080750 ], [ 4525050, 3080750 ], [ 4525150, 3080750 ], [ 4525250, 3080750 ], [ 4526150, 3080750 ], [ 4531150, 3080750 ], [ 4524250, 3080850 ], [ 4524350, 3080850 ], [ 4524650, 3080850 ], [ 4524750, 3080850 ], [ 4524850, 3080850 ], [ 4525050, 3080850 ], [ 4529250, 3080850 ], [ 4531150, 3080850 ], [ 4524250, 3080950 ], [ 4524350, 3080950 ], [ 4524550, 3080950 ], [ 4524650, 3080950 ], [ 4526050, 3080950 ], [ 4529250, 3080950 ], [ 4524050, 3081050 ], [ 4524150, 3081050 ], [ 4524650, 3081050 ], [ 4524750, 3081050 ], [ 4523950, 3081150 ], [ 4524050, 3081150 ], [ 4524150, 3081150 ], [ 4524250, 3081150 ], [ 4524450, 3081150 ], [ 4524550, 3081150 ], [ 4524650, 3081150 ], [ 4524750, 3081150 ], [ 4525050, 3081150 ], [ 4525250, 3081150 ], [ 4528850, 3081150 ], [ 4524050, 3081250 ], [ 4524150, 3081250 ], [ 4524250, 3081250 ], [ 4524350, 3081250 ], [ 4524450, 3081250 ], [ 4524550, 3081250 ], [ 4524650, 3081250 ], [ 4524750, 3081250 ], [ 4524850, 3081250 ], [ 4525050, 3081250 ], [ 4525150, 3081250 ], [ 4525250, 3081250 ], [ 4528450, 3081250 ], [ 4528550, 3081250 ], [ 4529550, 3081250 ], [ 4531450, 3081250 ], [ 4524250, 3081350 ], [ 4524350, 3081350 ], [ 4524450, 3081350 ], [ 4524550, 3081350 ], [ 4524650, 3081350 ], [ 4524950, 3081350 ], [ 4525050, 3081350 ], [ 4525250, 3081350 ], [ 4526450, 3081350 ], [ 4528450, 3081350 ], [ 4528550, 3081350 ], [ 4528750, 3081350 ], [ 4530750, 3081350 ], [ 4531450, 3081350 ], [ 4523050, 3081450 ], [ 4524450, 3081450 ], [ 4524550, 3081450 ], [ 4524650, 3081450 ], [ 4524750, 3081450 ], [ 4524850, 3081450 ], [ 4524950, 3081450 ], [ 4525050, 3081450 ], [ 4525150, 3081450 ], [ 4525250, 3081450 ], [ 4525350, 3081450 ], [ 4526250, 3081450 ], [ 4526550, 3081450 ], [ 4528450, 3081450 ], [ 4528550, 3081450 ], [ 4531250, 3081450 ], [ 4524450, 3081550 ], [ 4524550, 3081550 ], [ 4524650, 3081550 ], [ 4524750, 3081550 ], [ 4524950, 3081550 ], [ 4525050, 3081550 ], [ 4525150, 3081550 ], [ 4525250, 3081550 ], [ 4525350, 3081550 ], [ 4526150, 3081550 ], [ 4526250, 3081550 ], [ 4526350, 3081550 ], [ 4526450, 3081550 ], [ 4526550, 3081550 ], [ 4528050, 3081550 ], [ 4528650, 3081550 ], [ 4531050, 3081550 ], [ 4531250, 3081550 ], [ 4531450, 3081550 ], [ 4524550, 3081650 ], [ 4524750, 3081650 ], [ 4524850, 3081650 ], [ 4524950, 3081650 ], [ 4525050, 3081650 ], [ 4525150, 3081650 ], [ 4525350, 3081650 ], [ 4525650, 3081650 ], [ 4526250, 3081650 ], [ 4526350, 3081650 ], [ 4526450, 3081650 ], [ 4526550, 3081650 ], [ 4528650, 3081650 ], [ 4531250, 3081650 ], [ 4531350, 3081650 ], [ 4524650, 3081750 ], [ 4524750, 3081750 ], [ 4524850, 3081750 ], [ 4525250, 3081750 ], [ 4525350, 3081750 ], [ 4526150, 3081750 ], [ 4526250, 3081750 ], [ 4526350, 3081750 ], [ 4526550, 3081750 ], [ 4528650, 3081750 ], [ 4528750, 3081750 ], [ 4528850, 3081750 ], [ 4531350, 3081750 ], [ 4523150, 3081850 ], [ 4524850, 3081850 ], [ 4524950, 3081850 ], [ 4525050, 3081850 ], [ 4525250, 3081850 ], [ 4525350, 3081850 ], [ 4525750, 3081850 ], [ 4526050, 3081850 ], [ 4526150, 3081850 ], [ 4526250, 3081850 ], [ 4526350, 3081850 ], [ 4526450, 3081850 ], [ 4526550, 3081850 ], [ 4526650, 3081850 ], [ 4528350, 3081850 ], [ 4528450, 3081850 ], [ 4530650, 3081850 ], [ 4531250, 3081850 ], [ 4523150, 3081950 ], [ 4524850, 3081950 ], [ 4525050, 3081950 ], [ 4525150, 3081950 ], [ 4525350, 3081950 ], [ 4525550, 3081950 ], [ 4526350, 3081950 ], [ 4526450, 3081950 ], [ 4526550, 3081950 ], [ 4528250, 3081950 ], [ 4528350, 3081950 ], [ 4528450, 3081950 ], [ 4528850, 3081950 ], [ 4529750, 3081950 ], [ 4524550, 3082050 ], [ 4524750, 3082050 ], [ 4524850, 3082050 ], [ 4524950, 3082050 ], [ 4525050, 3082050 ], [ 4528350, 3082050 ], [ 4528450, 3082050 ], [ 4528550, 3082050 ], [ 4528850, 3082050 ], [ 4528950, 3082050 ], [ 4529150, 3082050 ], [ 4529250, 3082050 ], [ 4529350, 3082050 ], [ 4523350, 3082150 ], [ 4524550, 3082150 ], [ 4524650, 3082150 ], [ 4524750, 3082150 ], [ 4524850, 3082150 ], [ 4524950, 3082150 ], [ 4525050, 3082150 ], [ 4525150, 3082150 ], [ 4525550, 3082150 ], [ 4528350, 3082150 ], [ 4528450, 3082150 ], [ 4528550, 3082150 ], [ 4528650, 3082150 ], [ 4528750, 3082150 ], [ 4528850, 3082150 ], [ 4528950, 3082150 ], [ 4529250, 3082150 ], [ 4529750, 3082150 ], [ 4530850, 3082150 ], [ 4531150, 3082150 ], [ 4531250, 3082150 ], [ 4531350, 3082150 ], [ 4523350, 3082250 ], [ 4524650, 3082250 ], [ 4524750, 3082250 ], [ 4524850, 3082250 ], [ 4524950, 3082250 ], [ 4525050, 3082250 ], [ 4525150, 3082250 ], [ 4525450, 3082250 ], [ 4525550, 3082250 ], [ 4527550, 3082250 ], [ 4528150, 3082250 ], [ 4528250, 3082250 ], [ 4528350, 3082250 ], [ 4528450, 3082250 ], [ 4528550, 3082250 ], [ 4531050, 3082250 ], [ 4531350, 3082250 ], [ 4524750, 3082350 ], [ 4524850, 3082350 ], [ 4524950, 3082350 ], [ 4525050, 3082350 ], [ 4525150, 3082350 ], [ 4525450, 3082350 ], [ 4525550, 3082350 ], [ 4526050, 3082350 ], [ 4526150, 3082350 ], [ 4528150, 3082350 ], [ 4528250, 3082350 ], [ 4528350, 3082350 ], [ 4528450, 3082350 ], [ 4529350, 3082350 ], [ 4529450, 3082350 ], [ 4530450, 3082350 ], [ 4531150, 3082350 ], [ 4523050, 3082450 ], [ 4524850, 3082450 ], [ 4524950, 3082450 ], [ 4525050, 3082450 ], [ 4525150, 3082450 ], [ 4525350, 3082450 ], [ 4525450, 3082450 ], [ 4525550, 3082450 ], [ 4525850, 3082450 ], [ 4526350, 3082450 ], [ 4527450, 3082450 ], [ 4527950, 3082450 ], [ 4528050, 3082450 ], [ 4528350, 3082450 ], [ 4528450, 3082450 ], [ 4529050, 3082450 ], [ 4529150, 3082450 ], [ 4529250, 3082450 ], [ 4529350, 3082450 ], [ 4529450, 3082450 ], [ 4529550, 3082450 ], [ 4530050, 3082450 ], [ 4531850, 3082450 ], [ 4523050, 3082550 ], [ 4523150, 3082550 ], [ 4523350, 3082550 ], [ 4524850, 3082550 ], [ 4524950, 3082550 ], [ 4525050, 3082550 ], [ 4525250, 3082550 ], [ 4525550, 3082550 ], [ 4525850, 3082550 ], [ 4526050, 3082550 ], [ 4527350, 3082550 ], [ 4527450, 3082550 ], [ 4527850, 3082550 ], [ 4527950, 3082550 ], [ 4528050, 3082550 ], [ 4528150, 3082550 ], [ 4528250, 3082550 ], [ 4528350, 3082550 ], [ 4528750, 3082550 ], [ 4528850, 3082550 ], [ 4528950, 3082550 ], [ 4529050, 3082550 ], [ 4529150, 3082550 ], [ 4529450, 3082550 ], [ 4529550, 3082550 ], [ 4531250, 3082550 ], [ 4531350, 3082550 ], [ 4524750, 3082650 ], [ 4524950, 3082650 ], [ 4525050, 3082650 ], [ 4525150, 3082650 ], [ 4525250, 3082650 ], [ 4525450, 3082650 ], [ 4525550, 3082650 ], [ 4525650, 3082650 ], [ 4526250, 3082650 ], [ 4527350, 3082650 ], [ 4527450, 3082650 ], [ 4527650, 3082650 ], [ 4527750, 3082650 ], [ 4527850, 3082650 ], [ 4528150, 3082650 ], [ 4528750, 3082650 ], [ 4528850, 3082650 ], [ 4528950, 3082650 ], [ 4529050, 3082650 ], [ 4529150, 3082650 ], [ 4529350, 3082650 ], [ 4529450, 3082650 ], [ 4529550, 3082650 ], [ 4530250, 3082650 ], [ 4530450, 3082650 ], [ 4530850, 3082650 ], [ 4531750, 3082650 ], [ 4523750, 3082750 ], [ 4524850, 3082750 ], [ 4525250, 3082750 ], [ 4525350, 3082750 ], [ 4525450, 3082750 ], [ 4525550, 3082750 ], [ 4525650, 3082750 ], [ 4525750, 3082750 ], [ 4525950, 3082750 ], [ 4527250, 3082750 ], [ 4527950, 3082750 ], [ 4528050, 3082750 ], [ 4528650, 3082750 ], [ 4528750, 3082750 ], [ 4529050, 3082750 ], [ 4529150, 3082750 ], [ 4529350, 3082750 ], [ 4529450, 3082750 ], [ 4530750, 3082750 ], [ 4524350, 3082850 ], [ 4524450, 3082850 ], [ 4524550, 3082850 ], [ 4525250, 3082850 ], [ 4525350, 3082850 ], [ 4525450, 3082850 ], [ 4525550, 3082850 ], [ 4525650, 3082850 ], [ 4525750, 3082850 ], [ 4525850, 3082850 ], [ 4525950, 3082850 ], [ 4526050, 3082850 ], [ 4527350, 3082850 ], [ 4527550, 3082850 ], [ 4527650, 3082850 ], [ 4528150, 3082850 ], [ 4528350, 3082850 ], [ 4528550, 3082850 ], [ 4528650, 3082850 ], [ 4529250, 3082850 ], [ 4529350, 3082850 ], [ 4529450, 3082850 ], [ 4529550, 3082850 ], [ 4529650, 3082850 ], [ 4529750, 3082850 ], [ 4523750, 3082950 ], [ 4524450, 3082950 ], [ 4524750, 3082950 ], [ 4524850, 3082950 ], [ 4525350, 3082950 ], [ 4525450, 3082950 ], [ 4525550, 3082950 ], [ 4525650, 3082950 ], [ 4525750, 3082950 ], [ 4525950, 3082950 ], [ 4526050, 3082950 ], [ 4526450, 3082950 ], [ 4527250, 3082950 ], [ 4527350, 3082950 ], [ 4527450, 3082950 ], [ 4527550, 3082950 ], [ 4527650, 3082950 ], [ 4527750, 3082950 ], [ 4527850, 3082950 ], [ 4528150, 3082950 ], [ 4528350, 3082950 ], [ 4529350, 3082950 ], [ 4529450, 3082950 ], [ 4529550, 3082950 ], [ 4529650, 3082950 ], [ 4529750, 3082950 ], [ 4524750, 3083050 ], [ 4524850, 3083050 ], [ 4525450, 3083050 ], [ 4525550, 3083050 ], [ 4525650, 3083050 ], [ 4525750, 3083050 ], [ 4525950, 3083050 ], [ 4526050, 3083050 ], [ 4526150, 3083050 ], [ 4526350, 3083050 ], [ 4527250, 3083050 ], [ 4527350, 3083050 ], [ 4527450, 3083050 ], [ 4527550, 3083050 ], [ 4527650, 3083050 ], [ 4527750, 3083050 ], [ 4527950, 3083050 ], [ 4528350, 3083050 ], [ 4529250, 3083050 ], [ 4529350, 3083050 ], [ 4529450, 3083050 ], [ 4529550, 3083050 ], [ 4529650, 3083050 ], [ 4529750, 3083050 ], [ 4529950, 3083050 ], [ 4530050, 3083050 ], [ 4525650, 3083150 ], [ 4525750, 3083150 ], [ 4525850, 3083150 ], [ 4525950, 3083150 ], [ 4526050, 3083150 ], [ 4526150, 3083150 ], [ 4526250, 3083150 ], [ 4526350, 3083150 ], [ 4526450, 3083150 ], [ 4527350, 3083150 ], [ 4527450, 3083150 ], [ 4527550, 3083150 ], [ 4527650, 3083150 ], [ 4527750, 3083150 ], [ 4527850, 3083150 ], [ 4528050, 3083150 ], [ 4529050, 3083150 ], [ 4529350, 3083150 ], [ 4529450, 3083150 ], [ 4529550, 3083150 ], [ 4529650, 3083150 ], [ 4529750, 3083150 ], [ 4529850, 3083150 ], [ 4529950, 3083150 ], [ 4530050, 3083150 ], [ 4523550, 3083250 ], [ 4523950, 3083250 ], [ 4525050, 3083250 ], [ 4525750, 3083250 ], [ 4525850, 3083250 ], [ 4525950, 3083250 ], [ 4526350, 3083250 ], [ 4526450, 3083250 ], [ 4526550, 3083250 ], [ 4526650, 3083250 ], [ 4526850, 3083250 ], [ 4526950, 3083250 ], [ 4527050, 3083250 ], [ 4527350, 3083250 ], [ 4527450, 3083250 ], [ 4527550, 3083250 ], [ 4527650, 3083250 ], [ 4527750, 3083250 ], [ 4527950, 3083250 ], [ 4528250, 3083250 ], [ 4529150, 3083250 ], [ 4529350, 3083250 ], [ 4529450, 3083250 ], [ 4529950, 3083250 ], [ 4530150, 3083250 ], [ 4523750, 3083350 ], [ 4525250, 3083350 ], [ 4525950, 3083350 ], [ 4526050, 3083350 ], [ 4526250, 3083350 ], [ 4526350, 3083350 ], [ 4526750, 3083350 ], [ 4526850, 3083350 ], [ 4526950, 3083350 ], [ 4527050, 3083350 ], [ 4527450, 3083350 ], [ 4527550, 3083350 ], [ 4527650, 3083350 ], [ 4527850, 3083350 ], [ 4528250, 3083350 ], [ 4528550, 3083350 ], [ 4529350, 3083350 ], [ 4529950, 3083350 ], [ 4530150, 3083350 ], [ 4530250, 3083350 ], [ 4530750, 3083350 ], [ 4530850, 3083350 ], [ 4530950, 3083350 ], [ 4525050, 3083450 ], [ 4525150, 3083450 ], [ 4525250, 3083450 ], [ 4525650, 3083450 ], [ 4526050, 3083450 ], [ 4526250, 3083450 ], [ 4526350, 3083450 ], [ 4526750, 3083450 ], [ 4526850, 3083450 ], [ 4526950, 3083450 ], [ 4527050, 3083450 ], [ 4527150, 3083450 ], [ 4527250, 3083450 ], [ 4527350, 3083450 ], [ 4527650, 3083450 ], [ 4527750, 3083450 ], [ 4527950, 3083450 ], [ 4528050, 3083450 ], [ 4528150, 3083450 ], [ 4528350, 3083450 ], [ 4528450, 3083450 ], [ 4528550, 3083450 ], [ 4529350, 3083450 ], [ 4529450, 3083450 ], [ 4529550, 3083450 ], [ 4529650, 3083450 ], [ 4529950, 3083450 ], [ 4530050, 3083450 ], [ 4530150, 3083450 ], [ 4530250, 3083450 ], [ 4531050, 3083450 ], [ 4525050, 3083550 ], [ 4525150, 3083550 ], [ 4525250, 3083550 ], [ 4525650, 3083550 ], [ 4526750, 3083550 ], [ 4526850, 3083550 ], [ 4526950, 3083550 ], [ 4527050, 3083550 ], [ 4527150, 3083550 ], [ 4527250, 3083550 ], [ 4527350, 3083550 ], [ 4527850, 3083550 ], [ 4527950, 3083550 ], [ 4528050, 3083550 ], [ 4528350, 3083550 ], [ 4528450, 3083550 ], [ 4529350, 3083550 ], [ 4529450, 3083550 ], [ 4529550, 3083550 ], [ 4529650, 3083550 ], [ 4530050, 3083550 ], [ 4531350, 3083550 ], [ 4524950, 3083650 ], [ 4525050, 3083650 ], [ 4525150, 3083650 ], [ 4525250, 3083650 ], [ 4525350, 3083650 ], [ 4525450, 3083650 ], [ 4525550, 3083650 ], [ 4525650, 3083650 ], [ 4525750, 3083650 ], [ 4525950, 3083650 ], [ 4526650, 3083650 ], [ 4526950, 3083650 ], [ 4527050, 3083650 ], [ 4527150, 3083650 ], [ 4527250, 3083650 ], [ 4527750, 3083650 ], [ 4527850, 3083650 ], [ 4527950, 3083650 ], [ 4528050, 3083650 ], [ 4528150, 3083650 ], [ 4528250, 3083650 ], [ 4529250, 3083650 ], [ 4529350, 3083650 ], [ 4529450, 3083650 ], [ 4529550, 3083650 ], [ 4529650, 3083650 ], [ 4529850, 3083650 ], [ 4529950, 3083650 ], [ 4531350, 3083650 ], [ 4524550, 3083750 ], [ 4524750, 3083750 ], [ 4524850, 3083750 ], [ 4524950, 3083750 ], [ 4525050, 3083750 ], [ 4525150, 3083750 ], [ 4525250, 3083750 ], [ 4525350, 3083750 ], [ 4525450, 3083750 ], [ 4525550, 3083750 ], [ 4525750, 3083750 ], [ 4525850, 3083750 ], [ 4526250, 3083750 ], [ 4526550, 3083750 ], [ 4526650, 3083750 ], [ 4526750, 3083750 ], [ 4526850, 3083750 ], [ 4526950, 3083750 ], [ 4527050, 3083750 ], [ 4527150, 3083750 ], [ 4527750, 3083750 ], [ 4527850, 3083750 ], [ 4528150, 3083750 ], [ 4528250, 3083750 ], [ 4528350, 3083750 ], [ 4529150, 3083750 ], [ 4529250, 3083750 ], [ 4529350, 3083750 ], [ 4529450, 3083750 ], [ 4529550, 3083750 ], [ 4523650, 3083850 ], [ 4524250, 3083850 ], [ 4524450, 3083850 ], [ 4524550, 3083850 ], [ 4524750, 3083850 ], [ 4524850, 3083850 ], [ 4525050, 3083850 ], [ 4525250, 3083850 ], [ 4525350, 3083850 ], [ 4525450, 3083850 ], [ 4525650, 3083850 ], [ 4525850, 3083850 ], [ 4525950, 3083850 ], [ 4526050, 3083850 ], [ 4526150, 3083850 ], [ 4526250, 3083850 ], [ 4526350, 3083850 ], [ 4526550, 3083850 ], [ 4526750, 3083850 ], [ 4526850, 3083850 ], [ 4526950, 3083850 ], [ 4527050, 3083850 ], [ 4527150, 3083850 ], [ 4527550, 3083850 ], [ 4527650, 3083850 ], [ 4527750, 3083850 ], [ 4528250, 3083850 ], [ 4528350, 3083850 ], [ 4528750, 3083850 ], [ 4528950, 3083850 ], [ 4529050, 3083850 ], [ 4529150, 3083850 ], [ 4523650, 3083950 ], [ 4524250, 3083950 ], [ 4524350, 3083950 ], [ 4524450, 3083950 ], [ 4524550, 3083950 ], [ 4524750, 3083950 ], [ 4525050, 3083950 ], [ 4525250, 3083950 ], [ 4525350, 3083950 ], [ 4525450, 3083950 ], [ 4525550, 3083950 ], [ 4525650, 3083950 ], [ 4525750, 3083950 ], [ 4525850, 3083950 ], [ 4525950, 3083950 ], [ 4526050, 3083950 ], [ 4526150, 3083950 ], [ 4526350, 3083950 ], [ 4526550, 3083950 ], [ 4526650, 3083950 ], [ 4526750, 3083950 ], [ 4526850, 3083950 ], [ 4526950, 3083950 ], [ 4527050, 3083950 ], [ 4527550, 3083950 ], [ 4527650, 3083950 ], [ 4528150, 3083950 ], [ 4528250, 3083950 ], [ 4528850, 3083950 ], [ 4528950, 3083950 ], [ 4529050, 3083950 ], [ 4529150, 3083950 ], [ 4529450, 3083950 ], [ 4529550, 3083950 ], [ 4529750, 3083950 ], [ 4529850, 3083950 ], [ 4523450, 3084050 ], [ 4523850, 3084050 ], [ 4523950, 3084050 ], [ 4524350, 3084050 ], [ 4524450, 3084050 ], [ 4524550, 3084050 ], [ 4525150, 3084050 ], [ 4525250, 3084050 ], [ 4525350, 3084050 ], [ 4525450, 3084050 ], [ 4525550, 3084050 ], [ 4525650, 3084050 ], [ 4525750, 3084050 ], [ 4525850, 3084050 ], [ 4525950, 3084050 ], [ 4526050, 3084050 ], [ 4526150, 3084050 ], [ 4526350, 3084050 ], [ 4526550, 3084050 ], [ 4526650, 3084050 ], [ 4526750, 3084050 ], [ 4526950, 3084050 ], [ 4527050, 3084050 ], [ 4527750, 3084050 ], [ 4528750, 3084050 ], [ 4528850, 3084050 ], [ 4529050, 3084050 ], [ 4529150, 3084050 ], [ 4529550, 3084050 ], [ 4529650, 3084050 ], [ 4529750, 3084050 ], [ 4529850, 3084050 ], [ 4529950, 3084050 ], [ 4530050, 3084050 ], [ 4522650, 3084150 ], [ 4523850, 3084150 ], [ 4523950, 3084150 ], [ 4524350, 3084150 ], [ 4524450, 3084150 ], [ 4524650, 3084150 ], [ 4524950, 3084150 ], [ 4525050, 3084150 ], [ 4525150, 3084150 ], [ 4525250, 3084150 ], [ 4525350, 3084150 ], [ 4525450, 3084150 ], [ 4525550, 3084150 ], [ 4525650, 3084150 ], [ 4526050, 3084150 ], [ 4526350, 3084150 ], [ 4526450, 3084150 ], [ 4526550, 3084150 ], [ 4527150, 3084150 ], [ 4527250, 3084150 ], [ 4528150, 3084150 ], [ 4528750, 3084150 ], [ 4529150, 3084150 ], [ 4529350, 3084150 ], [ 4529450, 3084150 ], [ 4529550, 3084150 ], [ 4529650, 3084150 ], [ 4529750, 3084150 ], [ 4529850, 3084150 ], [ 4529950, 3084150 ], [ 4530050, 3084150 ], [ 4530150, 3084150 ], [ 4523950, 3084250 ], [ 4524250, 3084250 ], [ 4524350, 3084250 ], [ 4524450, 3084250 ], [ 4524550, 3084250 ], [ 4524650, 3084250 ], [ 4525050, 3084250 ], [ 4525150, 3084250 ], [ 4525250, 3084250 ], [ 4525350, 3084250 ], [ 4525450, 3084250 ], [ 4525550, 3084250 ], [ 4525650, 3084250 ], [ 4525850, 3084250 ], [ 4526050, 3084250 ], [ 4526150, 3084250 ], [ 4526350, 3084250 ], [ 4526550, 3084250 ], [ 4526850, 3084250 ], [ 4527150, 3084250 ], [ 4527250, 3084250 ], [ 4527350, 3084250 ], [ 4527450, 3084250 ], [ 4527650, 3084250 ], [ 4527750, 3084250 ], [ 4527850, 3084250 ], [ 4527950, 3084250 ], [ 4528050, 3084250 ], [ 4528150, 3084250 ], [ 4528250, 3084250 ], [ 4528550, 3084250 ], [ 4528650, 3084250 ], [ 4528750, 3084250 ], [ 4528850, 3084250 ], [ 4528950, 3084250 ], [ 4529350, 3084250 ], [ 4529450, 3084250 ], [ 4529550, 3084250 ], [ 4529750, 3084250 ], [ 4529850, 3084250 ], [ 4530050, 3084250 ], [ 4530150, 3084250 ], [ 4530250, 3084250 ], [ 4530350, 3084250 ], [ 4522650, 3084350 ], [ 4522850, 3084350 ], [ 4524250, 3084350 ], [ 4524450, 3084350 ], [ 4524650, 3084350 ], [ 4524750, 3084350 ], [ 4524850, 3084350 ], [ 4524950, 3084350 ], [ 4525250, 3084350 ], [ 4525350, 3084350 ], [ 4525450, 3084350 ], [ 4525550, 3084350 ], [ 4525650, 3084350 ], [ 4525850, 3084350 ], [ 4525950, 3084350 ], [ 4526050, 3084350 ], [ 4526150, 3084350 ], [ 4526250, 3084350 ], [ 4526350, 3084350 ], [ 4526450, 3084350 ], [ 4526550, 3084350 ], [ 4526850, 3084350 ], [ 4527150, 3084350 ], [ 4527250, 3084350 ], [ 4527350, 3084350 ], [ 4527450, 3084350 ], [ 4527550, 3084350 ], [ 4527650, 3084350 ], [ 4527750, 3084350 ], [ 4527850, 3084350 ], [ 4527950, 3084350 ], [ 4528050, 3084350 ], [ 4528150, 3084350 ], [ 4528550, 3084350 ], [ 4528850, 3084350 ], [ 4529250, 3084350 ], [ 4529450, 3084350 ], [ 4529550, 3084350 ], [ 4529650, 3084350 ], [ 4529750, 3084350 ], [ 4529850, 3084350 ], [ 4530050, 3084350 ], [ 4530150, 3084350 ], [ 4530250, 3084350 ], [ 4530350, 3084350 ], [ 4530450, 3084350 ], [ 4523650, 3084450 ], [ 4524650, 3084450 ], [ 4524750, 3084450 ], [ 4524950, 3084450 ], [ 4525150, 3084450 ], [ 4525450, 3084450 ], [ 4525550, 3084450 ], [ 4525650, 3084450 ], [ 4525750, 3084450 ], [ 4525950, 3084450 ], [ 4526050, 3084450 ], [ 4526350, 3084450 ], [ 4526450, 3084450 ], [ 4526550, 3084450 ], [ 4526850, 3084450 ], [ 4527250, 3084450 ], [ 4527350, 3084450 ], [ 4527450, 3084450 ], [ 4527550, 3084450 ], [ 4527650, 3084450 ], [ 4527750, 3084450 ], [ 4527850, 3084450 ], [ 4527950, 3084450 ], [ 4528050, 3084450 ], [ 4528150, 3084450 ], [ 4528950, 3084450 ], [ 4529150, 3084450 ], [ 4529250, 3084450 ], [ 4529450, 3084450 ], [ 4530050, 3084450 ], [ 4530150, 3084450 ], [ 4530250, 3084450 ], [ 4523250, 3084550 ], [ 4523550, 3084550 ], [ 4523650, 3084550 ], [ 4523750, 3084550 ], [ 4523850, 3084550 ], [ 4524750, 3084550 ], [ 4524850, 3084550 ], [ 4525050, 3084550 ], [ 4525150, 3084550 ], [ 4525250, 3084550 ], [ 4525450, 3084550 ], [ 4525550, 3084550 ], [ 4525650, 3084550 ], [ 4525950, 3084550 ], [ 4526350, 3084550 ], [ 4526450, 3084550 ], [ 4527050, 3084550 ], [ 4527450, 3084550 ], [ 4527550, 3084550 ], [ 4527650, 3084550 ], [ 4527750, 3084550 ], [ 4527850, 3084550 ], [ 4527950, 3084550 ], [ 4528050, 3084550 ], [ 4528150, 3084550 ], [ 4529150, 3084550 ], [ 4529250, 3084550 ], [ 4529550, 3084550 ], [ 4529950, 3084550 ], [ 4530050, 3084550 ], [ 4530150, 3084550 ], [ 4523650, 3084650 ], [ 4523750, 3084650 ], [ 4523850, 3084650 ], [ 4524050, 3084650 ], [ 4524150, 3084650 ], [ 4524250, 3084650 ], [ 4525050, 3084650 ], [ 4525150, 3084650 ], [ 4525250, 3084650 ], [ 4525350, 3084650 ], [ 4525450, 3084650 ], [ 4525550, 3084650 ], [ 4525650, 3084650 ], [ 4525750, 3084650 ], [ 4525850, 3084650 ], [ 4525950, 3084650 ], [ 4526450, 3084650 ], [ 4526550, 3084650 ], [ 4526750, 3084650 ], [ 4527050, 3084650 ], [ 4527150, 3084650 ], [ 4527250, 3084650 ], [ 4527450, 3084650 ], [ 4527550, 3084650 ], [ 4527650, 3084650 ], [ 4527750, 3084650 ], [ 4527850, 3084650 ], [ 4527950, 3084650 ], [ 4528050, 3084650 ], [ 4528150, 3084650 ], [ 4528250, 3084650 ], [ 4528350, 3084650 ], [ 4528450, 3084650 ], [ 4528550, 3084650 ], [ 4529150, 3084650 ], [ 4529250, 3084650 ], [ 4529350, 3084650 ], [ 4529450, 3084650 ], [ 4529550, 3084650 ], [ 4529650, 3084650 ], [ 4529850, 3084650 ], [ 4529950, 3084650 ], [ 4523550, 3084750 ], [ 4523650, 3084750 ], [ 4523750, 3084750 ], [ 4523850, 3084750 ], [ 4523950, 3084750 ], [ 4524050, 3084750 ], [ 4524250, 3084750 ], [ 4524350, 3084750 ], [ 4524450, 3084750 ], [ 4525150, 3084750 ], [ 4525250, 3084750 ], [ 4525350, 3084750 ], [ 4525450, 3084750 ], [ 4525550, 3084750 ], [ 4526350, 3084750 ], [ 4526450, 3084750 ], [ 4526550, 3084750 ], [ 4526650, 3084750 ], [ 4527050, 3084750 ], [ 4527150, 3084750 ], [ 4527450, 3084750 ], [ 4527650, 3084750 ], [ 4527750, 3084750 ], [ 4527850, 3084750 ], [ 4527950, 3084750 ], [ 4528050, 3084750 ], [ 4528150, 3084750 ], [ 4528250, 3084750 ], [ 4528350, 3084750 ], [ 4528450, 3084750 ], [ 4528550, 3084750 ], [ 4529150, 3084750 ], [ 4529250, 3084750 ], [ 4529350, 3084750 ], [ 4529450, 3084750 ], [ 4529550, 3084750 ], [ 4529650, 3084750 ], [ 4529750, 3084750 ], [ 4529850, 3084750 ], [ 4523150, 3084850 ], [ 4523550, 3084850 ], [ 4523850, 3084850 ], [ 4523950, 3084850 ], [ 4524050, 3084850 ], [ 4524150, 3084850 ], [ 4524250, 3084850 ], [ 4524350, 3084850 ], [ 4524450, 3084850 ], [ 4524550, 3084850 ], [ 4525250, 3084850 ], [ 4525450, 3084850 ], [ 4525550, 3084850 ], [ 4525650, 3084850 ], [ 4526350, 3084850 ], [ 4526450, 3084850 ], [ 4526550, 3084850 ], [ 4526650, 3084850 ], [ 4526750, 3084850 ], [ 4526850, 3084850 ], [ 4527150, 3084850 ], [ 4527650, 3084850 ], [ 4527750, 3084850 ], [ 4527950, 3084850 ], [ 4528050, 3084850 ], [ 4528150, 3084850 ], [ 4528250, 3084850 ], [ 4528350, 3084850 ], [ 4529250, 3084850 ], [ 4529350, 3084850 ], [ 4529750, 3084850 ], [ 4529850, 3084850 ], [ 4529950, 3084850 ], [ 4523150, 3084950 ], [ 4523250, 3084950 ], [ 4523450, 3084950 ], [ 4523550, 3084950 ], [ 4523650, 3084950 ], [ 4523750, 3084950 ], [ 4523850, 3084950 ], [ 4524350, 3084950 ], [ 4524450, 3084950 ], [ 4525250, 3084950 ], [ 4525450, 3084950 ], [ 4525550, 3084950 ], [ 4526050, 3084950 ], [ 4526150, 3084950 ], [ 4526250, 3084950 ], [ 4526750, 3084950 ], [ 4526850, 3084950 ], [ 4526950, 3084950 ], [ 4527650, 3084950 ], [ 4527750, 3084950 ], [ 4527950, 3084950 ], [ 4528050, 3084950 ], [ 4528150, 3084950 ], [ 4528350, 3084950 ], [ 4528450, 3084950 ], [ 4528550, 3084950 ], [ 4528750, 3084950 ], [ 4529450, 3084950 ], [ 4529550, 3084950 ], [ 4523050, 3085050 ], [ 4523150, 3085050 ], [ 4523250, 3085050 ], [ 4523550, 3085050 ], [ 4523650, 3085050 ], [ 4523750, 3085050 ], [ 4523850, 3085050 ], [ 4523950, 3085050 ], [ 4524050, 3085050 ], [ 4524250, 3085050 ], [ 4524350, 3085050 ], [ 4524750, 3085050 ], [ 4524850, 3085050 ], [ 4525250, 3085050 ], [ 4525350, 3085050 ], [ 4525450, 3085050 ], [ 4525550, 3085050 ], [ 4525650, 3085050 ], [ 4525850, 3085050 ], [ 4526650, 3085050 ], [ 4526750, 3085050 ], [ 4526850, 3085050 ], [ 4526950, 3085050 ], [ 4527650, 3085050 ], [ 4527750, 3085050 ], [ 4528050, 3085050 ], [ 4528150, 3085050 ], [ 4528350, 3085050 ], [ 4529550, 3085050 ], [ 4523150, 3085150 ], [ 4523250, 3085150 ], [ 4523350, 3085150 ], [ 4523750, 3085150 ], [ 4523850, 3085150 ], [ 4523950, 3085150 ], [ 4524050, 3085150 ], [ 4524150, 3085150 ], [ 4524250, 3085150 ], [ 4524350, 3085150 ], [ 4524850, 3085150 ], [ 4525350, 3085150 ], [ 4525450, 3085150 ], [ 4525550, 3085150 ], [ 4525650, 3085150 ], [ 4526450, 3085150 ], [ 4526550, 3085150 ], [ 4526650, 3085150 ], [ 4526850, 3085150 ], [ 4526950, 3085150 ], [ 4527750, 3085150 ], [ 4527850, 3085150 ], [ 4528150, 3085150 ], [ 4528250, 3085150 ], [ 4528350, 3085150 ], [ 4523050, 3085250 ], [ 4523150, 3085250 ], [ 4523250, 3085250 ], [ 4523650, 3085250 ], [ 4523850, 3085250 ], [ 4524150, 3085250 ], [ 4524250, 3085250 ], [ 4524950, 3085250 ], [ 4525250, 3085250 ], [ 4525550, 3085250 ], [ 4525650, 3085250 ], [ 4525750, 3085250 ], [ 4526450, 3085250 ], [ 4526550, 3085250 ], [ 4526650, 3085250 ], [ 4526850, 3085250 ], [ 4526950, 3085250 ], [ 4527050, 3085250 ], [ 4527750, 3085250 ], [ 4527850, 3085250 ], [ 4527950, 3085250 ], [ 4528250, 3085250 ], [ 4528350, 3085250 ], [ 4529850, 3085250 ], [ 4523050, 3085350 ], [ 4523150, 3085350 ], [ 4523850, 3085350 ], [ 4523950, 3085350 ], [ 4524950, 3085350 ], [ 4525150, 3085350 ], [ 4525250, 3085350 ], [ 4525350, 3085350 ], [ 4525450, 3085350 ], [ 4525550, 3085350 ], [ 4525650, 3085350 ], [ 4525750, 3085350 ], [ 4525850, 3085350 ], [ 4525950, 3085350 ], [ 4526450, 3085350 ], [ 4526550, 3085350 ], [ 4526850, 3085350 ], [ 4526950, 3085350 ], [ 4527050, 3085350 ], [ 4527150, 3085350 ], [ 4527850, 3085350 ], [ 4523050, 3085450 ], [ 4523150, 3085450 ], [ 4523850, 3085450 ], [ 4525050, 3085450 ], [ 4525150, 3085450 ], [ 4525250, 3085450 ], [ 4525350, 3085450 ], [ 4525450, 3085450 ], [ 4525550, 3085450 ], [ 4525650, 3085450 ], [ 4525850, 3085450 ], [ 4525950, 3085450 ], [ 4526450, 3085450 ], [ 4526550, 3085450 ], [ 4526750, 3085450 ], [ 4526850, 3085450 ], [ 4526950, 3085450 ], [ 4527050, 3085450 ], [ 4527150, 3085450 ], [ 4527250, 3085450 ], [ 4527350, 3085450 ], [ 4524450, 3085550 ], [ 4525050, 3085550 ], [ 4525150, 3085550 ], [ 4525350, 3085550 ], [ 4525450, 3085550 ], [ 4525650, 3085550 ], [ 4525750, 3085550 ], [ 4525850, 3085550 ], [ 4525950, 3085550 ], [ 4526050, 3085550 ], [ 4526550, 3085550 ], [ 4526850, 3085550 ], [ 4526950, 3085550 ], [ 4527050, 3085550 ], [ 4527150, 3085550 ], [ 4527250, 3085550 ], [ 4527350, 3085550 ], [ 4527450, 3085550 ], [ 4525150, 3085650 ], [ 4525450, 3085650 ], [ 4525550, 3085650 ], [ 4525850, 3085650 ], [ 4526450, 3085650 ], [ 4526850, 3085650 ], [ 4526950, 3085650 ], [ 4527050, 3085650 ], [ 4527150, 3085650 ], [ 4527250, 3085650 ], [ 4527450, 3085650 ], [ 4528250, 3085650 ], [ 4525450, 3085750 ], [ 4526750, 3085750 ], [ 4526850, 3085750 ], [ 4526950, 3085750 ], [ 4527050, 3085750 ], [ 4527150, 3085750 ], [ 4527250, 3085750 ], [ 4527350, 3085750 ], [ 4527450, 3085750 ], [ 4526750, 3085850 ], [ 4526850, 3085850 ], [ 4526950, 3085850 ], [ 4527050, 3085850 ], [ 4527250, 3085850 ], [ 4527450, 3085850 ], [ 4526750, 3085950 ], [ 4526850, 3085950 ], [ 4526950, 3085950 ], [ 4527050, 3085950 ], [ 4527150, 3085950 ], [ 4527250, 3085950 ], [ 4527350, 3085950 ], [ 4526850, 3086050 ], [ 4526950, 3086050 ], [ 4527050, 3086050 ], [ 4527150, 3086050 ], [ 4527250, 3086050 ], [ 4527350, 3086050 ], [ 4528850, 3086050 ], [ 4526450, 3086150 ], [ 4526950, 3086150 ], [ 4527050, 3086150 ], [ 4527150, 3086150 ], [ 4527350, 3086150 ], [ 4527550, 3086150 ], [ 4528650, 3086150 ], [ 4523850, 3086250 ], [ 4523950, 3086250 ], [ 4524250, 3086250 ], [ 4527050, 3086250 ], [ 4527150, 3086250 ], [ 4527450, 3086250 ], [ 4527550, 3086250 ], [ 4527650, 3086250 ], [ 4528150, 3086250 ], [ 4528250, 3086250 ], [ 4528750, 3086250 ], [ 4523950, 3086350 ], [ 4524150, 3086350 ], [ 4527950, 3086350 ], [ 4528150, 3086350 ], [ 4528250, 3086350 ], [ 4528350, 3086350 ], [ 4524050, 3086450 ], [ 4524150, 3086450 ], [ 4524950, 3086450 ], [ 4527950, 3086450 ], [ 4528350, 3086450 ], [ 4528750, 3086450 ], [ 4523450, 3086550 ], [ 4524850, 3086550 ], [ 4525850, 3086550 ], [ 4526050, 3086550 ], [ 4526350, 3086550 ], [ 4527250, 3086550 ], [ 4528150, 3086550 ], [ 4528250, 3086550 ], [ 4528350, 3086550 ], [ 4528650, 3086550 ], [ 4528750, 3086550 ], [ 4528850, 3086550 ], [ 4528950, 3086550 ], [ 4523350, 3086650 ], [ 4523450, 3086650 ], [ 4524150, 3086650 ], [ 4524250, 3086650 ], [ 4525350, 3086650 ], [ 4525950, 3086650 ], [ 4526050, 3086650 ], [ 4526350, 3086650 ], [ 4526450, 3086650 ], [ 4528150, 3086650 ], [ 4528350, 3086650 ], [ 4524050, 3086750 ], [ 4524250, 3086750 ], [ 4524950, 3086750 ], [ 4525350, 3086750 ], [ 4525750, 3086750 ], [ 4525850, 3086750 ], [ 4526250, 3086750 ], [ 4526350, 3086750 ], [ 4526450, 3086750 ], [ 4528350, 3086750 ], [ 4528850, 3086750 ], [ 4524050, 3086850 ], [ 4524150, 3086850 ], [ 4524250, 3086850 ], [ 4525550, 3086850 ], [ 4525650, 3086850 ], [ 4525750, 3086850 ], [ 4526050, 3086850 ], [ 4526150, 3086850 ], [ 4526250, 3086850 ], [ 4528550, 3086850 ], [ 4528650, 3086850 ], [ 4528750, 3086850 ], [ 4528850, 3086850 ], [ 4523250, 3086950 ], [ 4525950, 3086950 ], [ 4526050, 3086950 ], [ 4526150, 3086950 ], [ 4528550, 3086950 ], [ 4524650, 3087050 ], [ 4524750, 3087050 ], [ 4525950, 3087050 ], [ 4526050, 3087050 ], [ 4528650, 3087050 ], [ 4524450, 3087150 ], [ 4525950, 3087150 ], [ 4528650, 3087150 ], [ 4528750, 3087150 ], [ 4528550, 3087650 ], [ 4528950, 3087750 ], [ 4528550, 3087850 ], [ 4529050, 3087850 ], [ 4529050, 3087950 ], [ 4528550, 3088050 ], [ 4529350, 3088050 ], [ 4528250, 3088250 ], [ 4528550, 3088250 ], [ 4529650, 3088250 ], [ 4529750, 3088250 ], [ 4528450, 3088350 ], [ 4529650, 3088450 ], [ 4528550, 3088550 ], [ 4528950, 3088650 ] ] }, "geometry": { "type": "Polygon", "coordinates": [ [ [ 4523550.0, 3078550.0 ], [ 4523650.0, 3078550.0 ], [ 4523650.0, 3078650.0 ], [ 4523750.0, 3078650.0 ], [ 4523750.0, 3078850.0 ], [ 4523750.0, 3078950.0 ], [ 4523750.0, 3079050.0 ], [ 4523750.0, 3079150.0 ], [ 4523850.0, 3079150.0 ], [ 4523950.0, 3079150.0 ], [ 4524050.0, 3079450.0 ], [ 4524050.0, 3079650.0 ], [ 4524050.0, 3079750.0 ], [ 4524150.0, 3079750.0 ], [ 4524250.0, 3079650.0 ], [ 4524350.0, 3079650.0 ], [ 4524350.0, 3079750.0 ], [ 4524350.0, 3079850.0 ], [ 4524350.0, 3079950.0 ], [ 4524250.0, 3079950.0 ], [ 4524650.0, 3080650.0 ], [ 4524650.0, 3080750.0 ], [ 4524550.0, 3080750.0 ], [ 4524350.0, 3080850.0 ], [ 4524250.0, 3080850.0 ], [ 4524250.0, 3080950.0 ], [ 4524150.0, 3081050.0 ], [ 4524050.0, 3081050.0 ], [ 4524050.0, 3081150.0 ], [ 4523950.0, 3081150.0 ], [ 4523050.0, 3081450.0 ], [ 4523150.0, 3081850.0 ], [ 4523150.0, 3081950.0 ], [ 4523350.0, 3082150.0 ], [ 4523350.0, 3082250.0 ], [ 4523050.0, 3082450.0 ], [ 4523050.0, 3082550.0 ], [ 4523150.0, 3082550.0 ], [ 4523350.0, 3082550.0 ], [ 4523750.0, 3082750.0 ], [ 4523750.0, 3082950.0 ], [ 4523550.0, 3083250.0 ], [ 4523750.0, 3083350.0 ], [ 4523650.0, 3083850.0 ], [ 4523650.0, 3083950.0 ], [ 4523450.0, 3084050.0 ], [ 4523650.0, 3084450.0 ], [ 4523650.0, 3084550.0 ], [ 4523550.0, 3084550.0 ], [ 4523250.0, 3084550.0 ], [ 4522650.0, 3084150.0 ], [ 4522650.0, 3084350.0 ], [ 4522850.0, 3084350.0 ], [ 4523150.0, 3084850.0 ], [ 4523150.0, 3084950.0 ], [ 4523050.0, 3085050.0 ], [ 4523150.0, 3085150.0 ], [ 4523150.0, 3085250.0 ], [ 4523050.0, 3085250.0 ], [ 4523050.0, 3085350.0 ], [ 4523050.0, 3085450.0 ], [ 4523150.0, 3085450.0 ], [ 4523150.0, 3085350.0 ], [ 4523250.0, 3085250.0 ], [ 4523250.0, 3085150.0 ], [ 4523350.0, 3085150.0 ], [ 4523450.0, 3084950.0 ], [ 4523550.0, 3084950.0 ], [ 4523550.0, 3085050.0 ], [ 4523650.0, 3085050.0 ], [ 4523650.0, 3085250.0 ], [ 4523750.0, 3085150.0 ], [ 4523850.0, 3085150.0 ], [ 4523850.0, 3085250.0 ], [ 4523850.0, 3085350.0 ], [ 4523850.0, 3085450.0 ], [ 4523850.0, 3086250.0 ], [ 4523450.0, 3086550.0 ], [ 4523350.0, 3086650.0 ], [ 4523250.0, 3086950.0 ], [ 4523450.0, 3086650.0 ], [ 4523950.0, 3086350.0 ], [ 4524050.0, 3086450.0 ], [ 4524150.0, 3086450.0 ], [ 4524150.0, 3086650.0 ], [ 4524050.0, 3086750.0 ], [ 4524050.0, 3086850.0 ], [ 4524150.0, 3086850.0 ], [ 4524250.0, 3086850.0 ], [ 4524450.0, 3087150.0 ], [ 4524650.0, 3087050.0 ], [ 4524750.0, 3087050.0 ], [ 4524950.0, 3086750.0 ], [ 4525350.0, 3086750.0 ], [ 4525550.0, 3086850.0 ], [ 4525650.0, 3086850.0 ], [ 4525750.0, 3086850.0 ], [ 4525750.0, 3086750.0 ], [ 4525850.0, 3086750.0 ], [ 4525950.0, 3086650.0 ], [ 4526050.0, 3086650.0 ], [ 4526050.0, 3086850.0 ], [ 4525950.0, 3086950.0 ], [ 4525950.0, 3087050.0 ], [ 4525950.0, 3087150.0 ], [ 4526050.0, 3087050.0 ], [ 4526050.0, 3086950.0 ], [ 4526150.0, 3086950.0 ], [ 4526150.0, 3086850.0 ], [ 4526250.0, 3086850.0 ], [ 4526250.0, 3086750.0 ], [ 4526350.0, 3086750.0 ], [ 4526450.0, 3086750.0 ], [ 4526450.0, 3086650.0 ], [ 4526350.0, 3086650.0 ], [ 4526350.0, 3086550.0 ], [ 4526450.0, 3086150.0 ], [ 4526750.0, 3085950.0 ], [ 4526850.0, 3085950.0 ], [ 4526850.0, 3086050.0 ], [ 4526950.0, 3086050.0 ], [ 4526950.0, 3086150.0 ], [ 4527050.0, 3086150.0 ], [ 4527050.0, 3086250.0 ], [ 4527150.0, 3086250.0 ], [ 4527250.0, 3086550.0 ], [ 4527450.0, 3086250.0 ], [ 4527550.0, 3086250.0 ], [ 4527650.0, 3086250.0 ], [ 4527950.0, 3086350.0 ], [ 4527950.0, 3086450.0 ], [ 4528150.0, 3086650.0 ], [ 4528250.0, 3086550.0 ], [ 4528350.0, 3086550.0 ], [ 4528350.0, 3086650.0 ], [ 4528350.0, 3086750.0 ], [ 4528550.0, 3086850.0 ], [ 4528550.0, 3086950.0 ], [ 4528650.0, 3087050.0 ], [ 4528650.0, 3087150.0 ], [ 4528550.0, 3087650.0 ], [ 4528550.0, 3087850.0 ], [ 4528550.0, 3088050.0 ], [ 4528250.0, 3088250.0 ], [ 4528450.0, 3088350.0 ], [ 4528550.0, 3088550.0 ], [ 4528950.0, 3088650.0 ], [ 4529650.0, 3088450.0 ], [ 4529650.0, 3088250.0 ], [ 4529750.0, 3088250.0 ], [ 4529350.0, 3088050.0 ], [ 4529050.0, 3087950.0 ], [ 4529050.0, 3087850.0 ], [ 4528950.0, 3087750.0 ], [ 4528750.0, 3087150.0 ], [ 4528750.0, 3086850.0 ], [ 4528850.0, 3086850.0 ], [ 4528850.0, 3086750.0 ], [ 4528850.0, 3086550.0 ], [ 4528950.0, 3086550.0 ], [ 4528750.0, 3086450.0 ], [ 4528750.0, 3086250.0 ], [ 4528650.0, 3086150.0 ], [ 4528850.0, 3086050.0 ], [ 4529850.0, 3085250.0 ], [ 4529850.0, 3084850.0 ], [ 4529950.0, 3084850.0 ], [ 4529950.0, 3084650.0 ], [ 4529950.0, 3084550.0 ], [ 4530050.0, 3084550.0 ], [ 4530150.0, 3084550.0 ], [ 4530150.0, 3084450.0 ], [ 4530250.0, 3084450.0 ], [ 4530250.0, 3084350.0 ], [ 4530350.0, 3084350.0 ], [ 4530450.0, 3084350.0 ], [ 4530350.0, 3084250.0 ], [ 4530250.0, 3084250.0 ], [ 4530150.0, 3084250.0 ], [ 4530150.0, 3084150.0 ], [ 4530050.0, 3084150.0 ], [ 4530050.0, 3084050.0 ], [ 4529950.0, 3084050.0 ], [ 4529850.0, 3084050.0 ], [ 4529850.0, 3083950.0 ], [ 4529850.0, 3083650.0 ], [ 4529950.0, 3083650.0 ], [ 4530050.0, 3083550.0 ], [ 4530050.0, 3083450.0 ], [ 4530150.0, 3083450.0 ], [ 4530250.0, 3083450.0 ], [ 4530250.0, 3083350.0 ], [ 4530750.0, 3083350.0 ], [ 4530850.0, 3083350.0 ], [ 4531050.0, 3083450.0 ], [ 4531350.0, 3083650.0 ], [ 4531350.0, 3083550.0 ], [ 4530950.0, 3083350.0 ], [ 4530750.0, 3082750.0 ], [ 4530850.0, 3082650.0 ], [ 4531150.0, 3082350.0 ], [ 4531250.0, 3082550.0 ], [ 4531350.0, 3082550.0 ], [ 4531750.0, 3082650.0 ], [ 4531850.0, 3082450.0 ], [ 4531350.0, 3082250.0 ], [ 4531350.0, 3082150.0 ], [ 4531250.0, 3082150.0 ], [ 4531250.0, 3081850.0 ], [ 4531350.0, 3081750.0 ], [ 4531350.0, 3081650.0 ], [ 4531450.0, 3081550.0 ], [ 4531450.0, 3081350.0 ], [ 4531450.0, 3081250.0 ], [ 4531150.0, 3080850.0 ], [ 4531150.0, 3080750.0 ], [ 4531050.0, 3080250.0 ], [ 4529950.0, 3080550.0 ], [ 4529850.0, 3080550.0 ], [ 4529750.0, 3080550.0 ], [ 4529650.0, 3080550.0 ], [ 4529350.0, 3080550.0 ], [ 4528950.0, 3080650.0 ], [ 4528550.0, 3080350.0 ], [ 4528550.0, 3080450.0 ], [ 4528450.0, 3080550.0 ], [ 4528350.0, 3080450.0 ], [ 4527950.0, 3080250.0 ], [ 4527950.0, 3080150.0 ], [ 4527650.0, 3079950.0 ], [ 4527550.0, 3080050.0 ], [ 4527450.0, 3079950.0 ], [ 4527550.0, 3079650.0 ], [ 4527050.0, 3079450.0 ], [ 4526950.0, 3079350.0 ], [ 4526950.0, 3079250.0 ], [ 4527150.0, 3079250.0 ], [ 4527150.0, 3079150.0 ], [ 4527350.0, 3078950.0 ], [ 4526650.0, 3079450.0 ], [ 4526150.0, 3079250.0 ], [ 4525950.0, 3079250.0 ], [ 4525850.0, 3079150.0 ], [ 4525850.0, 3079050.0 ], [ 4525850.0, 3078950.0 ], [ 4525850.0, 3078850.0 ], [ 4525750.0, 3078850.0 ], [ 4525750.0, 3078950.0 ], [ 4525550.0, 3078950.0 ], [ 4525450.0, 3078950.0 ], [ 4525450.0, 3078850.0 ], [ 4525450.0, 3078750.0 ], [ 4525350.0, 3078750.0 ], [ 4525250.0, 3078750.0 ], [ 4525250.0, 3078850.0 ], [ 4525250.0, 3078950.0 ], [ 4525250.0, 3079050.0 ], [ 4525250.0, 3079250.0 ], [ 4525150.0, 3079250.0 ], [ 4525150.0, 3079350.0 ], [ 4525050.0, 3079350.0 ], [ 4524750.0, 3079050.0 ], [ 4524650.0, 3079050.0 ], [ 4524650.0, 3078950.0 ], [ 4524550.0, 3078950.0 ], [ 4524450.0, 3078950.0 ], [ 4524350.0, 3078950.0 ], [ 4524350.0, 3078850.0 ], [ 4524350.0, 3078750.0 ], [ 4524350.0, 3078650.0 ], [ 4524250.0, 3078550.0 ], [ 4524250.0, 3078650.0 ], [ 4524250.0, 3078750.0 ], [ 4524150.0, 3078750.0 ], [ 4524050.0, 3078750.0 ], [ 4524050.0, 3078650.0 ], [ 4523950.0, 3078550.0 ], [ 4523950.0, 3078450.0 ], [ 4523850.0, 3078450.0 ], [ 4523850.0, 3078350.0 ], [ 4523750.0, 3078350.0 ], [ 4523650.0, 3078350.0 ], [ 4523650.0, 3078250.0 ], [ 4523550.0, 3078250.0 ], [ 4523550.0, 3078350.0 ], [ 4523550.0, 3078450.0 ], [ 4523450.0, 3078450.0 ], [ 4523550.0, 3078550.0 ] ] ] } },
{ "type": "Feature", "properties": { "ID": "Chemnitz_145110000_c5", "GEN": "Chemnitz", "ARS": "145110000", "LAN": "Sachsen", "area": 0.59, "centroid": "POINT (4518025.988701 3079977.966102)", "DH_demand": 333.66656416768274, "total_demand_cells": 1209.5992546081543, "total_demand_area": 9419.923828125, "share_DH": 4.072919142175178, "heat_density_DH": 0.56553654943675036, "heat_density": 15.965972590042373, "DH_supplied_households": 41.0, "DH_cells": [ [ 4517550, 3079150 ], [ 4517350, 3079550 ], [ 4517750, 3079950 ], [ 4518050, 3080250 ], [ 4518150, 3080350 ], [ 4518350, 3080450 ], [ 4518850, 3080750 ], [ 4518850, 3080850 ], [ 4518950, 3081050 ] ] }, "geometry": { "type": "Polygon", "coordinates": [ [ [ 4517350.0, 3079550.0 ], [ 4517750.0, 3079950.0 ], [ 4518050.0, 3080250.0 ], [ 4518150.0, 3080350.0 ], [ 4518350.0, 3080450.0 ], [ 4518950.0, 3081050.0 ], [ 4518850.0, 3080850.0 ], [ 4518850.0, 3080750.0 ], [ 4517550.0, 3079150.0 ], [ 4517350.0, 3079550.0 ] ] ] } },
{ "type": "Feature", "properties": { "ID": "Chemnitz_145110000_c7", "GEN": "Chemnitz", "ARS": "145110000", "LAN": "Sachsen", "area": 0.175, "centroid": "POINT (4532763.333333 3080789.047619)", "DH_demand": 624.21185509320321, "total_demand_cells": 2121.1808166503906, "total_demand_area": 7206.43359375, "share_DH": 9.959834307006636, "heat_density_DH": 3.5669248862468756, "heat_density": 41.179620535714285, "DH_supplied_households": 51.0, "DH_cells": [ [ 4532050, 3080350 ], [ 4532150, 3080350 ], [ 4532250, 3080350 ], [ 4532250, 3080450 ], [ 4532250, 3080550 ], [ 4532550, 3080750 ], [ 4532850, 3080850 ], [ 4532950, 3080950 ], [ 4533350, 3080950 ], [ 4533350, 3081050 ], [ 4532950, 3081150 ] ] }, "geometry": { "type": "Polygon", "coordinates": [ [ [ 4532150.0, 3080350.0 ], [ 4532050.0, 3080350.0 ], [ 4532250.0, 3080450.0 ], [ 4532250.0, 3080550.0 ], [ 4532550.0, 3080750.0 ], [ 4532950.0, 3080950.0 ], [ 4532950.0, 3081150.0 ], [ 4533350.0, 3081050.0 ], [ 4533350.0, 3080950.0 ], [ 4532850.0, 3080850.0 ], [ 4532250.0, 3080350.0 ], [ 4532150.0, 3080350.0 ] ] ] } },
{ "type": "Feature", "properties": { "ID": "Chemnitz_145110000_c8", "GEN": "Chemnitz", "ARS": "145110000", "LAN": "Sachsen", "area": 2.525, "centroid": "POINT (4520822.937294 3082585.907591)", "DH_demand": 13225.463211223345, "total_demand_cells": 25974.77274107933, "total_demand_area": 75903.3203125, "share_DH": 20.035058168654253, "heat_density_DH": 5.2378072123656807, "heat_density": 30.060720915841586, "DH_supplied_households": 2106.0, "DH_cells": [ [ 4520950, 3081150 ], [ 4521050, 3081250 ], [ 4519950, 3081350 ], [ 4520750, 3081350 ], [ 4519650, 3081450 ], [ 4519950, 3081450 ], [ 4520050, 3081450 ], [ 4520550, 3081450 ], [ 4520850, 3081450 ], [ 4521150, 3081450 ], [ 4519950, 3081550 ], [ 4520250, 3081550 ], [ 4520550, 3081550 ], [ 4521050, 3081550 ], [ 4520150, 3081650 ], [ 4520550, 3081650 ], [ 4520950, 3081650 ], [ 4521150, 3081650 ], [ 4520850, 3081750 ], [ 4520950, 3081750 ], [ 4521150, 3081750 ], [ 4519550, 3081850 ], [ 4519750, 3081850 ], [ 4520750, 3081850 ], [ 4520850, 3081850 ], [ 4521250, 3081850 ], [ 4520050, 3081950 ], [ 4520150, 3081950 ], [ 4520950, 3081950 ], [ 4520950, 3082050 ], [ 4520650, 3082250 ], [ 4520750, 3082250 ], [ 4521850, 3082350 ], [ 4521250, 3082450 ], [ 4521350, 3082450 ], [ 4521150, 3082550 ], [ 4521250, 3082550 ], [ 4521450, 3082550 ], [ 4520450, 3082650 ], [ 4521050, 3082650 ], [ 4521150, 3082650 ], [ 4521250, 3082650 ], [ 4521350, 3082650 ], [ 4521550, 3082650 ], [ 4521050, 3082750 ], [ 4521150, 3082750 ], [ 4521250, 3082750 ], [ 4521350, 3082750 ], [ 4521450, 3082750 ], [ 4521550, 3082750 ], [ 4520150, 3082850 ], [ 4520650, 3082850 ], [ 4520950, 3082850 ], [ 4521050, 3082850 ], [ 4521150, 3082850 ], [ 4521250, 3082850 ], [ 4521350, 3082850 ], [ 4521450, 3082850 ], [ 4521550, 3082850 ], [ 4521650, 3082850 ], [ 4521850, 3082850 ], [ 4521950, 3082850 ], [ 4520950, 3082950 ], [ 4521050, 3082950 ], [ 4521150, 3082950 ], [ 4521250, 3082950 ], [ 4521350, 3082950 ], [ 4521450, 3082950 ], [ 4521550, 3082950 ], [ 4521650, 3082950 ], [ 4521750, 3082950 ], [ 4521850, 3082950 ], [ 4521950, 3082950 ], [ 4521250, 3083050 ], [ 4521350, 3083050 ], [ 4521450, 3083050 ], [ 4521550, 3083050 ], [ 4521650, 3083050 ], [ 4521850, 3083050 ], [ 4521950, 3083050 ], [ 4520450, 3083150 ], [ 4521350, 3083150 ], [ 4521450, 3083150 ], [ 4521550, 3083150 ], [ 4521650, 3083150 ], [ 4521550, 3083250 ], [ 4521650, 3083250 ], [ 4520450, 3083350 ], [ 4519450, 3083450 ], [ 4522150, 3083450 ], [ 4522250, 3083450 ], [ 4519950, 3083550 ], [ 4520050, 3083550 ], [ 4519550, 3083650 ], [ 4519750, 3083650 ], [ 4520550, 3083650 ], [ 4520750, 3083650 ], [ 4520250, 3083750 ], [ 4520650, 3083750 ], [ 4520450, 3083850 ], [ 4521050, 3084150 ], [ 4520750, 3084250 ], [ 4520850, 3084250 ], [ 4521050, 3084350 ] ] }, "geometry": { "type": "Polygon", "coordinates": [ [ [ 4520050.0, 3081950.0 ], [ 4520150.0, 3081950.0 ], [ 4520550.0, 3081650.0 ], [ 4520750.0, 3081850.0 ], [ 4520850.0, 3081850.0 ], [ 4520950.0, 3081950.0 ], [ 4520950.0, 3082050.0 ], [ 4520750.0, 3082250.0 ], [ 4520650.0, 3082250.0 ], [ 4520450.0, 3082650.0 ], [ 4520150.0, 3082850.0 ], [ 4520450.0, 3083150.0 ], [ 4520450.0, 3083350.0 ], [ 4519950.0, 3083550.0 ], [ 4519450.0, 3083450.0 ], [ 4519550.0, 3083650.0 ], [ 4519750.0, 3083650.0 ], [ 4520050.0, 3083550.0 ], [ 4520250.0, 3083750.0 ], [ 4520450.0, 3083850.0 ], [ 4520550.0, 3083650.0 ], [ 4520650.0, 3083750.0 ], [ 4520750.0, 3084250.0 ], [ 4520850.0, 3084250.0 ], [ 4521050.0, 3084350.0 ], [ 4521050.0, 3084150.0 ], [ 4520750.0, 3083650.0 ], [ 4520950.0, 3082950.0 ], [ 4521050.0, 3082950.0 ], [ 4521150.0, 3082950.0 ], [ 4521250.0, 3082950.0 ], [ 4521250.0, 3083050.0 ], [ 4521350.0, 3083050.0 ], [ 4521350.0, 3083150.0 ], [ 4521450.0, 3083150.0 ], [ 4521550.0, 3083150.0 ], [ 4521550.0, 3083250.0 ], [ 4521650.0, 3083250.0 ], [ 4521650.0, 3083150.0 ], [ 4521650.0, 3083050.0 ], [ 4521850.0, 3083050.0 ], [ 4522150.0, 3083450.0 ], [ 4522250.0, 3083450.0 ], [ 4521950.0, 3083050.0 ], [ 4521950.0, 3082950.0 ], [ 4521950.0, 3082850.0 ], [ 4521850.0, 3082850.0 ], [ 4521850.0, 3082950.0 ], [ 4521750.0, 3082950.0 ], [ 4521650.0, 3082950.0 ], [ 4521650.0, 3082850.0 ], [ 4521550.0, 3082850.0 ], [ 4521550.0, 3082750.0 ], [ 4521550.0, 3082650.0 ], [ 4521850.0, 3082350.0 ], [ 4521250.0, 3081850.0 ], [ 4521150.0, 3081750.0 ], [ 4521150.0, 3081650.0 ], [ 4521050.0, 3081550.0 ], [ 4521150.0, 3081450.0 ], [ 4521050.0, 3081250.0 ], [ 4520950.0, 3081150.0 ], [ 4520750.0, 3081350.0 ], [ 4520550.0, 3081450.0 ], [ 4520550.0, 3081550.0 ], [ 4520250.0, 3081550.0 ], [ 4520150.0, 3081650.0 ], [ 4520050.0, 3081450.0 ], [ 4519950.0, 3081450.0 ], [ 4519950.0, 3081350.0 ], [ 4519650.0, 3081450.0 ], [ 4519750.0, 3081850.0 ], [ 4519550.0, 3081850.0 ], [ 4520050.0, 3081950.0 ] ] ] } },
{ "type": "Feature", "properties": { "ID": "Chemnitz_145110000_c9", "GEN": "Chemnitz", "ARS": "145110000", "LAN": "Sachsen", "area": 0.92, "centroid": "POINT (4517396.73913 3081802.173913)", "DH_demand": 1053.8306423935642, "total_demand_cells": 5747.9800109863281, "total_demand_area": 20774.931640625, "share_DH": 5.8327277950121523, "heat_density_DH": 1.1454680895582221, "heat_density": 22.581447435461961, "DH_supplied_households": 96.0, "DH_cells": [ [ 4516650, 3081450 ], [ 4516150, 3081550 ], [ 4516750, 3081550 ], [ 4516850, 3081550 ], [ 4517350, 3081550 ], [ 4518150, 3081550 ], [ 4517450, 3081750 ], [ 4517550, 3081750 ], [ 4517650, 3081750 ], [ 4518450, 3081750 ], [ 4518550, 3081750 ], [ 4516150, 3081850 ], [ 4517450, 3081950 ], [ 4517750, 3082050 ], [ 4517850, 3082050 ], [ 4517950, 3082050 ], [ 4517950, 3082150 ], [ 4518050, 3082150 ], [ 4518250, 3082350 ] ] }, "geometry": { "type": "Polygon", "coordinates": [ [ [ 4516150.0, 3081550.0 ], [ 4516150.0, 3081850.0 ], [ 4517450.0, 3081950.0 ], [ 4517750.0, 3082050.0 ], [ 4517850.0, 3082050.0 ], [ 4517950.0, 3082050.0 ], [ 4517950.0, 3082150.0 ], [ 4518050.0, 3082150.0 ], [ 4518250.0, 3082350.0 ], [ 4518550.0, 3081750.0 ], [ 4518450.0, 3081750.0 ], [ 4518150.0, 3081550.0 ], [ 4517650.0, 3081750.0 ], [ 4517550.0, 3081750.0 ], [ 4517450.0, 3081750.0 ], [ 4517350.0, 3081550.0 ], [ 4516850.0, 3081550.0 ], [ 4516750.0, 3081550.0 ], [ 4516650.0, 3081450.0 ], [ 4516150.0, 3081550.0 ] ] ] } },
{ "type": "Feature", "properties": { "ID": "Chemnitz_145110000_c13", "GEN": "Chemnitz", "ARS": "145110000", "LAN": "Sachsen", "area": 0.045, "centroid": "POINT (4519905.555556 3087309.259259)", "DH_demand": 292.23905609631134, "total_demand_cells": 1138.4204559326172, "total_demand_area": 1901.8658447265625, "share_DH": 17.668466904962369, "heat_density_DH": 6.4942012465846961, "heat_density": 42.263685438368057, "DH_supplied_households": 65.0, "DH_cells": [ [ 4519850, 3087150 ], [ 4519950, 3087150 ], [ 4519850, 3087250 ], [ 4519950, 3087250 ], [ 4520150, 3087250 ], [ 4519950, 3087350 ], [ 4519850, 3087450 ], [ 4519750, 3087550 ] ] }, "geometry": { "type": "Polygon", "coordinates": [ [ [ 4519850.0, 3087250.0 ], [ 4519750.0, 3087550.0 ], [ 4519850.0, 3087450.0 ], [ 4519950.0, 3087350.0 ], [ 4520150.0, 3087250.0 ], [ 4519950.0, 3087250.0 ], [ 4519950.0, 3087150.0 ], [ 4519850.0, 3087150.0 ], [ 4519850.0, 3087250.0 ] ] ] } },
{ "type": "Feature", "properties": { "ID": "Chemnitz_145110000_c15", "GEN": "Chemnitz", "ARS": "145110000", "LAN": "Sachsen", "area": 0.88, "centroid": "POINT (4524515.909091 3088067.045455)", "DH_demand": 370.49089237836722, "total_demand_cells": 1313.2717323303223, "total_demand_area": 5792.19482421875, "share_DH": 7.3548677019275699, "heat_density_DH": 0.42101237770269001, "heat_density": 6.5820395729758525, "DH_supplied_households": 48.0, "DH_cells": [ [ 4525450, 3087650 ], [ 4523850, 3087750 ], [ 4525350, 3087750 ], [ 4524950, 3088050 ], [ 4523850, 3088250 ], [ 4524150, 3088250 ], [ 4523950, 3088350 ], [ 4524450, 3088450 ], [ 4524750, 3088550 ], [ 4524550, 3088650 ], [ 4524750, 3088650 ], [ 4524550, 3088950 ] ] }, "geometry": { "type": "Polygon", "coordinates": [ [ [ 4523850.0, 3087750.0 ], [ 4523850.0, 3088250.0 ], [ 4523950.0, 3088350.0 ], [ 4524150.0, 3088250.0 ], [ 4524450.0, 3088450.0 ], [ 4524550.0, 3088650.0 ], [ 4524550.0, 3088950.0 ], [ 4524750.0, 3088650.0 ], [ 4524750.0, 3088550.0 ], [ 4524950.0, 3088050.0 ], [ 4525350.0, 3087750.0 ], [ 4525450.0, 3087650.0 ], [ 4523850.0, 3087750.0 ] ] ] } },
{ "type": "Feature", "properties": { "ID": "Chemnitz_145110000_c16", "GEN": "Chemnitz", "ARS": "145110000", "LAN": "Sachsen", "area": 0.335, "centroid": "POINT (4526447.014925 3088914.179104)", "DH_demand": 321.66449827302699, "total_demand_cells": 1258.7835159301758, "total_demand_area": 5454.25830078125, "share_DH": 6.7812213345838934, "heat_density_DH": 0.9601925321582897, "heat_density": 16.281368062033586, "DH_supplied_households": 39.0, "DH_cells": [ [ 4525850, 3088350 ], [ 4525950, 3088350 ], [ 4526150, 3088650 ], [ 4525950, 3088750 ], [ 4526650, 3088850 ], [ 4526550, 3089150 ], [ 4526750, 3089150 ], [ 4527050, 3089250 ], [ 4526750, 3089350 ], [ 4526850, 3089350 ], [ 4527150, 3089350 ] ] }, "geometry": { "type": "Polygon", "coordinates": [ [ [ 4525850.0, 3088350.0 ], [ 4525950.0, 3088750.0 ], [ 4526550.0, 3089150.0 ], [ 4526750.0, 3089150.0 ], [ 4526750.0, 3089350.0 ], [ 4526850.0, 3089350.0 ], [ 4527150.0, 3089350.0 ], [ 4527050.0, 3089250.0 ], [ 4526650.0, 3088850.0 ], [ 4526150.0, 3088650.0 ], [ 4525950.0, 3088350.0 ], [ 4525850.0, 3088350.0 ] ] ] } },
{ "type": "Feature", "properties": { "ID": "Chemnitz_145110000_c17", "GEN": "Chemnitz", "ARS": "145110000", "LAN": "Sachsen", "area": 0.05, "centroid": "POINT (4522876.666667 3089223.333333)", "DH_demand": 749.755109412612, "total_demand_cells": 1340.5483322143555, "total_demand_area": 2534.30224609375, "share_DH": 34.017431233876664, "heat_density_DH": 14.995102188252242, "heat_density": 50.686044921875009, "DH_supplied_households": 196.0, "DH_cells": [ [ 4522850, 3088950 ], [ 4522850, 3089050 ], [ 4522950, 3089050 ], [ 4522850, 3089150 ], [ 4522950, 3089150 ], [ 4522950, 3089350 ], [ 4522750, 3089450 ] ] }, "geometry": { "type": "Polygon", "coordinates": [ [ [ 4522850.0, 3089050.0 ], [ 4522850.0, 3089150.0 ], [ 4522750.0, 3089450.0 ], [ 4522950.0, 3089350.0 ], [ 4522950.0, 3089150.0 ], [ 4522950.0, 3089050.0 ], [ 4522850.0, 3088950.0 ], [ 4522850.0, 3089050.0 ] ] ] } },
{ "type": "Feature", "properties": { "ID": "Chemnitz_145110000_c19", "GEN": "Chemnitz", "ARS": "145110000", "LAN": "Sachsen", "area": 0.5, "centroid": "POINT (4527929.333333 3090094.666667)", "DH_demand": 517.01334848760007, "total_demand_cells": 1582.750057220459, "total_demand_area": 7269.2939453125, "share_DH": 8.1780547821069351, "heat_density_DH": 1.0340266969752001, "heat_density": 14.538587890624999, "DH_supplied_households": 50.0, "DH_cells": [ [ 4528250, 3089650 ], [ 4528650, 3089650 ], [ 4527950, 3089750 ], [ 4528450, 3089750 ], [ 4528650, 3089750 ], [ 4527550, 3089950 ], [ 4528350, 3089950 ], [ 4527950, 3090050 ], [ 4527250, 3090150 ], [ 4527450, 3090150 ], [ 4528150, 3090150 ], [ 4527250, 3090250 ], [ 4527650, 3090250 ], [ 4527250, 3090450 ], [ 4528050, 3090650 ] ] }, "geometry": { "type": "Polygon", "coordinates": [ [ [ 4527450.0, 3090150.0 ], [ 4527250.0, 3090150.0 ], [ 4527250.0, 3090250.0 ], [ 4527250.0, 3090450.0 ], [ 4527650.0, 3090250.0 ], [ 4528050.0, 3090650.0 ], [ 4528150.0, 3090150.0 ], [ 4528350.0, 3089950.0 ], [ 4528650.0, 3089750.0 ], [ 4528650.0, 3089650.0 ], [ 4528450.0, 3089750.0 ], [ 4528250.0, 3089650.0 ], [ 4527950.0, 3089750.0 ], [ 4527950.0, 3090050.0 ], [ 4527550.0, 3089950.0 ], [ 4527450.0, 3090150.0 ] ] ] } },
{ "type": "Feature", "properties": { "ID": "Chemnitz_145110000_c20", "GEN": "Chemnitz", "ARS": "145110000", "LAN": "Sachsen", "area": 0.07, "centroid": "POINT (4523297.619048 3090230.952381)", "DH_demand": 432.9042964553642, "total_demand_cells": 1653.3266906738281, "total_demand_area": 4254.900390625, "share_DH": 11.698845042967505, "heat_density_DH": 6.1843470922194896, "heat_density": 60.78429129464287, "DH_supplied_households": 20.0, "DH_cells": [ [ 4522850, 3090050 ], [ 4522950, 3090050 ], [ 4523150, 3090150 ], [ 4523350, 3090150 ], [ 4523150, 3090250 ], [ 4523650, 3090450 ] ] }, "geometry": { "type": "Polygon", "coordinates": [ [ [ 4522850.0, 3090050.0 ], [ 4523150.0, 3090150.0 ], [ 4523150.0, 3090250.0 ], [ 4523650.0, 3090450.0 ], [ 4523350.0, 3090150.0 ], [ 4522950.0, 3090050.0 ], [ 4522850.0, 3090050.0 ] ] ] } },
{ "type": "Feature", "properties": { "ID": "Amtsberg_145210010_c1", "GEN": "Amtsberg", "ARS": "145210010", "LAN": "Sachsen", "area": 0.19, "centroid": "POINT (4532221.929825 3075433.333333)", "DH_demand": 336.13513540543795, "total_demand_cells": 1244.1418533325195, "total_demand_area": 5052.44921875, "share_DH": 7.6498416135484986, "heat_density_DH": 1.7691322916075682, "heat_density": 26.591837993421052, "DH_supplied_households": 20.0, "DH_cells": [ [ 4531850, 3075050 ], [ 4532550, 3075350 ], [ 4532250, 3075450 ], [ 4532250, 3075550 ], [ 4532850, 3075550 ], [ 4531950, 3075650 ] ] }, "geometry": { "type": "Polygon", "coordinates": [ [ [ 4532250.0, 3075450.0 ], [ 4531850.0, 3075050.0 ], [ 4531950.0, 3075650.0 ], [ 4532250.0, 3075550.0 ], [ 4532850.0, 3075550.0 ], [ 4532550.0, 3075350.0 ], [ 4532250.0, 3075450.0 ] ] ] } },
{ "type": "Feature", "properties": { "ID": "Annaberg-Buchholz_145210020_c1", "GEN": "Annaberg-Buchholz", "ARS": "145210020", "LAN": "Sachsen", "area": 0.155, "centroid": "POINT (4532846.774194 3054983.333333)", "DH_demand": 233.66146406208023, "total_demand_cells": 1246.5079612731934, "total_demand_area": 7485.6162109375, "share_DH": 3.5892195656459167, "heat_density_DH": 1.5074933165295499, "heat_density": 48.294298135080645, "DH_supplied_households": 22.0, "DH_cells": [ [ 4532950, 3054750 ], [ 4532550, 3054850 ], [ 4532550, 3054950 ], [ 4533050, 3055050 ], [ 4532850, 3055150 ], [ 4533150, 3055150 ], [ 4532850, 3055250 ] ] }, "geometry": { "type": "Polygon", "coordinates": [ [ [ 4532550.0, 3054850.0 ], [ 4532550.0, 3054950.0 ], [ 4532850.0, 3055150.0 ], [ 4532850.0, 3055250.0 ], [ 4533150.0, 3055150.0 ], [ 4533050.0, 3055050.0 ], [ 4532950.0, 3054750.0 ], [ 4532550.0, 3054850.0 ] ] ] } },
{ "type": "Feature", "properties": { "ID": "Annaberg-Buchholz_145210020_c3", "GEN": "Annaberg-Buchholz", "ARS": "145210020", "LAN": "Sachsen", "area": 1.08, "centroid": "POINT (4534221.296296 3057011.265432)", "DH_demand": 12830.409975631976, "total_demand_cells": 25196.883876800537, "total_demand_area": 60552.57421875, "share_DH": 24.36399002963288, "heat_density_DH": 11.880009236696276, "heat_density": 56.067198350694454, "DH_supplied_households": 2910.0, "DH_cells": [ [ 4534450, 3055650 ], [ 4534450, 3055750 ], [ 4533750, 3056050 ], [ 4533950, 3056050 ], [ 4533550, 3056150 ], [ 4534250, 3056150 ], [ 4533550, 3056250 ], [ 4533550, 3056350 ], [ 4533650, 3056350 ], [ 4533850, 3056350 ], [ 4533650, 3056450 ], [ 4533950, 3056450 ], [ 4533450, 3056550 ], [ 4534450, 3056550 ], [ 4533950, 3056650 ], [ 4534050, 3056650 ], [ 4534250, 3056650 ], [ 4533950, 3056750 ], [ 4534050, 3056750 ], [ 4534350, 3056750 ], [ 4534450, 3056750 ], [ 4534050, 3056850 ], [ 4534050, 3056950 ], [ 4534150, 3056950 ], [ 4534150, 3057150 ], [ 4534350, 3057150 ], [ 4534250, 3057250 ], [ 4534350, 3057350 ], [ 4534450, 3057350 ], [ 4534750, 3057450 ], [ 4534850, 3057550 ], [ 4534250, 3057650 ], [ 4534350, 3057650 ], [ 4534750, 3057650 ], [ 4534350, 3057750 ], [ 4534450, 3057750 ], [ 4533850, 3057850 ], [ 4533950, 3057850 ], [ 4534350, 3057850 ], [ 4534450, 3057850 ], [ 4533750, 3057950 ], [ 4533850, 3057950 ], [ 4533950, 3057950 ], [ 4534350, 3057950 ], [ 4534450, 3057950 ], [ 4534650, 3057950 ], [ 4534750, 3057950 ], [ 4533750, 3058050 ], [ 4533850, 3058050 ], [ 4533950, 3058050 ], [ 4534050, 3058050 ], [ 4534150, 3058050 ], [ 4534250, 3058050 ], [ 4534350, 3058050 ], [ 4534450, 3058050 ], [ 4534550, 3058050 ], [ 4534650, 3058050 ], [ 4534750, 3058050 ], [ 4534050, 3058150 ], [ 4534150, 3058150 ], [ 4534250, 3058150 ], [ 4534650, 3058150 ], [ 4534750, 3058150 ], [ 4533850, 3058250 ], [ 4533950, 3058250 ], [ 4534050, 3058250 ], [ 4533850, 3058350 ], [ 4533950, 3058350 ], [ 4534050, 3058350 ] ] }, "geometry": { "type": "Polygon", "coordinates": [ [ [ 4533550.0, 3056250.0 ], [ 4533550.0, 3056350.0 ], [ 4533650.0, 3056350.0 ], [ 4533650.0, 3056450.0 ], [ 4533450.0, 3056550.0 ], [ 4533950.0, 3056450.0 ], [ 4533950.0, 3056650.0 ], [ 4533950.0, 3056750.0 ], [ 4534050.0, 3056750.0 ], [ 4534050.0, 3056850.0 ], [ 4534050.0, 3056950.0 ], [ 4534150.0, 3056950.0 ], [ 4534150.0, 3057150.0 ], [ 4534250.0, 3057250.0 ], [ 4534250.0, 3057650.0 ], [ 4534350.0, 3057650.0 ], [ 4534350.0, 3057750.0 ], [ 4534350.0, 3057850.0 ], [ 4534350.0, 3057950.0 ], [ 4534150.0, 3058050.0 ], [ 4534050.0, 3058050.0 ], [ 4533950.0, 3058050.0 ], [ 4533950.0, 3057950.0 ], [ 4533950.0, 3057850.0 ], [ 4533850.0, 3057850.0 ], [ 4533850.0, 3057950.0 ], [ 4533750.0, 3057950.0 ], [ 4533750.0, 3058050.0 ], [ 4533850.0, 3058050.0 ], [ 4533850.0, 3058250.0 ], [ 4533850.0, 3058350.0 ], [ 4533950.0, 3058350.0 ], [ 4534050.0, 3058350.0 ], [ 4534050.0, 3058250.0 ], [ 4534050.0, 3058150.0 ], [ 4534150.0, 3058150.0 ], [ 4534250.0, 3058150.0 ], [ 4534250.0, 3058050.0 ], [ 4534350.0, 3058050.0 ], [ 4534450.0, 3058050.0 ], [ 4534550.0, 3058050.0 ], [ 4534650.0, 3058050.0 ], [ 4534650.0, 3058150.0 ], [ 4534750.0, 3058150.0 ], [ 4534750.0, 3058050.0 ], [ 4534750.0, 3057950.0 ], [ 4534750.0, 3057650.0 ], [ 4534850.0, 3057550.0 ], [ 4534750.0, 3057450.0 ], [ 4534450.0, 3057350.0 ], [ 4534350.0, 3057350.0 ], [ 4534350.0, 3057150.0 ], [ 4534350.0, 3056750.0 ], [ 4534450.0, 3056750.0 ], [ 4534450.0, 3056550.0 ], [ 4534450.0, 3055750.0 ], [ 4534450.0, 3055650.0 ], [ 4534250.0, 3056150.0 ], [ 4533950.0, 3056050.0 ], [ 4533750.0, 3056050.0 ], [ 4533550.0, 3056150.0 ], [ 4533550.0, 3056250.0 ] ] ] } },
{ "type": "Feature", "properties": { "ID": "Aue-Bad Schlema_145210035_c0", "GEN": "Aue-Bad Schlema", "ARS": "145210035", "LAN": "Sachsen", "area": 1.75, "centroid": "POINT (4512585.428571 3056465.238095)", "DH_demand": 13350.496220073532, "total_demand_cells": 27310.466537475586, "total_demand_area": 64896.71484375, "share_DH": 23.654576949146801, "heat_density_DH": 7.6288549828991608, "heat_density": 37.083837053571429, "DH_supplied_households": 2267.0, "DH_cells": [ [ 4512050, 3054750 ], [ 4512150, 3054950 ], [ 4511850, 3055250 ], [ 4511950, 3055250 ], [ 4511750, 3055350 ], [ 4511850, 3055350 ], [ 4511850, 3055450 ], [ 4511950, 3055750 ], [ 4512750, 3055850 ], [ 4513050, 3055850 ], [ 4512150, 3055950 ], [ 4512250, 3055950 ], [ 4512250, 3056050 ], [ 4512450, 3056050 ], [ 4511950, 3056150 ], [ 4512050, 3056150 ], [ 4512350, 3056150 ], [ 4512550, 3056150 ], [ 4512950, 3056150 ], [ 4512150, 3056250 ], [ 4512350, 3056250 ], [ 4512450, 3056250 ], [ 4512850, 3056250 ], [ 4512150, 3056350 ], [ 4512450, 3056350 ], [ 4512850, 3056350 ], [ 4513550, 3056350 ], [ 4512350, 3056450 ], [ 4513150, 3056450 ], [ 4511650, 3056550 ], [ 4513550, 3056550 ], [ 4511850, 3056650 ], [ 4512950, 3056650 ], [ 4513050, 3056650 ], [ 4513350, 3056650 ], [ 4513450, 3056650 ], [ 4512250, 3056750 ], [ 4512350, 3056750 ], [ 4512450, 3056750 ], [ 4512850, 3056750 ], [ 4512950, 3056750 ], [ 4513050, 3056750 ], [ 4512550, 3056850 ], [ 4512950, 3056850 ], [ 4512250, 3056950 ], [ 4512350, 3056950 ], [ 4512450, 3056950 ], [ 4512550, 3056950 ], [ 4512650, 3056950 ], [ 4512750, 3056950 ], [ 4512950, 3056950 ], [ 4513050, 3056950 ], [ 4513450, 3056950 ], [ 4513550, 3056950 ], [ 4512250, 3057050 ], [ 4512350, 3057050 ], [ 4512550, 3057050 ], [ 4512650, 3057050 ], [ 4512750, 3057050 ], [ 4512850, 3057050 ], [ 4512950, 3057050 ], [ 4513550, 3057050 ], [ 4513650, 3057050 ], [ 4512250, 3057150 ], [ 4512350, 3057150 ], [ 4512450, 3057150 ], [ 4512550, 3057150 ], [ 4512650, 3057150 ], [ 4512750, 3057150 ], [ 4512850, 3057150 ], [ 4512950, 3057150 ], [ 4513550, 3057150 ], [ 4512250, 3057250 ], [ 4512350, 3057250 ], [ 4512450, 3057250 ], [ 4512550, 3057250 ], [ 4512650, 3057250 ], [ 4512750, 3057250 ], [ 4513050, 3057250 ], [ 4512150, 3057350 ], [ 4512250, 3057350 ], [ 4512350, 3057350 ], [ 4512450, 3057350 ], [ 4513050, 3057350 ], [ 4512950, 3057450 ], [ 4512750, 3057550 ] ] }, "geometry": { "type": "Polygon", "coordinates": [ [ [ 4511850.0, 3055450.0 ], [ 4511950.0, 3055750.0 ], [ 4512150.0, 3055950.0 ], [ 4511950.0, 3056150.0 ], [ 4512050.0, 3056150.0 ], [ 4512150.0, 3056250.0 ], [ 4512150.0, 3056350.0 ], [ 4511650.0, 3056550.0 ], [ 4511850.0, 3056650.0 ], [ 4512250.0, 3056750.0 ], [ 4512250.0, 3056950.0 ], [ 4512250.0, 3057050.0 ], [ 4512250.0, 3057150.0 ], [ 4512250.0, 3057250.0 ], [ 4512150.0, 3057350.0 ], [ 4512250.0, 3057350.0 ], [ 4512350.0, 3057350.0 ], [ 4512450.0, 3057350.0 ], [ 4512450.0, 3057250.0 ], [ 4512550.0, 3057250.0 ], [ 4512650.0, 3057250.0 ], [ 4512750.0, 3057250.0 ], [ 4512750.0, 3057550.0 ], [ 4512950.0, 3057450.0 ], [ 4513050.0, 3057350.0 ], [ 4513050.0, 3057250.0 ], [ 4512950.0, 3057150.0 ], [ 4512950.0, 3057050.0 ], [ 4512950.0, 3056950.0 ], [ 4513050.0, 3056950.0 ], [ 4513550.0, 3057150.0 ], [ 4513550.0, 3057050.0 ], [ 4513650.0, 3057050.0 ], [ 4513550.0, 3056950.0 ], [ 4513450.0, 3056950.0 ], [ 4513450.0, 3056650.0 ], [ 4513550.0, 3056550.0 ], [ 4513550.0, 3056350.0 ], [ 4513150.0, 3056450.0 ], [ 4513050.0, 3056650.0 ], [ 4512950.0, 3056650.0 ], [ 4512850.0, 3056350.0 ], [ 4512850.0, 3056250.0 ], [ 4512950.0, 3056150.0 ], [ 4513050.0, 3055850.0 ], [ 4512750.0, 3055850.0 ], [ 4512550.0, 3056150.0 ], [ 4512450.0, 3056050.0 ], [ 4512350.0, 3056150.0 ], [ 4512250.0, 3056050.0 ], [ 4512250.0, 3055950.0 ], [ 4512150.0, 3054950.0 ], [ 4512050.0, 3054750.0 ], [ 4511950.0, 3055250.0 ], [ 4511850.0, 3055250.0 ], [ 4511750.0, 3055350.0 ], [ 4511850.0, 3055450.0 ] ] ] } },
{ "type": "Feature", "properties": { "ID": "Aue-Bad Schlema_145210035_c1", "GEN": "Aue-Bad Schlema", "ARS": "145210035", "LAN": "Sachsen", "area": 0.27, "centroid": "POINT (4510316.666667 3055811.728395)", "DH_demand": 357.57290267607112, "total_demand_cells": 1055.2397041320801, "total_demand_area": 5631.80517578125, "share_DH": 7.300581731688224, "heat_density_DH": 1.3243440839854488, "heat_density": 20.858537688078709, "DH_supplied_households": 25.0, "DH_cells": [ [ 4511050, 3055550 ], [ 4510050, 3055650 ], [ 4510650, 3055650 ], [ 4510050, 3055750 ], [ 4509650, 3055950 ], [ 4509850, 3055950 ], [ 4510450, 3055950 ], [ 4510450, 3056050 ] ] }, "geometry": { "type": "Polygon", "coordinates": [ [ [ 4510050.0, 3055750.0 ], [ 4509650.0, 3055950.0 ], [ 4509850.0, 3055950.0 ], [ 4510450.0, 3056050.0 ], [ 4510450.0, 3055950.0 ], [ 4511050.0, 3055550.0 ], [ 4510650.0, 3055650.0 ], [ 4510050.0, 3055650.0 ], [ 4510050.0, 3055750.0 ] ] ] } },
{ "type": "Feature", "properties": { "ID": "Aue-Bad Schlema_145210035_c2", "GEN": "Aue-Bad Schlema", "ARS": "145210035", "LAN": "Sachsen", "area": 1.18, "centroid": "POINT (4510439.971751 3058213.135593)", "DH_demand": 4575.6065341705053, "total_demand_cells": 8542.5373106002808, "total_demand_area": 24506.4140625, "share_DH": 21.468880288754978, "heat_density_DH": 3.8776326560766994, "heat_density": 20.76814751059322, "DH_supplied_households": 1018.0, "DH_cells": [ [ 4510550, 3056850 ], [ 4510450, 3056950 ], [ 4510550, 3056950 ], [ 4510450, 3057050 ], [ 4510450, 3057150 ], [ 4510550, 3057150 ], [ 4509850, 3057250 ], [ 4509950, 3057250 ], [ 4510350, 3057250 ], [ 4510450, 3057250 ], [ 4509450, 3057350 ], [ 4509750, 3057350 ], [ 4509850, 3057350 ], [ 4509950, 3057350 ], [ 4509350, 3057450 ], [ 4509450, 3057450 ], [ 4509750, 3057450 ], [ 4509850, 3057450 ], [ 4509950, 3057450 ], [ 4509550, 3057550 ], [ 4510250, 3057550 ], [ 4509550, 3057650 ], [ 4510150, 3057750 ], [ 4510150, 3057850 ], [ 4510250, 3057850 ], [ 4509950, 3057950 ], [ 4510050, 3058050 ], [ 4510450, 3058150 ], [ 4510350, 3058250 ], [ 4510550, 3058350 ], [ 4510750, 3058350 ], [ 4511750, 3058350 ], [ 4511050, 3058450 ], [ 4511350, 3058550 ], [ 4510850, 3058650 ], [ 4510950, 3058650 ], [ 4511050, 3058650 ], [ 4511350, 3058650 ], [ 4511450, 3058650 ], [ 4510350, 3058750 ], [ 4510950, 3058750 ], [ 4511050, 3058750 ], [ 4511050, 3058850 ], [ 4510550, 3058950 ], [ 4510250, 3059050 ], [ 4510850, 3059050 ], [ 4510450, 3059250 ], [ 4511150, 3059250 ], [ 4510350, 3059350 ], [ 4510450, 3059350 ], [ 4510350, 3059450 ], [ 4510450, 3059450 ], [ 4510550, 3059450 ], [ 4510450, 3059550 ] ] }, "geometry": { "type": "Polygon", "coordinates": [ [ [ 4509450.0, 3057450.0 ], [ 4509350.0, 3057450.0 ], [ 4509550.0, 3057550.0 ], [ 4509550.0, 3057650.0 ], [ 4509950.0, 3057950.0 ], [ 4510050.0, 3058050.0 ], [ 4510350.0, 3058250.0 ], [ 4510550.0, 3058350.0 ], [ 4510350.0, 3058750.0 ], [ 4510250.0, 3059050.0 ], [ 4510450.0, 3059250.0 ], [ 4510350.0, 3059350.0 ], [ 4510350.0, 3059450.0 ], [ 4510450.0, 3059450.0 ], [ 4510450.0, 3059550.0 ], [ 4510550.0, 3059450.0 ], [ 4510450.0, 3059350.0 ], [ 4510550.0, 3058950.0 ], [ 4510850.0, 3059050.0 ], [ 4511150.0, 3059250.0 ], [ 4511050.0, 3058850.0 ], [ 4511050.0, 3058750.0 ], [ 4511050.0, 3058650.0 ], [ 4511350.0, 3058650.0 ], [ 4511450.0, 3058650.0 ], [ 4511750.0, 3058350.0 ], [ 4511050.0, 3058450.0 ], [ 4510950.0, 3058650.0 ], [ 4510850.0, 3058650.0 ], [ 4510750.0, 3058350.0 ], [ 4510450.0, 3058150.0 ], [ 4510250.0, 3057850.0 ], [ 4510150.0, 3057850.0 ], [ 4510150.0, 3057750.0 ], [ 4510250.0, 3057550.0 ], [ 4510450.0, 3057250.0 ], [ 4510550.0, 3057150.0 ], [ 4510450.0, 3057050.0 ], [ 4510550.0, 3056950.0 ], [ 4510550.0, 3056850.0 ], [ 4510450.0, 3056950.0 ], [ 4510350.0, 3057250.0 ], [ 4509950.0, 3057250.0 ], [ 4509850.0, 3057250.0 ], [ 4509850.0, 3057350.0 ], [ 4509750.0, 3057350.0 ], [ 4509450.0, 3057350.0 ], [ 4509450.0, 3057450.0 ] ] ] } },
{ "type": "Feature", "properties": { "ID": "Breitenbrunn/Erzgeb._145210110_c0", "GEN": "Breitenbrunn/Erzgeb.", "ARS": "145210110", "LAN": "Sachsen", "area": 0.215, "centroid": "POINT (4516816.666667 3043939.922481)", "DH_demand": 308.58221343764041, "total_demand_cells": 763.04521942138672, "total_demand_area": 3972.841552734375, "share_DH": 8.9312065895349573, "heat_density_DH": 1.4352661090122809, "heat_density": 18.478332803415697, "DH_supplied_households": 21.0, "DH_cells": [ [ 4516550, 3043550 ], [ 4516250, 3043750 ], [ 4516950, 3043750 ], [ 4516850, 3043850 ], [ 4516950, 3043950 ], [ 4517250, 3044250 ], [ 4516950, 3044450 ] ] }, "geometry": { "type": "Polygon", "coordinates": [ [ [ 4516250.0, 3043750.0 ], [ 4516850.0, 3043850.0 ], [ 4516950.0, 3044450.0 ], [ 4517250.0, 3044250.0 ], [ 4516950.0, 3043950.0 ], [ 4516950.0, 3043750.0 ], [ 4516550.0, 3043550.0 ], [ 4516250.0, 3043750.0 ] ] ] } },
{ "type": "Feature", "properties": { "ID": "Drebach_145210150_c0", "GEN": "Drebach", "ARS": "145210150", "LAN": "Sachsen", "area": 0.02, "centroid": "POINT (4534083.333333 3067083.333333)", "DH_demand": 213.75259590801446, "total_demand_cells": 698.54513549804688, "total_demand_area": 1516.265625, "share_DH": 16.209760508248493, "heat_density_DH": 10.687629795400722, "heat_density": 75.81328125, "DH_supplied_households": 64.0, "DH_cells": [ [ 4533950, 3067050 ], [ 4534350, 3067050 ], [ 4533950, 3067150 ] ] }, "geometry": { "type": "Polygon", "coordinates": [ [ [ 4533950.0, 3067050.0 ], [ 4533950.0, 3067150.0 ], [ 4534350.0, 3067050.0 ], [ 4533950.0, 3067050.0 ] ] ] } },
{ "type": "Feature", "properties": { "ID": "Drebach_145210150_c1", "GEN": "Drebach", "ARS": "145210150", "LAN": "Sachsen", "area": 0.185, "centroid": "POINT (4534918.468468 3068477.027027)", "DH_demand": 237.62384606939452, "total_demand_cells": 657.89248657226562, "total_demand_area": 2714.973876953125, "share_DH": 10.063866233974577, "heat_density_DH": 1.2844532219967271, "heat_density": 14.675534470016892, "DH_supplied_households": 19.0, "DH_cells": [ [ 4534450, 3067950 ], [ 4534550, 3067950 ], [ 4534750, 3068050 ], [ 4534850, 3068350 ], [ 4535250, 3068750 ], [ 4534950, 3068950 ] ] }, "geometry": { "type": "Polygon", "coordinates": [ [ [ 4534450.0, 3067950.0 ], [ 4534850.0, 3068350.0 ], [ 4534950.0, 3068950.0 ], [ 4535250.0, 3068750.0 ], [ 4534750.0, 3068050.0 ], [ 4534550.0, 3067950.0 ], [ 4534450.0, 3067950.0 ] ] ] } },
{ "type": "Feature", "properties": { "ID": "Ehrenfriedersdorf_145210160_c0", "GEN": "Ehrenfriedersdorf", "ARS": "145210160", "LAN": "Sachsen", "area": 0.355, "centroid": "POINT (4530634.976526 3063722.300469)", "DH_demand": 3928.0940446712011, "total_demand_cells": 6992.1816024780273, "total_demand_area": 21076.79296875, "share_DH": 21.429786154593586, "heat_density_DH": 11.065053646961131, "heat_density": 59.371247799295773, "DH_supplied_households": 707.0, "DH_cells": [ [ 4530050, 3063050 ], [ 4530250, 3063350 ], [ 4530650, 3063350 ], [ 4530750, 3063350 ], [ 4530250, 3063450 ], [ 4530950, 3063450 ], [ 4530550, 3063650 ], [ 4530650, 3063650 ], [ 4530650, 3063750 ], [ 4530850, 3063750 ], [ 4530650, 3063850 ], [ 4530750, 3063850 ], [ 4530850, 3063850 ], [ 4530650, 3063950 ], [ 4530750, 3063950 ], [ 4530850, 3063950 ], [ 4530650, 3064050 ], [ 4530750, 3064050 ], [ 4530850, 3064050 ], [ 4530750, 3064150 ], [ 4530750, 3064250 ], [ 4530850, 3064550 ], [ 4531050, 3064650 ] ] }, "geometry": { "type": "Polygon", "coordinates": [ [ [ 4530650.0, 3063350.0 ], [ 4530050.0, 3063050.0 ], [ 4530250.0, 3063350.0 ], [ 4530250.0, 3063450.0 ], [ 4530550.0, 3063650.0 ], [ 4530650.0, 3063850.0 ], [ 4530650.0, 3063950.0 ], [ 4530650.0, 3064050.0 ], [ 4530750.0, 3064050.0 ], [ 4530750.0, 3064150.0 ], [ 4530750.0, 3064250.0 ], [ 4530850.0, 3064550.0 ], [ 4531050.0, 3064650.0 ], [ 4530850.0, 3064050.0 ], [ 4530850.0, 3063950.0 ], [ 4530850.0, 3063850.0 ], [ 4530850.0, 3063750.0 ], [ 4530650.0, 3063750.0 ], [ 4530650.0, 3063650.0 ], [ 4530950.0, 3063450.0 ], [ 4530750.0, 3063350.0 ], [ 4530650.0, 3063350.0 ] ] ] } },
{ "type": "Feature", "properties": { "ID": "Eibenstock_145210170_c0", "GEN": "Eibenstock", "ARS": "145210170", "LAN": "Sachsen", "area": 0.095, "centroid": "POINT (4505881.578947 3045707.894737)", "DH_demand": 252.49341061020598, "total_demand_cells": 1299.75341796875, "total_demand_area": 7068.77099609375, "share_DH": 4.1072073302338117, "heat_density_DH": 2.6578253748442737, "heat_density": 74.408115748355257, "DH_supplied_households": 17.0, "DH_cells": [ [ 4505750, 3045350 ], [ 4505750, 3045850 ], [ 4505850, 3045850 ], [ 4506150, 3045950 ] ] }, "geometry": { "type": "Polygon", "coordinates": [ [ [ 4505750.0, 3045350.0 ], [ 4505750.0, 3045850.0 ], [ 4505850.0, 3045850.0 ], [ 4506150.0, 3045950.0 ], [ 4505750.0, 3045350.0 ] ] ] } },
{ "type": "Feature", "properties": { "ID": "Eibenstock_145210170_c1", "GEN": "Eibenstock", "ARS": "145210170", "LAN": "Sachsen", "area": 0.06, "centroid": "POINT (4504916.666667 3046016.666667)", "DH_demand": 243.01121768432404, "total_demand_cells": 800.09687805175781, "total_demand_area": 2764.142333984375, "share_DH": 10.108958395561352, "heat_density_DH": 4.0501869614054007, "heat_density": 46.069038899739581, "DH_supplied_households": 34.0, "DH_cells": [ [ 4504950, 3045850 ], [ 4505150, 3046050 ], [ 4504650, 3046150 ] ] }, "geometry": { "type": "Polygon", "coordinates": [ [ [ 4504650.0, 3046150.0 ], [ 4505150.0, 3046050.0 ], [ 4504950.0, 3045850.0 ], [ 4504650.0, 3046150.0 ] ] ] } },
{ "type": "Feature", "properties": { "ID": "Gelenau/Erzgeb._145210200_c0", "GEN": "Gelenau/Erzgeb.", "ARS": "145210200", "LAN": "Sachsen", "area": 0.02, "centroid": "POINT (4529050 3069683.333333)", "DH_demand": 200.18624261778356, "total_demand_cells": 744.57046508789062, "total_demand_area": 2308.1728515625, "share_DH": 9.9725538372524341, "heat_density_DH": 10.009312130889178, "heat_density": 115.408642578125, "DH_supplied_households": 14.0, "DH_cells": [ [ 4528850, 3069450 ], [ 4529050, 3069750 ], [ 4529150, 3069750 ], [ 4529250, 3069850 ] ] }, "geometry": { "type": "Polygon", "coordinates": [ [ [ 4529150.0, 3069750.0 ], [ 4528850.0, 3069450.0 ], [ 4529050.0, 3069750.0 ], [ 4529250.0, 3069850.0 ], [ 4529150.0, 3069750.0 ] ] ] } },
{ "type": "Feature", "properties": { "ID": "Gelenau/Erzgeb._145210200_c1", "GEN": "Gelenau/Erzgeb.", "ARS": "145210200", "LAN": "Sachsen", "area": 0.27, "centroid": "POINT (4531642.592593 3071183.333333)", "DH_demand": 328.86432980861082, "total_demand_cells": 1807.3778533935547, "total_demand_area": 10039.6572265625, "share_DH": 3.7665034966603277, "heat_density_DH": 1.2180160363281884, "heat_density": 37.183915653935195, "DH_supplied_households": 34.0, "DH_cells": [ [ 4531850, 3070850 ], [ 4531250, 3070950 ], [ 4531450, 3071150 ], [ 4531750, 3071350 ], [ 4531850, 3071350 ], [ 4531550, 3071550 ], [ 4531850, 3071550 ] ] }, "geometry": { "type": "Polygon", "coordinates": [ [ [ 4531250.0, 3070950.0 ], [ 4531450.0, 3071150.0 ], [ 4531550.0, 3071550.0 ], [ 4531850.0, 3071550.0 ], [ 4531850.0, 3071350.0 ], [ 4531850.0, 3070850.0 ], [ 4531250.0, 3070950.0 ] ] ] } },
{ "type": "Feature", "properties": { "ID": "Großolbersdorf_145210240_c0", "GEN": "Großolbersdorf", "ARS": "145210240", "LAN": "Sachsen", "area": 0.115, "centroid": "POINT (4539077.536232 3072528.26087)", "DH_demand": 1006.7323665115458, "total_demand_cells": 2588.2520294189453, "total_demand_area": 4235.638671875, "share_DH": 27.329747331822325, "heat_density_DH": 8.754194491404748, "heat_density": 36.831640625000006, "DH_supplied_households": 62.0, "DH_cells": [ [ 4539150, 3072150 ], [ 4538850, 3072550 ], [ 4538950, 3072550 ], [ 4538850, 3072650 ], [ 4538950, 3072650 ], [ 4539050, 3072650 ], [ 4539150, 3072650 ], [ 4539250, 3072650 ], [ 4538950, 3072750 ], [ 4539050, 3072750 ], [ 4539150, 3072750 ] ] }, "geometry": { "type": "Polygon", "coordinates": [ [ [ 4538950.0, 3072550.0 ], [ 4538850.0, 3072550.0 ], [ 4538850.0, 3072650.0 ], [ 4538950.0, 3072650.0 ], [ 4538950.0, 3072750.0 ], [ 4539050.0, 3072750.0 ], [ 4539150.0, 3072750.0 ], [ 4539150.0, 3072650.0 ], [ 4539250.0, 3072650.0 ], [ 4539150.0, 3072150.0 ], [ 4538950.0, 3072550.0 ] ] ] } },
{ "type": "Feature", "properties": { "ID": "Großrückerswalde_145210250_c0", "GEN": "Großrückerswalde", "ARS": "145210250", "LAN": "Sachsen", "area": 0.135, "centroid": "POINT (4540930.246914 3061982.098765)", "DH_demand": 370.35986005403555, "total_demand_cells": 1162.6612396240234, "total_demand_area": 4019.984130859375, "share_DH": 10.593514432424369, "heat_density_DH": 2.7434063707706344, "heat_density": 29.777660228587969, "DH_supplied_households": 21.0, "DH_cells": [ [ 4540850, 3061750 ], [ 4540650, 3061950 ], [ 4540550, 3062050 ], [ 4540850, 3062050 ], [ 4541250, 3062050 ], [ 4541050, 3062150 ], [ 4541250, 3062150 ] ] }, "geometry": { "type": "Polygon", "coordinates": [ [ [ 4540650.0, 3061950.0 ], [ 4540550.0, 3062050.0 ], [ 4540850.0, 3062050.0 ], [ 4541050.0, 3062150.0 ], [ 4541250.0, 3062150.0 ], [ 4541250.0, 3062050.0 ], [ 4540850.0, 3061750.0 ], [ 4540650.0, 3061950.0 ] ] ] } },
{ "type": "Feature", "properties": { "ID": "Grünhain-Beierfeld_145210260_c0", "GEN": "Grünhain-Beierfeld", "ARS": "145210260", "LAN": "Sachsen", "area": 0.07, "centroid": "POINT (4518573.809524 3052959.52381)", "DH_demand": 230.67017881223722, "total_demand_cells": 554.23435974121094, "total_demand_area": 2140.906005859375, "share_DH": 12.388945480198348, "heat_density_DH": 3.2952882687462468, "heat_density": 30.584371512276793, "DH_supplied_households": 41.0, "DH_cells": [ [ 4518850, 3052750 ], [ 4518450, 3052850 ], [ 4518550, 3052850 ], [ 4518750, 3052850 ], [ 4518450, 3052950 ], [ 4518450, 3053250 ] ] }, "geometry": { "type": "Polygon", "coordinates": [ [ [ 4518550.0, 3052850.0 ], [ 4518450.0, 3052850.0 ], [ 4518450.0, 3052950.0 ], [ 4518450.0, 3053250.0 ], [ 4518750.0, 3052850.0 ], [ 4518850.0, 3052750.0 ], [ 4518550.0, 3052850.0 ] ] ] } },
{ "type": "Feature", "properties": { "ID": "Grünhain-Beierfeld_145210260_c1", "GEN": "Grünhain-Beierfeld", "ARS": "145210260", "LAN": "Sachsen", "area": 0.125, "centroid": "POINT (4518423.333333 3054068.666667)", "DH_demand": 547.96417413670576, "total_demand_cells": 1626.1271896362305, "total_demand_area": 5651.068359375, "share_DH": 11.149672072515054, "heat_density_DH": 4.3837133930936458, "heat_density": 45.208546875000003, "DH_supplied_households": 35.0, "DH_cells": [ [ 4517950, 3053950 ], [ 4518350, 3053950 ], [ 4518650, 3053950 ], [ 4518650, 3054150 ], [ 4518550, 3054250 ], [ 4518750, 3054250 ] ] }, "geometry": { "type": "Polygon", "coordinates": [ [ [ 4518350.0, 3053950.0 ], [ 4517950.0, 3053950.0 ], [ 4518550.0, 3054250.0 ], [ 4518750.0, 3054250.0 ], [ 4518650.0, 3054150.0 ], [ 4518650.0, 3053950.0 ], [ 4518350.0, 3053950.0 ] ] ] } },
{ "type": "Feature", "properties": { "ID": "Grünhain-Beierfeld_145210260_c2", "GEN": "Grünhain-Beierfeld", "ARS": "145210260", "LAN": "Sachsen", "area": 0.41, "centroid": "POINT (4519942.682927 3055958.943089)", "DH_demand": 489.31815654924395, "total_demand_cells": 2388.1647262573242, "total_demand_area": 12843.0595703125, "share_DH": 4.3808998384523825, "heat_density_DH": 1.1934589184127902, "heat_density": 31.324535537347561, "DH_supplied_households": 24.0, "DH_cells": [ [ 4520350, 3055450 ], [ 4519950, 3055550 ], [ 4519750, 3055750 ], [ 4519850, 3055750 ], [ 4519450, 3055850 ], [ 4519750, 3055850 ], [ 4520050, 3056250 ], [ 4520050, 3056650 ] ] }, "geometry": { "type": "Polygon", "coordinates": [ [ [ 4519850.0, 3055750.0 ], [ 4519750.0, 3055750.0 ], [ 4519750.0, 3055850.0 ], [ 4519450.0, 3055850.0 ], [ 4520050.0, 3056650.0 ], [ 4520050.0, 3056250.0 ], [ 4520350.0, 3055450.0 ], [ 4519950.0, 3055550.0 ], [ 4519850.0, 3055750.0 ] ] ] } },
{ "type": "Feature", "properties": { "ID": "Hohndorf_145210290_c0", "GEN": "Hohndorf", "ARS": "145210290", "LAN": "Sachsen", "area": 0.58, "centroid": "POINT (4509240.517241 3073823.850575)", "DH_demand": 554.98092407222782, "total_demand_cells": 2161.4195404052734, "total_demand_area": 13879.54296875, "share_DH": 4.5977291112347016, "heat_density_DH": 0.95686366219349628, "heat_density": 23.930246497844827, "DH_supplied_households": 72.0, "DH_cells": [ [ 4510250, 3073050 ], [ 4510150, 3073250 ], [ 4510150, 3073350 ], [ 4509850, 3073550 ], [ 4509950, 3073550 ], [ 4508550, 3073750 ], [ 4508750, 3073750 ], [ 4510050, 3073750 ], [ 4509450, 3073950 ], [ 4508450, 3074150 ], [ 4509050, 3074150 ] ] }, "geometry": { "type": "Polygon", "coordinates": [ [ [ 4508450.0, 3074150.0 ], [ 4509050.0, 3074150.0 ], [ 4509450.0, 3073950.0 ], [ 4510050.0, 3073750.0 ], [ 4509950.0, 3073550.0 ], [ 4510150.0, 3073350.0 ], [ 4510150.0, 3073250.0 ], [ 4510250.0, 3073050.0 ], [ 4509850.0, 3073550.0 ], [ 4508750.0, 3073750.0 ], [ 4508550.0, 3073750.0 ], [ 4508450.0, 3074150.0 ] ] ] } },
{ "type": "Feature", "properties": { "ID": "Jahnsdorf/Erzgeb._145210310_c0", "GEN": "Jahnsdorf/Erzgeb.", "ARS": "145210310", "LAN": "Sachsen", "area": 0.07, "centroid": "POINT (4522792.857143 3075166.666667)", "DH_demand": 233.4814784754123, "total_demand_cells": 1214.7706680297852, "total_demand_area": 3090.818359375, "share_DH": 8.6859923277072504, "heat_density_DH": 3.3354496925058905, "heat_density": 44.154547991071439, "DH_supplied_households": 21.0, "DH_cells": [ [ 4522850, 3075050 ], [ 4522950, 3075050 ], [ 4522550, 3075150 ], [ 4522850, 3075150 ], [ 4523050, 3075150 ], [ 4523050, 3075250 ], [ 4522650, 3075350 ] ] }, "geometry": { "type": "Polygon", "coordinates": [ [ [ 4522550.0, 3075150.0 ], [ 4522650.0, 3075350.0 ], [ 4522850.0, 3075150.0 ], [ 4523050.0, 3075250.0 ], [ 4523050.0, 3075150.0 ], [ 4522950.0, 3075050.0 ], [ 4522850.0, 3075050.0 ], [ 4522550.0, 3075150.0 ] ] ] } },
{ "type": "Feature", "properties": { "ID": "Jahnsdorf/Erzgeb._145210310_c2", "GEN": "Jahnsdorf/Erzgeb.", "ARS": "145210310", "LAN": "Sachsen", "area": 0.045, "centroid": "POINT (4520479.62963 3076609.259259)", "DH_demand": 383.4447302373884, "total_demand_cells": 713.42710995674133, "total_demand_area": 2008.4541015625, "share_DH": 21.952366871845243, "heat_density_DH": 8.5209940052752984, "heat_density": 44.632313368055556, "DH_supplied_households": 77.0, "DH_cells": [ [ 4520750, 3076350 ], [ 4520250, 3076650 ], [ 4520350, 3076650 ], [ 4520350, 3076750 ], [ 4520450, 3076750 ] ] }, "geometry": { "type": "Polygon", "coordinates": [ [ [ 4520350.0, 3076650.0 ], [ 4520250.0, 3076650.0 ], [ 4520350.0, 3076750.0 ], [ 4520450.0, 3076750.0 ], [ 4520750.0, 3076350.0 ], [ 4520350.0, 3076650.0 ] ] ] } },
{ "type": "Feature", "properties": { "ID": "Johanngeorgenstadt_145210320_c0", "GEN": "Johanngeorgenstadt", "ARS": "145210320", "LAN": "Sachsen", "area": 0.03, "centroid": "POINT (4513522.222222 3039483.333333)", "DH_demand": 1136.8530191218201, "total_demand_cells": 1567.312740445137, "total_demand_area": 1972.35693359375, "share_DH": 66.276459196379477, "heat_density_DH": 37.895100637394002, "heat_density": 65.745231119791669, "DH_supplied_households": 347.0, "DH_cells": [ [ 4513550, 3039350 ], [ 4513350, 3039450 ], [ 4513450, 3039450 ], [ 4513550, 3039450 ], [ 4513550, 3039550 ], [ 4513650, 3039550 ], [ 4513650, 3039650 ] ] }, "geometry": { "type": "Polygon", "coordinates": [ [ [ 4513350.0, 3039450.0 ], [ 4513550.0, 3039550.0 ], [ 4513650.0, 3039650.0 ], [ 4513650.0, 3039550.0 ], [ 4513550.0, 3039450.0 ], [ 4513550.0, 3039350.0 ], [ 4513350.0, 3039450.0 ] ] ] } },
{ "type": "Feature", "properties": { "ID": "Johanngeorgenstadt_145210320_c1", "GEN": "Johanngeorgenstadt", "ARS": "145210320", "LAN": "Sachsen", "area": 0.045, "centroid": "POINT (4512516.666667 3040390.740741)", "DH_demand": 772.87634723665906, "total_demand_cells": 2303.9263000488281, "total_demand_area": 4837.166015625, "share_DH": 18.372130157173334, "heat_density_DH": 17.175029938592424, "heat_density": 107.49257812499999, "DH_supplied_households": 97.0, "DH_cells": [ [ 4512450, 3040150 ], [ 4512550, 3040250 ], [ 4512550, 3040350 ], [ 4512650, 3040450 ], [ 4512450, 3040550 ], [ 4512550, 3040550 ] ] }, "geometry": { "type": "Polygon", "coordinates": [ [ [ 4512450.0, 3040150.0 ], [ 4512450.0, 3040550.0 ], [ 4512550.0, 3040550.0 ], [ 4512650.0, 3040450.0 ], [ 4512550.0, 3040350.0 ], [ 4512550.0, 3040250.0 ], [ 4512450.0, 3040150.0 ] ] ] } },
{ "type": "Feature", "properties": { "ID": "Lauter-Bernsbach_145210355_c0", "GEN": "Lauter-Bernsbach", "ARS": "145210355", "LAN": "Sachsen", "area": 0.435, "centroid": "POINT (4514927.011494 3053550)", "DH_demand": 357.32468309373479, "total_demand_cells": 1909.5936145782471, "total_demand_area": 16117.9384765625, "share_DH": 2.5491419116522156, "heat_density_DH": 0.82143605308904555, "heat_density": 37.052732130028737, "DH_supplied_households": 36.0, "DH_cells": [ [ 4515050, 3053050 ], [ 4515150, 3053050 ], [ 4514450, 3053350 ], [ 4514650, 3053350 ], [ 4515050, 3053450 ], [ 4515450, 3053550 ], [ 4515050, 3053750 ], [ 4515050, 3053850 ], [ 4515150, 3053850 ], [ 4514850, 3054050 ] ] }, "geometry": { "type": "Polygon", "coordinates": [ [ [ 4514650.0, 3053350.0 ], [ 4514450.0, 3053350.0 ], [ 4514850.0, 3054050.0 ], [ 4515050.0, 3053850.0 ], [ 4515150.0, 3053850.0 ], [ 4515450.0, 3053550.0 ], [ 4515050.0, 3053450.0 ], [ 4515150.0, 3053050.0 ], [ 4515050.0, 3053050.0 ], [ 4514650.0, 3053350.0 ] ] ] } },
{ "type": "Feature", "properties": { "ID": "Lößnitz_145210370_c0", "GEN": "Lößnitz", "ARS": "145210370", "LAN": "Sachsen", "area": 0.445, "centroid": "POINT (4513864.981273 3059905.05618)", "DH_demand": 10073.236570906131, "total_demand_cells": 14942.948467254639, "total_demand_area": 26138.2578125, "share_DH": 44.313176861221393, "heat_density_DH": 22.636486676193552, "heat_density": 58.73765800561798, "DH_supplied_households": 2083.0, "DH_cells": [ [ 4513150, 3058750 ], [ 4512950, 3058850 ], [ 4513050, 3058850 ], [ 4513150, 3058850 ], [ 4513250, 3058850 ], [ 4512950, 3058950 ], [ 4513050, 3058950 ], [ 4513150, 3058950 ], [ 4513250, 3058950 ], [ 4513150, 3059050 ], [ 4513250, 3059050 ], [ 4513350, 3059050 ], [ 4513150, 3059150 ], [ 4513350, 3059150 ], [ 4513050, 3059250 ], [ 4513250, 3059250 ], [ 4513350, 3059250 ], [ 4513450, 3059250 ], [ 4513050, 3059350 ], [ 4513250, 3059350 ], [ 4513350, 3059350 ], [ 4513450, 3059350 ], [ 4513250, 3059450 ], [ 4513350, 3059450 ], [ 4513450, 3059450 ], [ 4513550, 3059650 ], [ 4513650, 3059650 ], [ 4513550, 3059750 ], [ 4513650, 3059750 ], [ 4513650, 3059850 ], [ 4513750, 3059850 ], [ 4513650, 3059950 ], [ 4513750, 3059950 ], [ 4513850, 3059950 ], [ 4514150, 3060150 ], [ 4514050, 3060250 ], [ 4514150, 3060250 ], [ 4514250, 3060250 ], [ 4514450, 3060250 ], [ 4514150, 3060350 ], [ 4514450, 3060550 ], [ 4514750, 3060550 ], [ 4514450, 3060750 ], [ 4514350, 3060950 ] ] }, "geometry": { "type": "Polygon", "coordinates": [ [ [ 4513050.0, 3058850.0 ], [ 4512950.0, 3058850.0 ], [ 4512950.0, 3058950.0 ], [ 4513050.0, 3058950.0 ], [ 4513150.0, 3058950.0 ], [ 4513150.0, 3059050.0 ], [ 4513150.0, 3059150.0 ], [ 4513050.0, 3059250.0 ], [ 4513050.0, 3059350.0 ], [ 4513250.0, 3059350.0 ], [ 4513250.0, 3059450.0 ], [ 4513350.0, 3059450.0 ], [ 4513550.0, 3059650.0 ], [ 4513550.0, 3059750.0 ], [ 4513650.0, 3059750.0 ], [ 4513650.0, 3059850.0 ], [ 4513650.0, 3059950.0 ], [ 4513750.0, 3059950.0 ], [ 4513850.0, 3059950.0 ], [ 4514150.0, 3060150.0 ], [ 4514050.0, 3060250.0 ], [ 4514150.0, 3060350.0 ], [ 4514350.0, 3060950.0 ], [ 4514450.0, 3060750.0 ], [ 4514450.0, 3060550.0 ], [ 4514750.0, 3060550.0 ], [ 4514450.0, 3060250.0 ], [ 4513750.0, 3059850.0 ], [ 4513650.0, 3059650.0 ], [ 4513450.0, 3059450.0 ], [ 4513450.0, 3059350.0 ], [ 4513450.0, 3059250.0 ], [ 4513350.0, 3059250.0 ], [ 4513350.0, 3059150.0 ], [ 4513350.0, 3059050.0 ], [ 4513250.0, 3059050.0 ], [ 4513250.0, 3058950.0 ], [ 4513250.0, 3058850.0 ], [ 4513150.0, 3058850.0 ], [ 4513150.0, 3058750.0 ], [ 4513050.0, 3058850.0 ] ] ] } },
{ "type": "Feature", "properties": { "ID": "Marienberg_145210390_c0", "GEN": "Marienberg", "ARS": "145210390", "LAN": "Sachsen", "area": 0.16, "centroid": "POINT (4548663.541667 3063138.541667)", "DH_demand": 413.54025559905102, "total_demand_cells": 902.62349510192871, "total_demand_area": 2029.96923828125, "share_DH": 23.424418850941553, "heat_density_DH": 2.584626597494069, "heat_density": 12.687307739257813, "DH_supplied_households": 18.0, "DH_cells": [ [ 4548350, 3062650 ], [ 4548350, 3062750 ], [ 4548450, 3062750 ], [ 4548850, 3063050 ], [ 4548650, 3063450 ], [ 4548750, 3063650 ] ] }, "geometry": { "type": "Polygon", "coordinates": [ [ [ 4548350.0, 3062650.0 ], [ 4548350.0, 3062750.0 ], [ 4548450.0, 3062750.0 ], [ 4548650.0, 3063450.0 ], [ 4548750.0, 3063650.0 ], [ 4548850.0, 3063050.0 ], [ 4548350.0, 3062650.0 ] ] ] } },
{ "type": "Feature", "properties": { "ID": "Marienberg_145210390_c1", "GEN": "Marienberg", "ARS": "145210390", "LAN": "Sachsen", "area": 1.39, "centroid": "POINT (4544239.568345 3064558.872902)", "DH_demand": 6272.0357819038145, "total_demand_cells": 10750.307540893555, "total_demand_area": 43426.76953125, "share_DH": 16.607011767819003, "heat_density_DH": 4.5122559582041832, "heat_density": 31.242280238309352, "DH_supplied_households": 1692.0, "DH_cells": [ [ 4543750, 3063950 ], [ 4543850, 3063950 ], [ 4543950, 3063950 ], [ 4543850, 3064050 ], [ 4543950, 3064050 ], [ 4544050, 3064050 ], [ 4544350, 3064050 ], [ 4543950, 3064150 ], [ 4544050, 3064150 ], [ 4545450, 3064150 ], [ 4545550, 3064150 ], [ 4543750, 3064250 ], [ 4543850, 3064250 ], [ 4543950, 3064250 ], [ 4544050, 3064250 ], [ 4544350, 3064250 ], [ 4544750, 3064250 ], [ 4545450, 3064250 ], [ 4545550, 3064250 ], [ 4543650, 3064350 ], [ 4543750, 3064350 ], [ 4543850, 3064350 ], [ 4545350, 3064350 ], [ 4545450, 3064350 ], [ 4543150, 3064450 ], [ 4543750, 3064450 ], [ 4543850, 3064450 ], [ 4545050, 3064450 ], [ 4544550, 3064550 ], [ 4544650, 3064550 ], [ 4544450, 3064650 ], [ 4544550, 3064650 ], [ 4543950, 3064750 ], [ 4544850, 3064750 ], [ 4543950, 3064850 ], [ 4544550, 3064850 ], [ 4544650, 3064850 ], [ 4543650, 3064950 ], [ 4543750, 3064950 ], [ 4543850, 3064950 ], [ 4544850, 3064950 ], [ 4544150, 3065350 ] ] }, "geometry": { "type": "Polygon", "coordinates": [ [ [ 4543750.0, 3064250.0 ], [ 4543750.0, 3064350.0 ], [ 4543650.0, 3064350.0 ], [ 4543150.0, 3064450.0 ], [ 4543650.0, 3064950.0 ], [ 4543750.0, 3064950.0 ], [ 4543850.0, 3064950.0 ], [ 4544150.0, 3065350.0 ], [ 4544550.0, 3064850.0 ], [ 4544650.0, 3064850.0 ], [ 4544850.0, 3064950.0 ], [ 4544850.0, 3064750.0 ], [ 4545050.0, 3064450.0 ], [ 4545350.0, 3064350.0 ], [ 4545450.0, 3064350.0 ], [ 4545450.0, 3064250.0 ], [ 4545550.0, 3064250.0 ], [ 4545550.0, 3064150.0 ], [ 4545450.0, 3064150.0 ], [ 4544750.0, 3064250.0 ], [ 4544350.0, 3064250.0 ], [ 4544350.0, 3064050.0 ], [ 4544050.0, 3064050.0 ], [ 4543950.0, 3064050.0 ], [ 4543950.0, 3063950.0 ], [ 4543850.0, 3063950.0 ], [ 4543750.0, 3063950.0 ], [ 4543750.0, 3064250.0 ] ] ] } },
{ "type": "Feature", "properties": { "ID": "Mildenau_145210400_c0", "GEN": "Mildenau", "ARS": "145210400", "LAN": "Sachsen", "area": 0.225, "centroid": "POINT (4538204.074074 3058027.777778)", "DH_demand": 178.30418230341715, "total_demand_cells": 723.94193434715271, "total_demand_area": 4332.65380859375, "share_DH": 4.7320359025880823, "heat_density_DH": 0.7924630324596319, "heat_density": 19.256239149305557, "DH_supplied_households": 21.0, "DH_cells": [ [ 4538350, 3057450 ], [ 4538050, 3057750 ], [ 4538150, 3057950 ], [ 4538250, 3058150 ], [ 4538350, 3058150 ], [ 4538350, 3058250 ], [ 4537950, 3058650 ] ] }, "geometry": { "type": "Polygon", "coordinates": [ [ [ 4538150.0, 3057950.0 ], [ 4537950.0, 3058650.0 ], [ 4538350.0, 3058250.0 ], [ 4538350.0, 3058150.0 ], [ 4538350.0, 3057450.0 ], [ 4538050.0, 3057750.0 ], [ 4538150.0, 3057950.0 ] ] ] } },
{ "type": "Feature", "properties": { "ID": "Neukirchen/Erzgeb._145210410_c0", "GEN": "Neukirchen/Erzgeb.", "ARS": "145210410", "LAN": "Sachsen", "area": 0.17, "centroid": "POINT (4524242.156863 3075481.372549)", "DH_demand": 467.48417341651566, "total_demand_cells": 1616.1498318910599, "total_demand_area": 4160.396484375, "share_DH": 12.920302498182751, "heat_density_DH": 2.7499069024500926, "heat_density": 24.472920496323532, "DH_supplied_households": 63.0, "DH_cells": [ [ 4524250, 3074950 ], [ 4524150, 3075150 ], [ 4523950, 3075550 ], [ 4524250, 3075550 ], [ 4524350, 3075550 ], [ 4524750, 3075550 ], [ 4523950, 3075650 ], [ 4524150, 3075650 ], [ 4524350, 3075650 ], [ 4524550, 3075650 ], [ 4524550, 3075750 ], [ 4524650, 3075750 ] ] }, "geometry": { "type": "Polygon", "coordinates": [ [ [ 4524150.0, 3075150.0 ], [ 4523950.0, 3075550.0 ], [ 4523950.0, 3075650.0 ], [ 4524150.0, 3075650.0 ], [ 4524350.0, 3075650.0 ], [ 4524550.0, 3075750.0 ], [ 4524650.0, 3075750.0 ], [ 4524750.0, 3075550.0 ], [ 4524550.0, 3075650.0 ], [ 4524350.0, 3075550.0 ], [ 4524250.0, 3075550.0 ], [ 4524250.0, 3074950.0 ], [ 4524150.0, 3075150.0 ] ] ] } },
{ "type": "Feature", "properties": { "ID": "Neukirchen/Erzgeb._145210410_c2", "GEN": "Neukirchen/Erzgeb.", "ARS": "145210410", "LAN": "Sachsen", "area": 0.2, "centroid": "POINT (4524370 3077460)", "DH_demand": 191.72309938900079, "total_demand_cells": 472.95205688476562, "total_demand_area": 3893.76708984375, "share_DH": 5.6616753294817626, "heat_density_DH": 0.95861549694500414, "heat_density": 19.468835449218751, "DH_supplied_households": 23.0, "DH_cells": [ [ 4524450, 3077250 ], [ 4524950, 3077350 ], [ 4525050, 3077350 ], [ 4523950, 3077550 ], [ 4523750, 3077750 ] ] }, "geometry": { "type": "Polygon", "coordinates": [ [ [ 4523750.0, 3077750.0 ], [ 4525050.0, 3077350.0 ], [ 4524950.0, 3077350.0 ], [ 4524450.0, 3077250.0 ], [ 4523950.0, 3077550.0 ], [ 4523750.0, 3077750.0 ] ] ] } },
{ "type": "Feature", "properties": { "ID": "Oberwiesenthal_145210440_c0", "GEN": "Oberwiesenthal", "ARS": "145210440", "LAN": "Sachsen", "area": 0.05, "centroid": "POINT (4531876.666667 3038173.333333)", "DH_demand": 493.89795818547645, "total_demand_cells": 1327.305591583252, "total_demand_area": 1975.2784423828125, "share_DH": 28.750764459898985, "heat_density_DH": 9.8779591637095301, "heat_density": 39.505568847656257, "DH_supplied_households": 101.0, "DH_cells": [ [ 4531550, 3038050 ], [ 4531750, 3038050 ], [ 4531650, 3038150 ], [ 4531750, 3038150 ], [ 4531850, 3038150 ], [ 4531850, 3038250 ], [ 4532150, 3038250 ], [ 4532250, 3038250 ], [ 4532250, 3038350 ] ] }, "geometry": { "type": "Polygon", "coordinates": [ [ [ 4531550.0, 3038050.0 ], [ 4531650.0, 3038150.0 ], [ 4531750.0, 3038150.0 ], [ 4531850.0, 3038250.0 ], [ 4532150.0, 3038250.0 ], [ 4532250.0, 3038350.0 ], [ 4532250.0, 3038250.0 ], [ 4531850.0, 3038150.0 ], [ 4531750.0, 3038050.0 ], [ 4531550.0, 3038050.0 ] ] ] } },
{ "type": "Feature", "properties": { "ID": "Oberwiesenthal_145210440_c1", "GEN": "Oberwiesenthal", "ARS": "145210440", "LAN": "Sachsen", "area": 0.01, "centroid": "POINT (4532616.666667 3039316.666667)", "DH_demand": 475.85882298549666, "total_demand_cells": 547.16538619995117, "total_demand_area": 1342.8304443359375, "share_DH": 40.74716867702071, "heat_density_DH": 47.585882298549663, "heat_density": 134.28304443359374, "DH_supplied_households": 17.0, "DH_cells": [ [ 4532050, 3039050 ], [ 4532450, 3039250 ], [ 4533350, 3039650 ] ] }, "geometry": { "type": "Polygon", "coordinates": [ [ [ 4532050.0, 3039050.0 ], [ 4532450.0, 3039250.0 ], [ 4533350.0, 3039650.0 ], [ 4532050.0, 3039050.0 ] ] ] } },
{ "type": "Feature", "properties": { "ID": "Oelsnitz/Erzgeb._145210450_c0", "GEN": "Oelsnitz/Erzgeb.", "ARS": "145210450", "LAN": "Sachsen", "area": 0.385, "centroid": "POINT (4513869.91342 3069188.095238)", "DH_demand": 273.22885200340124, "total_demand_cells": 1150.5373458862305, "total_demand_area": 7888.423828125, "share_DH": 3.9826928196682063, "heat_density_DH": 0.70968532987896427, "heat_density": 20.489412540584414, "DH_supplied_households": 27.0, "DH_cells": [ [ 4513350, 3068450 ], [ 4513250, 3068850 ], [ 4513450, 3068850 ], [ 4513950, 3069150 ], [ 4514350, 3069350 ], [ 4514350, 3069750 ], [ 4514250, 3069850 ] ] }, "geometry": { "type": "Polygon", "coordinates": [ [ [ 4513250.0, 3068850.0 ], [ 4513450.0, 3068850.0 ], [ 4514250.0, 3069850.0 ], [ 4514350.0, 3069750.0 ], [ 4514350.0, 3069350.0 ], [ 4513950.0, 3069150.0 ], [ 4513350.0, 3068450.0 ], [ 4513250.0, 3068850.0 ] ] ] } },
{ "type": "Feature", "properties": { "ID": "Oelsnitz/Erzgeb._145210450_c2", "GEN": "Oelsnitz/Erzgeb.", "ARS": "145210450", "LAN": "Sachsen", "area": 0.705, "centroid": "POINT (4510910.047281 3071019.739953)", "DH_demand": 1220.9578437751222, "total_demand_cells": 4604.1483960151672, "total_demand_area": 14803.30078125, "share_DH": 9.4838045642009856, "heat_density_DH": 1.7318550975533649, "heat_density": 20.997589760638299, "DH_supplied_households": 89.0, "DH_cells": [ [ 4510550, 3070050 ], [ 4510450, 3070150 ], [ 4510250, 3070650 ], [ 4510450, 3071150 ], [ 4510950, 3071250 ], [ 4511150, 3071250 ], [ 4512150, 3071250 ], [ 4510950, 3071350 ], [ 4511050, 3071350 ], [ 4511650, 3071350 ], [ 4511750, 3071350 ], [ 4511750, 3071450 ], [ 4511550, 3071550 ], [ 4511650, 3071550 ], [ 4511850, 3071550 ], [ 4511950, 3071550 ], [ 4511350, 3071750 ], [ 4511550, 3071750 ], [ 4511350, 3071850 ] ] }, "geometry": { "type": "Polygon", "coordinates": [ [ [ 4510250.0, 3070650.0 ], [ 4510450.0, 3071150.0 ], [ 4510950.0, 3071350.0 ], [ 4511050.0, 3071350.0 ], [ 4511350.0, 3071750.0 ], [ 4511350.0, 3071850.0 ], [ 4511550.0, 3071750.0 ], [ 4511650.0, 3071550.0 ], [ 4511750.0, 3071450.0 ], [ 4511850.0, 3071550.0 ], [ 4511950.0, 3071550.0 ], [ 4512150.0, 3071250.0 ], [ 4511750.0, 3071350.0 ], [ 4511650.0, 3071350.0 ], [ 4511550.0, 3071550.0 ], [ 4511150.0, 3071250.0 ], [ 4510950.0, 3071250.0 ], [ 4510550.0, 3070050.0 ], [ 4510450.0, 3070150.0 ], [ 4510250.0, 3070650.0 ] ] ] } },
{ "type": "Feature", "properties": { "ID": "Oelsnitz/Erzgeb._145210450_c3", "GEN": "Oelsnitz/Erzgeb.", "ARS": "145210450", "LAN": "Sachsen", "area": 0.42, "centroid": "POINT (4514182.539683 3071499.206349)", "DH_demand": 360.07247472912121, "total_demand_cells": 2011.4155960083008, "total_demand_area": 10049.4912109375, "share_DH": 4.1198968130059095, "heat_density_DH": 0.85731541602171712, "heat_density": 23.927360026041665, "DH_supplied_households": 40.0, "DH_cells": [ [ 4514350, 3071150 ], [ 4513950, 3071350 ], [ 4513450, 3071450 ], [ 4514350, 3071550 ], [ 4514750, 3071550 ], [ 4513850, 3071650 ], [ 4514250, 3071650 ], [ 4513950, 3071750 ], [ 4514250, 3071750 ], [ 4514450, 3071750 ] ] }, "geometry": { "type": "Polygon", "coordinates": [ [ [ 4513950.0, 3071350.0 ], [ 4513450.0, 3071450.0 ], [ 4513850.0, 3071650.0 ], [ 4513950.0, 3071750.0 ], [ 4514250.0, 3071750.0 ], [ 4514450.0, 3071750.0 ], [ 4514750.0, 3071550.0 ], [ 4514350.0, 3071150.0 ], [ 4513950.0, 3071350.0 ] ] ] } },
{ "type": "Feature", "properties": { "ID": "Olbernhau_145210460_c0", "GEN": "Olbernhau", "ARS": "145210460", "LAN": "Sachsen", "area": 1.445, "centroid": "POINT (4556817.474048 3066127.623991)", "DH_demand": 2458.2390617869119, "total_demand_cells": 5730.2540855407715, "total_demand_area": 32112.3359375, "share_DH": 8.8022298889175072, "heat_density_DH": 1.7012035029667212, "heat_density": 22.22306985294118, "DH_supplied_households": 549.0, "DH_cells": [ [ 4557650, 3065250 ], [ 4556750, 3065650 ], [ 4556850, 3065650 ], [ 4556650, 3065750 ], [ 4557950, 3065750 ], [ 4556250, 3065850 ], [ 4557550, 3065850 ], [ 4557850, 3065850 ], [ 4557950, 3065850 ], [ 4558050, 3065850 ], [ 4556450, 3065950 ], [ 4557450, 3065950 ], [ 4557750, 3065950 ], [ 4557950, 3065950 ], [ 4557550, 3066050 ], [ 4557650, 3066050 ], [ 4557750, 3066050 ], [ 4557850, 3066050 ], [ 4557150, 3066150 ], [ 4557750, 3066150 ], [ 4557850, 3066150 ], [ 4555550, 3066250 ], [ 4556350, 3066250 ], [ 4556850, 3066250 ], [ 4557550, 3066250 ], [ 4555750, 3066350 ], [ 4556950, 3066350 ], [ 4557050, 3066350 ], [ 4555850, 3066550 ], [ 4556650, 3066750 ], [ 4556550, 3066850 ], [ 4556350, 3066950 ] ] }, "geometry": { "type": "Polygon", "coordinates": [ [ [ 4556350.0, 3066250.0 ], [ 4555550.0, 3066250.0 ], [ 4555750.0, 3066350.0 ], [ 4555850.0, 3066550.0 ], [ 4556350.0, 3066950.0 ], [ 4556550.0, 3066850.0 ], [ 4556650.0, 3066750.0 ], [ 4556950.0, 3066350.0 ], [ 4557050.0, 3066350.0 ], [ 4557150.0, 3066150.0 ], [ 4557550.0, 3066250.0 ], [ 4557550.0, 3066050.0 ], [ 4557650.0, 3066050.0 ], [ 4557750.0, 3066050.0 ], [ 4557750.0, 3066150.0 ], [ 4557850.0, 3066150.0 ], [ 4557850.0, 3066050.0 ], [ 4557950.0, 3065950.0 ], [ 4558050.0, 3065850.0 ], [ 4557950.0, 3065750.0 ], [ 4557850.0, 3065850.0 ], [ 4557750.0, 3065950.0 ], [ 4557550.0, 3065850.0 ], [ 4557650.0, 3065250.0 ], [ 4556850.0, 3065650.0 ], [ 4556750.0, 3065650.0 ], [ 4556650.0, 3065750.0 ], [ 4556450.0, 3065950.0 ], [ 4556250.0, 3065850.0 ], [ 4556350.0, 3066250.0 ] ] ] } },
{ "type": "Feature", "properties": { "ID": "Pockau-Lengefeld_145210495_c1", "GEN": "Pockau-Lengefeld", "ARS": "145210495", "LAN": "Sachsen", "area": 0.295, "centroid": "POINT (4546449.435028 3072434.180791)", "DH_demand": 484.73562722555653, "total_demand_cells": 2150.5421142578125, "total_demand_area": 11752.490234375, "share_DH": 4.7425894597474372, "heat_density_DH": 1.643171617713751, "heat_density": 39.838949947033896, "DH_supplied_households": 56.0, "DH_cells": [ [ 4546150, 3072050 ], [ 4546550, 3072250 ], [ 4547050, 3072250 ], [ 4546650, 3072450 ], [ 4546550, 3072550 ], [ 4546650, 3072650 ], [ 4546350, 3072750 ], [ 4546650, 3072750 ], [ 4546250, 3072850 ] ] }, "geometry": { "type": "Polygon", "coordinates": [ [ [ 4546550.0, 3072250.0 ], [ 4546150.0, 3072050.0 ], [ 4546250.0, 3072850.0 ], [ 4546350.0, 3072750.0 ], [ 4546650.0, 3072750.0 ], [ 4546650.0, 3072650.0 ], [ 4546550.0, 3072550.0 ], [ 4546650.0, 3072450.0 ], [ 4547050.0, 3072250.0 ], [ 4546550.0, 3072250.0 ] ] ] } },
{ "type": "Feature", "properties": { "ID": "Raschau-Markersbach_145210500_c0", "GEN": "Raschau-Markersbach", "ARS": "145210500", "LAN": "Sachsen", "area": 0.15, "centroid": "POINT (4521352.222222 3050024.444444)", "DH_demand": 233.72938602181426, "total_demand_cells": 1645.2713861465454, "total_demand_area": 5665.21875, "share_DH": 4.7439174628821332, "heat_density_DH": 1.5581959068120952, "heat_density": 37.768125, "DH_supplied_households": 42.0, "DH_cells": [ [ 4521150, 3049650 ], [ 4521550, 3049850 ], [ 4521650, 3049850 ], [ 4521450, 3049950 ], [ 4521550, 3049950 ], [ 4521550, 3050150 ], [ 4521250, 3050350 ] ] }, "geometry": { "type": "Polygon", "coordinates": [ [ [ 4521550.0, 3049850.0 ], [ 4521450.0, 3049950.0 ], [ 4521150.0, 3049650.0 ], [ 4521250.0, 3050350.0 ], [ 4521550.0, 3050150.0 ], [ 4521550.0, 3049950.0 ], [ 4521650.0, 3049850.0 ], [ 4521550.0, 3049850.0 ] ] ] } },
{ "type": "Feature", "properties": { "ID": "Schneeberg_145210530_c0", "GEN": "Schneeberg", "ARS": "145210530", "LAN": "Sachsen", "area": 0.01, "centroid": "POINT (4507000 3054800)", "DH_demand": 355.7154249757686, "total_demand_cells": 409.01872253417969, "total_demand_area": 409.01873779296875, "share_DH": 99.999996269415632, "heat_density_DH": 35.571542497576857, "heat_density": 40.901873779296878, "DH_supplied_households": 121.0, "DH_cells": [ [ 4506950, 3054750 ], [ 4507050, 3054750 ], [ 4506950, 3054850 ], [ 4507050, 3054850 ] ] }, "geometry": { "type": "Polygon", "coordinates": [ [ [ 4506950.0, 3054750.0 ], [ 4506950.0, 3054850.0 ], [ 4507050.0, 3054850.0 ], [ 4507050.0, 3054750.0 ], [ 4506950.0, 3054750.0 ] ] ] } },
{ "type": "Feature", "properties": { "ID": "Schneeberg_145210530_c1", "GEN": "Schneeberg", "ARS": "145210530", "LAN": "Sachsen", "area": 2.355, "centroid": "POINT (4507809.518754 3057077.034678)", "DH_demand": 33660.943474597792, "total_demand_cells": 48710.001469135284, "total_demand_area": 94440.734375, "share_DH": 40.983346605572393, "heat_density_DH": 14.293394256729423, "heat_density": 40.102222664543525, "DH_supplied_households": 3664.0, "DH_cells": [ [ 4507850, 3055150 ], [ 4508050, 3055150 ], [ 4508150, 3055150 ], [ 4507650, 3055250 ], [ 4507950, 3055250 ], [ 4508050, 3055250 ], [ 4507550, 3055750 ], [ 4507650, 3055850 ], [ 4507750, 3055850 ], [ 4508150, 3055850 ], [ 4507550, 3055950 ], [ 4507950, 3055950 ], [ 4507350, 3056050 ], [ 4506850, 3056150 ], [ 4507550, 3056150 ], [ 4508250, 3056150 ], [ 4507650, 3056250 ], [ 4507750, 3056450 ], [ 4508150, 3056550 ], [ 4508250, 3056550 ], [ 4508050, 3056750 ], [ 4508150, 3056750 ], [ 4507850, 3056850 ], [ 4508250, 3056850 ], [ 4508350, 3056850 ], [ 4508050, 3056950 ], [ 4508150, 3056950 ], [ 4508450, 3056950 ], [ 4507750, 3057050 ], [ 4508050, 3057050 ], [ 4508050, 3057150 ], [ 4507350, 3057350 ], [ 4508150, 3057450 ], [ 4508450, 3057450 ], [ 4507450, 3057550 ], [ 4507950, 3057550 ], [ 4507450, 3057650 ], [ 4507550, 3057650 ], [ 4508050, 3057650 ], [ 4508350, 3057650 ], [ 4508450, 3057650 ], [ 4507250, 3057750 ], [ 4507350, 3057750 ], [ 4507450, 3057750 ], [ 4507550, 3057750 ], [ 4508450, 3057750 ], [ 4507250, 3057850 ], [ 4507350, 3057850 ], [ 4507450, 3057850 ], [ 4507550, 3057850 ], [ 4508150, 3057850 ], [ 4507250, 3057950 ], [ 4507350, 3057950 ], [ 4507450, 3057950 ], [ 4508050, 3057950 ], [ 4507050, 3058050 ], [ 4507150, 3058050 ], [ 4507350, 3058050 ], [ 4507450, 3058050 ], [ 4507550, 3058050 ], [ 4508250, 3058050 ], [ 4506950, 3058150 ], [ 4507050, 3058150 ], [ 4507150, 3058150 ], [ 4507250, 3058150 ], [ 4507350, 3058150 ], [ 4507450, 3058150 ], [ 4507550, 3058150 ], [ 4507650, 3058150 ], [ 4507750, 3058150 ], [ 4507050, 3058250 ], [ 4507350, 3058250 ], [ 4507450, 3058250 ], [ 4507550, 3058250 ], [ 4507650, 3058250 ], [ 4507750, 3058250 ], [ 4506950, 3058350 ], [ 4507050, 3058350 ], [ 4507150, 3058350 ], [ 4507250, 3058350 ], [ 4507350, 3058350 ], [ 4507450, 3058350 ], [ 4507550, 3058350 ], [ 4507650, 3058350 ], [ 4507750, 3058350 ], [ 4506950, 3058450 ], [ 4507050, 3058450 ], [ 4507150, 3058450 ], [ 4507250, 3058450 ], [ 4507350, 3058450 ], [ 4507450, 3058450 ], [ 4507550, 3058450 ], [ 4507650, 3058450 ], [ 4507750, 3058450 ], [ 4507050, 3058550 ], [ 4507250, 3058550 ], [ 4507350, 3058550 ], [ 4507450, 3058550 ], [ 4507550, 3058550 ], [ 4507650, 3058550 ], [ 4507350, 3058650 ], [ 4507450, 3058650 ], [ 4507550, 3058650 ], [ 4507650, 3058650 ] ] }, "geometry": { "type": "Polygon", "coordinates": [ [ [ 4507550.0, 3055750.0 ], [ 4507650.0, 3055850.0 ], [ 4507550.0, 3055950.0 ], [ 4507350.0, 3056050.0 ], [ 4506850.0, 3056150.0 ], [ 4507550.0, 3056150.0 ], [ 4507650.0, 3056250.0 ], [ 4507750.0, 3056450.0 ], [ 4508050.0, 3056750.0 ], [ 4507850.0, 3056850.0 ], [ 4507750.0, 3057050.0 ], [ 4507350.0, 3057350.0 ], [ 4507450.0, 3057550.0 ], [ 4507450.0, 3057650.0 ], [ 4507450.0, 3057750.0 ], [ 4507350.0, 3057750.0 ], [ 4507250.0, 3057750.0 ], [ 4507250.0, 3057850.0 ], [ 4507250.0, 3057950.0 ], [ 4507150.0, 3058050.0 ], [ 4507050.0, 3058050.0 ], [ 4506950.0, 3058150.0 ], [ 4507050.0, 3058250.0 ], [ 4507050.0, 3058350.0 ], [ 4506950.0, 3058350.0 ], [ 4506950.0, 3058450.0 ], [ 4507050.0, 3058450.0 ], [ 4507050.0, 3058550.0 ], [ 4507250.0, 3058550.0 ], [ 4507350.0, 3058550.0 ], [ 4507350.0, 3058650.0 ], [ 4507450.0, 3058650.0 ], [ 4507550.0, 3058650.0 ], [ 4507650.0, 3058650.0 ], [ 4507650.0, 3058550.0 ], [ 4507650.0, 3058450.0 ], [ 4507750.0, 3058450.0 ], [ 4507750.0, 3058350.0 ], [ 4507750.0, 3058250.0 ], [ 4507750.0, 3058150.0 ], [ 4508250.0, 3058050.0 ], [ 4508050.0, 3057950.0 ], [ 4508150.0, 3057850.0 ], [ 4508450.0, 3057750.0 ], [ 4508450.0, 3057650.0 ], [ 4508450.0, 3057450.0 ], [ 4508450.0, 3056950.0 ], [ 4508350.0, 3056850.0 ], [ 4508250.0, 3056850.0 ], [ 4508150.0, 3056750.0 ], [ 4508150.0, 3056550.0 ], [ 4508250.0, 3056550.0 ], [ 4508250.0, 3056150.0 ], [ 4507950.0, 3055950.0 ], [ 4508150.0, 3055850.0 ], [ 4508150.0, 3055150.0 ], [ 4508050.0, 3055150.0 ], [ 4508050.0, 3055250.0 ], [ 4507950.0, 3055250.0 ], [ 4507850.0, 3055150.0 ], [ 4507650.0, 3055250.0 ], [ 4507550.0, 3055750.0 ] ] ] } },
{ "type": "Feature", "properties": { "ID": "Schneeberg_145210530_c2", "GEN": "Schneeberg", "ARS": "145210530", "LAN": "Sachsen", "area": 0.05, "centroid": "POINT (4505516.666667 3056416.666667)", "DH_demand": 182.69003491981664, "total_demand_cells": 407.89979553222656, "total_demand_area": 1717.5859375, "share_DH": 12.230293324975117, "heat_density_DH": 3.6538006983963331, "heat_density": 34.35171875, "DH_supplied_households": 16.0, "DH_cells": [ [ 4505850, 3056250 ], [ 4505450, 3056350 ], [ 4505250, 3056650 ] ] }, "geometry": { "type": "Polygon", "coordinates": [ [ [ 4505250.0, 3056650.0 ], [ 4505850.0, 3056250.0 ], [ 4505450.0, 3056350.0 ], [ 4505250.0, 3056650.0 ] ] ] } },
{ "type": "Feature", "properties": { "ID": "Schönheide_145210540_c1", "GEN": "Schönheide", "ARS": "145210540", "LAN": "Sachsen", "area": 0.025, "centroid": "POINT (4499683.333333 3046710)", "DH_demand": 233.58194072039524, "total_demand_cells": 922.05978393554688, "total_demand_area": 2099.626708984375, "share_DH": 12.791976818341697, "heat_density_DH": 9.3432776288158106, "heat_density": 83.985068359375006, "DH_supplied_households": 13.0, "DH_cells": [ [ 4499650, 3046650 ], [ 4499950, 3046650 ], [ 4499650, 3046750 ], [ 4499450, 3046850 ] ] }, "geometry": { "type": "Polygon", "coordinates": [ [ [ 4499450.0, 3046850.0 ], [ 4499650.0, 3046750.0 ], [ 4499950.0, 3046650.0 ], [ 4499650.0, 3046650.0 ], [ 4499450.0, 3046850.0 ] ] ] } },
{ "type": "Feature", "properties": { "ID": "Schwarzenberg/Erzgeb._145210550_c0", "GEN": "Schwarzenberg/Erzgeb.", "ARS": "145210550", "LAN": "Sachsen", "area": 0.04, "centroid": "POINT (4520675 3048166.666667)", "DH_demand": 515.63912193867532, "total_demand_cells": 1303.6323089599609, "total_demand_area": 2899.97509765625, "share_DH": 20.445233814157753, "heat_density_DH": 12.890978048466883, "heat_density": 72.499377441406253, "DH_supplied_households": 24.0, "DH_cells": [ [ 4520450, 3048050 ], [ 4520550, 3048050 ], [ 4520650, 3048250 ], [ 4520850, 3048250 ], [ 4520950, 3048250 ] ] }, "geometry": { "type": "Polygon", "coordinates": [ [ [ 4520450.0, 3048050.0 ], [ 4520650.0, 3048250.0 ], [ 4520850.0, 3048250.0 ], [ 4520950.0, 3048250.0 ], [ 4520550.0, 3048050.0 ], [ 4520450.0, 3048050.0 ] ] ] } },
{ "type": "Feature", "properties": { "ID": "Schwarzenberg/Erzgeb._145210550_c1", "GEN": "Schwarzenberg/Erzgeb.", "ARS": "145210550", "LAN": "Sachsen", "area": 0.005, "centroid": "POINT (4518050 3048716.666667)", "DH_demand": 365.15374136257049, "total_demand_cells": 419.87135314941406, "total_demand_area": 560.80218505859375, "share_DH": 74.869778388175334, "heat_density_DH": 73.030748272514103, "heat_density": 112.16043701171876, "DH_supplied_households": 37.0, "DH_cells": [ [ 4517950, 3048650 ], [ 4518050, 3048750 ], [ 4518150, 3048750 ] ] }, "geometry": { "type": "Polygon", "coordinates": [ [ [ 4517950.0, 3048650.0 ], [ 4518050.0, 3048750.0 ], [ 4518150.0, 3048750.0 ], [ 4517950.0, 3048650.0 ] ] ] } },
{ "type": "Feature", "properties": { "ID": "Schwarzenberg/Erzgeb._145210550_c2", "GEN": "Schwarzenberg/Erzgeb.", "ARS": "145210550", "LAN": "Sachsen", "area": 0.03, "centroid": "POINT (4518750 3049450)", "DH_demand": 207.09627426962655, "total_demand_cells": 270.81283569335938, "total_demand_area": 606.451416015625, "share_DH": 39.266008963946284, "heat_density_DH": 6.9032091423208852, "heat_density": 20.215047200520832, "DH_supplied_households": 28.0, "DH_cells": [ [ 4518750, 3049250 ], [ 4518850, 3049450 ], [ 4518650, 3049650 ] ] }, "geometry": { "type": "Polygon", "coordinates": [ [ [ 4518650.0, 3049650.0 ], [ 4518850.0, 3049450.0 ], [ 4518750.0, 3049250.0 ], [ 4518650.0, 3049650.0 ] ] ] } },
{ "type": "Feature", "properties": { "ID": "Schwarzenberg/Erzgeb._145210550_c3", "GEN": "Schwarzenberg/Erzgeb.", "ARS": "145210550", "LAN": "Sachsen", "area": 2.39, "centroid": "POINT (4518223.291492 3051767.852162)", "DH_demand": 14703.897787880009, "total_demand_cells": 24974.526970863342, "total_demand_area": 69640.6640625, "share_DH": 24.277840919082287, "heat_density_DH": 6.1522584886527243, "heat_density": 29.138353164225947, "DH_supplied_households": 2965.0, "DH_cells": [ [ 4517850, 3049550 ], [ 4517750, 3049850 ], [ 4517150, 3050150 ], [ 4517150, 3050250 ], [ 4517250, 3050250 ], [ 4517650, 3050250 ], [ 4517150, 3050350 ], [ 4517250, 3050350 ], [ 4517350, 3050350 ], [ 4517550, 3050350 ], [ 4517650, 3050350 ], [ 4517150, 3050450 ], [ 4517250, 3050450 ], [ 4517350, 3050450 ], [ 4517250, 3050550 ], [ 4517350, 3050550 ], [ 4517650, 3050550 ], [ 4518350, 3050550 ], [ 4517050, 3050650 ], [ 4517150, 3050650 ], [ 4517250, 3050650 ], [ 4517350, 3050650 ], [ 4518250, 3050650 ], [ 4516850, 3050750 ], [ 4517150, 3050750 ], [ 4517250, 3050750 ], [ 4517350, 3050750 ], [ 4517650, 3050750 ], [ 4516750, 3050850 ], [ 4517250, 3050850 ], [ 4518350, 3050950 ], [ 4518050, 3051050 ], [ 4518250, 3051050 ], [ 4519150, 3051150 ], [ 4518450, 3051250 ], [ 4519050, 3051250 ], [ 4518050, 3051350 ], [ 4518150, 3051350 ], [ 4519350, 3051350 ], [ 4518050, 3051450 ], [ 4517850, 3051550 ], [ 4517950, 3051550 ], [ 4518050, 3051550 ], [ 4518150, 3051550 ], [ 4517550, 3051650 ], [ 4517950, 3051650 ], [ 4518050, 3051650 ], [ 4517950, 3051750 ], [ 4519350, 3051850 ], [ 4518450, 3051950 ], [ 4518850, 3051950 ], [ 4518650, 3052050 ], [ 4518550, 3052150 ], [ 4518150, 3052250 ], [ 4518450, 3052250 ], [ 4517950, 3052350 ], [ 4518050, 3052350 ], [ 4517850, 3052450 ], [ 4517850, 3052550 ], [ 4517450, 3052650 ], [ 4517450, 3052850 ], [ 4518050, 3053050 ], [ 4518150, 3053050 ], [ 4518250, 3053050 ], [ 4517850, 3053150 ], [ 4517950, 3053150 ], [ 4518050, 3053150 ], [ 4518250, 3053150 ], [ 4518350, 3053150 ], [ 4518050, 3053250 ], [ 4518150, 3053250 ], [ 4518250, 3053250 ], [ 4518350, 3053250 ], [ 4518150, 3053350 ], [ 4518450, 3053350 ], [ 4517950, 3053450 ], [ 4518050, 3053450 ], [ 4517850, 3053650 ], [ 4517750, 3053750 ], [ 4517850, 3053750 ], [ 4517750, 3053850 ], [ 4517850, 3053850 ], [ 4517950, 3053850 ], [ 4517850, 3053950 ] ] }, "geometry": { "type": "Polygon", "coordinates": [ [ [ 4517150.0, 3050250.0 ], [ 4517150.0, 3050350.0 ], [ 4517150.0, 3050450.0 ], [ 4517250.0, 3050450.0 ], [ 4517250.0, 3050550.0 ], [ 4517250.0, 3050650.0 ], [ 4517150.0, 3050650.0 ], [ 4517050.0, 3050650.0 ], [ 4516850.0, 3050750.0 ], [ 4516750.0, 3050850.0 ], [ 4517150.0, 3050750.0 ], [ 4517250.0, 3050750.0 ], [ 4517250.0, 3050850.0 ], [ 4517350.0, 3050750.0 ], [ 4517650.0, 3050750.0 ], [ 4518050.0, 3051050.0 ], [ 4518050.0, 3051350.0 ], [ 4518050.0, 3051450.0 ], [ 4517550.0, 3051650.0 ], [ 4517850.0, 3051550.0 ], [ 4517950.0, 3051550.0 ], [ 4517950.0, 3051650.0 ], [ 4517950.0, 3051750.0 ], [ 4518150.0, 3052250.0 ], [ 4518050.0, 3052350.0 ], [ 4517950.0, 3052350.0 ], [ 4517850.0, 3052450.0 ], [ 4517850.0, 3052550.0 ], [ 4517450.0, 3052650.0 ], [ 4517450.0, 3052850.0 ], [ 4517850.0, 3053150.0 ], [ 4517950.0, 3053150.0 ], [ 4518050.0, 3053150.0 ], [ 4518050.0, 3053250.0 ], [ 4517950.0, 3053450.0 ], [ 4517750.0, 3053750.0 ], [ 4517750.0, 3053850.0 ], [ 4517850.0, 3053950.0 ], [ 4517950.0, 3053850.0 ], [ 4517850.0, 3053750.0 ], [ 4517850.0, 3053650.0 ], [ 4518050.0, 3053450.0 ], [ 4518150.0, 3053350.0 ], [ 4518450.0, 3053350.0 ], [ 4518350.0, 3053250.0 ], [ 4518350.0, 3053150.0 ], [ 4518250.0, 3053150.0 ], [ 4518250.0, 3053050.0 ], [ 4518450.0, 3052250.0 ], [ 4518550.0, 3052150.0 ], [ 4518650.0, 3052050.0 ], [ 4518850.0, 3051950.0 ], [ 4519350.0, 3051850.0 ], [ 4519350.0, 3051350.0 ], [ 4519150.0, 3051150.0 ], [ 4519050.0, 3051250.0 ], [ 4518450.0, 3051250.0 ], [ 4518250.0, 3051050.0 ], [ 4518350.0, 3050950.0 ], [ 4518350.0, 3050550.0 ], [ 4517650.0, 3050550.0 ], [ 4517650.0, 3050350.0 ], [ 4517850.0, 3049550.0 ], [ 4517750.0, 3049850.0 ], [ 4517650.0, 3050250.0 ], [ 4517550.0, 3050350.0 ], [ 4517350.0, 3050350.0 ], [ 4517250.0, 3050350.0 ], [ 4517250.0, 3050250.0 ], [ 4517150.0, 3050150.0 ], [ 4517150.0, 3050250.0 ] ] ] } },
{ "type": "Feature", "properties": { "ID": "Stützengrün_145210600_c0", "GEN": "Stützengrün", "ARS": "145210600", "LAN": "Sachsen", "area": 0.11, "centroid": "POINT (4501307.575758 3049319.69697)", "DH_demand": 184.74369717179781, "total_demand_cells": 413.93587303161621, "total_demand_area": 2108.308349609375, "share_DH": 10.075717721303665, "heat_density_DH": 1.6794881561072528, "heat_density": 19.166439541903408, "DH_supplied_households": 15.0, "DH_cells": [ [ 4500850, 3049050 ], [ 4501550, 3049350 ], [ 4501250, 3049450 ], [ 4501650, 3049450 ], [ 4501850, 3049450 ] ] }, "geometry": { "type": "Polygon", "coordinates": [ [ [ 4501550.0, 3049350.0 ], [ 4500850.0, 3049050.0 ], [ 4501250.0, 3049450.0 ], [ 4501650.0, 3049450.0 ], [ 4501850.0, 3049450.0 ], [ 4501550.0, 3049350.0 ] ] ] } },
{ "type": "Feature", "properties": { "ID": "Thalheim/Erzgeb._145210620_c0", "GEN": "Thalheim/Erzgeb.", "ARS": "145210620", "LAN": "Sachsen", "area": 0.035, "centroid": "POINT (4521816.666667 3067616.666667)", "DH_demand": 238.20712218856167, "total_demand_cells": 620.33010864257812, "total_demand_area": 1764.4376220703125, "share_DH": 15.523474154205704, "heat_density_DH": 6.8059177768160488, "heat_density": 50.412503487723221, "DH_supplied_households": 10.0, "DH_cells": [ [ 4521850, 3067250 ], [ 4521750, 3067650 ], [ 4521850, 3067950 ] ] }, "geometry": { "type": "Polygon", "coordinates": [ [ [ 4521750.0, 3067650.0 ], [ 4521850.0, 3067950.0 ], [ 4521850.0, 3067250.0 ], [ 4521750.0, 3067650.0 ] ] ] } },
{ "type": "Feature", "properties": { "ID": "Thalheim/Erzgeb._145210620_c1", "GEN": "Thalheim/Erzgeb.", "ARS": "145210620", "LAN": "Sachsen", "area": 0.905, "centroid": "POINT (4522083.517495 3069558.287293)", "DH_demand": 4009.1955680342357, "total_demand_cells": 8563.1720352172852, "total_demand_area": 34956.484375, "share_DH": 13.187728057587769, "heat_density_DH": 4.4300503514190455, "heat_density": 38.625949585635361, "DH_supplied_households": 860.0, "DH_cells": [ [ 4521750, 3068750 ], [ 4522050, 3068850 ], [ 4522150, 3068850 ], [ 4522050, 3068950 ], [ 4521750, 3069050 ], [ 4521650, 3069150 ], [ 4522050, 3069150 ], [ 4521450, 3069250 ], [ 4521350, 3069450 ], [ 4522150, 3069450 ], [ 4522250, 3069450 ], [ 4522350, 3069450 ], [ 4522450, 3069550 ], [ 4522450, 3069650 ], [ 4522150, 3069750 ], [ 4522650, 3069750 ], [ 4522850, 3069750 ], [ 4521750, 3069850 ], [ 4521950, 3069850 ], [ 4522050, 3069850 ], [ 4522150, 3069850 ], [ 4522250, 3069850 ], [ 4521750, 3069950 ], [ 4521850, 3069950 ], [ 4521950, 3069950 ], [ 4522050, 3069950 ], [ 4521850, 3070050 ], [ 4521950, 3070050 ], [ 4522050, 3070050 ], [ 4523150, 3070050 ], [ 4522950, 3070150 ] ] }, "geometry": { "type": "Polygon", "coordinates": [ [ [ 4521350.0, 3069450.0 ], [ 4521750.0, 3069850.0 ], [ 4521750.0, 3069950.0 ], [ 4521850.0, 3069950.0 ], [ 4521850.0, 3070050.0 ], [ 4521950.0, 3070050.0 ], [ 4522050.0, 3070050.0 ], [ 4522050.0, 3069950.0 ], [ 4522050.0, 3069850.0 ], [ 4522150.0, 3069850.0 ], [ 4522250.0, 3069850.0 ], [ 4522950.0, 3070150.0 ], [ 4523150.0, 3070050.0 ], [ 4522850.0, 3069750.0 ], [ 4522650.0, 3069750.0 ], [ 4522450.0, 3069650.0 ], [ 4522450.0, 3069550.0 ], [ 4522350.0, 3069450.0 ], [ 4522250.0, 3069450.0 ], [ 4522150.0, 3069450.0 ], [ 4522050.0, 3069150.0 ], [ 4522050.0, 3068950.0 ], [ 4522150.0, 3068850.0 ], [ 4522050.0, 3068850.0 ], [ 4521750.0, 3068750.0 ], [ 4521750.0, 3069050.0 ], [ 4521650.0, 3069150.0 ], [ 4521450.0, 3069250.0 ], [ 4521350.0, 3069450.0 ] ] ] } },
{ "type": "Feature", "properties": { "ID": "Thum_145210640_c0", "GEN": "Thum", "ARS": "145210640", "LAN": "Sachsen", "area": 0.155, "centroid": "POINT (4529063.978495 3066059.677419)", "DH_demand": 417.43372423429486, "total_demand_cells": 1838.6139221191406, "total_demand_area": 7836.3115234375, "share_DH": 6.1251443767037772, "heat_density_DH": 2.6931208015115797, "heat_density": 50.556848538306454, "DH_supplied_households": 65.0, "DH_cells": [ [ 4528450, 3065850 ], [ 4529050, 3065850 ], [ 4529050, 3065950 ], [ 4528950, 3066050 ], [ 4529350, 3066150 ], [ 4529150, 3066250 ], [ 4529650, 3066350 ] ] }, "geometry": { "type": "Polygon", "coordinates": [ [ [ 4528450.0, 3065850.0 ], [ 4528950.0, 3066050.0 ], [ 4529150.0, 3066250.0 ], [ 4529650.0, 3066350.0 ], [ 4529350.0, 3066150.0 ], [ 4529050.0, 3065950.0 ], [ 4529050.0, 3065850.0 ], [ 4528450.0, 3065850.0 ] ] ] } },
{ "type": "Feature", "properties": { "ID": "Wolkenstein_145210670_c0", "GEN": "Wolkenstein", "ARS": "145210670", "LAN": "Sachsen", "area": 0.02, "centroid": "POINT (4538750 3066100)", "DH_demand": 356.25207649979751, "total_demand_cells": 532.54091453552246, "total_demand_area": 814.0203857421875, "share_DH": 50.322546888255559, "heat_density_DH": 17.812603824989875, "heat_density": 40.701019287109375, "DH_supplied_households": 70.0, "DH_cells": [ [ 4538850, 3065950 ], [ 4538850, 3066050 ], [ 4538650, 3066150 ], [ 4538650, 3066250 ] ] }, "geometry": { "type": "Polygon", "coordinates": [ [ [ 4538650.0, 3066150.0 ], [ 4538650.0, 3066250.0 ], [ 4538850.0, 3066050.0 ], [ 4538850.0, 3065950.0 ], [ 4538650.0, 3066150.0 ] ] ] } },
{ "type": "Feature", "properties": { "ID": "Bärenstein-Königswalde_145215101_c1", "GEN": "Bärenstein-Königswalde", "ARS": "145215101", "LAN": "Sachsen", "area": 0.005, "centroid": "POINT (4536883.333333 3052950)", "DH_demand": 195.41077797072521, "total_demand_cells": 436.38771057128906, "total_demand_area": 1123.55322265625, "share_DH": 19.998404754573698, "heat_density_DH": 39.082155594145043, "heat_density": 224.71064453125001, "DH_supplied_households": 22.0, "DH_cells": [ [ 4536850, 3052750 ], [ 4536850, 3052850 ], [ 4536950, 3053250 ] ] }, "geometry": { "type": "Polygon", "coordinates": [ [ [ 4536850.0, 3052750.0 ], [ 4536850.0, 3052850.0 ], [ 4536950.0, 3053250.0 ], [ 4536850.0, 3052750.0 ] ] ] } },
{ "type": "Feature", "properties": { "ID": "Burkhardtsdorf_145215103_c0", "GEN": "Burkhardtsdorf", "ARS": "145215103", "LAN": "Sachsen", "area": 0.075, "centroid": "POINT (4526410 3068323.333333)", "DH_demand": 240.76605053486409, "total_demand_cells": 969.13301849365234, "total_demand_area": 3114.376220703125, "share_DH": 8.8892406578253027, "heat_density_DH": 3.2102140071315213, "heat_density": 41.525016276041669, "DH_supplied_households": 30.0, "DH_cells": [ [ 4526650, 3068050 ], [ 4526350, 3068250 ], [ 4526250, 3068350 ], [ 4526350, 3068350 ], [ 4526450, 3068350 ], [ 4526550, 3068350 ], [ 4526150, 3068650 ] ] }, "geometry": { "type": "Polygon", "coordinates": [ [ [ 4526150.0, 3068650.0 ], [ 4526450.0, 3068350.0 ], [ 4526550.0, 3068350.0 ], [ 4526650.0, 3068050.0 ], [ 4526350.0, 3068250.0 ], [ 4526350.0, 3068350.0 ], [ 4526250.0, 3068350.0 ], [ 4526150.0, 3068650.0 ] ] ] } },
{ "type": "Feature", "properties": { "ID": "Burkhardtsdorf_145215103_c1", "GEN": "Burkhardtsdorf", "ARS": "145215103", "LAN": "Sachsen", "area": 0.16, "centroid": "POINT (4524837.5 3069277.083333)", "DH_demand": 630.24775255915881, "total_demand_cells": 1068.8615894317627, "total_demand_area": 4819.1123046875, "share_DH": 15.037815371065308, "heat_density_DH": 3.9390484534947428, "heat_density": 30.119451904296874, "DH_supplied_households": 57.0, "DH_cells": [ [ 4524650, 3069050 ], [ 4524850, 3069150 ], [ 4524450, 3069350 ], [ 4524750, 3069350 ], [ 4525350, 3069350 ], [ 4524750, 3069450 ] ] }, "geometry": { "type": "Polygon", "coordinates": [ [ [ 4524450.0, 3069350.0 ], [ 4524750.0, 3069350.0 ], [ 4524750.0, 3069450.0 ], [ 4525350.0, 3069350.0 ], [ 4524850.0, 3069150.0 ], [ 4524650.0, 3069050.0 ], [ 4524450.0, 3069350.0 ] ] ] } },
{ "type": "Feature", "properties": { "ID": "Burkhardtsdorf_145215103_c2", "GEN": "Burkhardtsdorf", "ARS": "145215103", "LAN": "Sachsen", "area": 0.245, "centroid": "POINT (4527074.489796 3073699.659864)", "DH_demand": 988.04607346919101, "total_demand_cells": 2109.9070129394531, "total_demand_area": 9147.71484375, "share_DH": 12.419527356010269, "heat_density_DH": 4.03284111620078, "heat_density": 37.337611607142854, "DH_supplied_households": 33.0, "DH_cells": [ [ 4527350, 3073250 ], [ 4527450, 3073250 ], [ 4527150, 3073350 ], [ 4527050, 3073450 ], [ 4527150, 3073450 ], [ 4526750, 3073650 ], [ 4527350, 3073650 ], [ 4527050, 3074150 ] ] }, "geometry": { "type": "Polygon", "coordinates": [ [ [ 4527050.0, 3073450.0 ], [ 4526750.0, 3073650.0 ], [ 4527050.0, 3074150.0 ], [ 4527350.0, 3073650.0 ], [ 4527150.0, 3073450.0 ], [ 4527450.0, 3073250.0 ], [ 4527350.0, 3073250.0 ], [ 4527150.0, 3073350.0 ], [ 4527050.0, 3073450.0 ] ] ] } },
{ "type": "Feature", "properties": { "ID": "Geyer-Tannenberg_145215110_c0", "GEN": "Geyer-Tannenberg", "ARS": "145215110", "LAN": "Sachsen", "area": 0.35, "centroid": "POINT (4527902.857143 3061326.190476)", "DH_demand": 1852.007075085794, "total_demand_cells": 4912.5812759399414, "total_demand_area": 17084.849609375, "share_DH": 12.464417033774371, "heat_density_DH": 5.2914487859594113, "heat_density": 48.813856026785714, "DH_supplied_households": 350.0, "DH_cells": [ [ 4527950, 3060750 ], [ 4527850, 3061050 ], [ 4528150, 3061050 ], [ 4527750, 3061150 ], [ 4527850, 3061250 ], [ 4527950, 3061350 ], [ 4528350, 3061350 ], [ 4527150, 3061450 ], [ 4527450, 3061450 ], [ 4528050, 3061450 ], [ 4528150, 3061450 ], [ 4528350, 3061450 ], [ 4528450, 3061450 ], [ 4527250, 3061550 ], [ 4528050, 3061550 ], [ 4528150, 3061550 ], [ 4528250, 3061550 ], [ 4528350, 3061550 ], [ 4528450, 3061550 ], [ 4528250, 3061650 ], [ 4528850, 3061650 ], [ 4527350, 3061750 ] ] }, "geometry": { "type": "Polygon", "coordinates": [ [ [ 4527850.0, 3061050.0 ], [ 4527750.0, 3061150.0 ], [ 4527450.0, 3061450.0 ], [ 4527150.0, 3061450.0 ], [ 4527250.0, 3061550.0 ], [ 4527350.0, 3061750.0 ], [ 4527850.0, 3061250.0 ], [ 4527950.0, 3061350.0 ], [ 4528050.0, 3061450.0 ], [ 4528050.0, 3061550.0 ], [ 4528150.0, 3061550.0 ], [ 4528250.0, 3061550.0 ], [ 4528250.0, 3061650.0 ], [ 4528350.0, 3061550.0 ], [ 4528450.0, 3061550.0 ], [ 4528850.0, 3061650.0 ], [ 4528450.0, 3061450.0 ], [ 4528350.0, 3061450.0 ], [ 4528350.0, 3061350.0 ], [ 4528150.0, 3061450.0 ], [ 4528150.0, 3061050.0 ], [ 4527950.0, 3060750.0 ], [ 4527850.0, 3061050.0 ] ] ] } },
{ "type": "Feature", "properties": { "ID": "Lugau_145215115_c0", "GEN": "Lugau", "ARS": "145215115", "LAN": "Sachsen", "area": 0.095, "centroid": "POINT (4515257.017544 3071204.385965)", "DH_demand": 391.6218943195816, "total_demand_cells": 1212.3368911743164, "total_demand_area": 4229.6298828125, "share_DH": 10.646456599695247, "heat_density_DH": 4.122335729679806, "heat_density": 44.522419819078948, "DH_supplied_households": 22.0, "DH_cells": [ [ 4514950, 3071050 ], [ 4514950, 3071150 ], [ 4515450, 3071150 ], [ 4515350, 3071350 ], [ 4515550, 3071350 ] ] }, "geometry": { "type": "Polygon", "coordinates": [ [ [ 4514950.0, 3071050.0 ], [ 4514950.0, 3071150.0 ], [ 4515350.0, 3071350.0 ], [ 4515550.0, 3071350.0 ], [ 4515450.0, 3071150.0 ], [ 4514950.0, 3071050.0 ] ] ] } },
{ "type": "Feature", "properties": { "ID": "Lugau_145215115_c1", "GEN": "Lugau", "ARS": "145215115", "LAN": "Sachsen", "area": 1.55, "centroid": "POINT (4514422.903226 3073328.602151)", "DH_demand": 3550.1873542904291, "total_demand_cells": 8627.6386070251465, "total_demand_area": 34569.8515625, "share_DH": 11.808486785408684, "heat_density_DH": 2.2904434543809225, "heat_density": 22.303130040322586, "DH_supplied_households": 643.0, "DH_cells": [ [ 4514550, 3072150 ], [ 4514050, 3072550 ], [ 4514150, 3072550 ], [ 4514250, 3072550 ], [ 4514150, 3072750 ], [ 4514550, 3072750 ], [ 4514050, 3072950 ], [ 4514250, 3072950 ], [ 4514850, 3072950 ], [ 4513750, 3073150 ], [ 4513550, 3073250 ], [ 4514650, 3073250 ], [ 4515050, 3073250 ], [ 4513750, 3073450 ], [ 4513850, 3073550 ], [ 4515050, 3073550 ], [ 4515350, 3073650 ], [ 4513350, 3073750 ], [ 4515350, 3073750 ], [ 4515450, 3073750 ], [ 4513150, 3073850 ], [ 4513450, 3073850 ], [ 4514850, 3073850 ], [ 4515150, 3073850 ], [ 4515250, 3073850 ], [ 4515350, 3073850 ], [ 4515450, 3073850 ], [ 4515550, 3073850 ], [ 4514750, 3073950 ], [ 4515150, 3073950 ], [ 4515250, 3073950 ], [ 4515350, 3073950 ], [ 4515450, 3073950 ], [ 4515550, 3073950 ], [ 4513250, 3074050 ], [ 4513350, 3074050 ], [ 4515550, 3074150 ] ] }, "geometry": { "type": "Polygon", "coordinates": [ [ [ 4513750.0, 3073450.0 ], [ 4513350.0, 3073750.0 ], [ 4513150.0, 3073850.0 ], [ 4513250.0, 3074050.0 ], [ 4513350.0, 3074050.0 ], [ 4513450.0, 3073850.0 ], [ 4513850.0, 3073550.0 ], [ 4514750.0, 3073950.0 ], [ 4514850.0, 3073850.0 ], [ 4515150.0, 3073850.0 ], [ 4515150.0, 3073950.0 ], [ 4515250.0, 3073950.0 ], [ 4515350.0, 3073950.0 ], [ 4515450.0, 3073950.0 ], [ 4515550.0, 3074150.0 ], [ 4515550.0, 3073950.0 ], [ 4515550.0, 3073850.0 ], [ 4515450.0, 3073850.0 ], [ 4515450.0, 3073750.0 ], [ 4515350.0, 3073750.0 ], [ 4515350.0, 3073650.0 ], [ 4515050.0, 3073550.0 ], [ 4515050.0, 3073250.0 ], [ 4514850.0, 3072950.0 ], [ 4514550.0, 3072750.0 ], [ 4514550.0, 3072150.0 ], [ 4514250.0, 3072550.0 ], [ 4514150.0, 3072550.0 ], [ 4514050.0, 3072550.0 ], [ 4514150.0, 3072750.0 ], [ 4514050.0, 3072950.0 ], [ 4513750.0, 3073150.0 ], [ 4513550.0, 3073250.0 ], [ 4513750.0, 3073450.0 ] ] ] } },
{ "type": "Feature", "properties": { "ID": "Stollberg/Erzgeb._145215133_c0", "GEN": "Stollberg/Erzgeb.", "ARS": "145215133", "LAN": "Sachsen", "area": 1.15, "centroid": "POINT (4517056.811594 3070349.565217)", "DH_demand": 8461.9559637944949, "total_demand_cells": 14339.377864837646, "total_demand_area": 41552.2578125, "share_DH": 23.41621106417163, "heat_density_DH": 7.3582225772126044, "heat_density": 36.132398097826083, "DH_supplied_households": 1123.0, "DH_cells": [ [ 4516850, 3069050 ], [ 4516950, 3069050 ], [ 4517150, 3069450 ], [ 4517050, 3069650 ], [ 4516750, 3069750 ], [ 4516950, 3069750 ], [ 4517250, 3069950 ], [ 4516750, 3070150 ], [ 4516850, 3070150 ], [ 4517450, 3070150 ], [ 4517150, 3070250 ], [ 4516250, 3070450 ], [ 4516350, 3070450 ], [ 4516550, 3070450 ], [ 4516650, 3070450 ], [ 4516250, 3070550 ], [ 4516350, 3070550 ], [ 4516450, 3070550 ], [ 4516550, 3070550 ], [ 4516650, 3070550 ], [ 4516750, 3070550 ], [ 4516850, 3070550 ], [ 4516950, 3070550 ], [ 4517050, 3070550 ], [ 4516750, 3070650 ], [ 4516850, 3070650 ], [ 4516950, 3070650 ], [ 4517050, 3070650 ], [ 4517150, 3070650 ], [ 4516350, 3070750 ], [ 4516450, 3070750 ], [ 4516750, 3070750 ], [ 4516850, 3070750 ], [ 4516950, 3070750 ], [ 4517050, 3070750 ], [ 4517150, 3070750 ], [ 4516350, 3070850 ], [ 4516450, 3070850 ], [ 4516550, 3070850 ], [ 4516650, 3070850 ], [ 4516750, 3070850 ], [ 4516850, 3070850 ], [ 4517150, 3070850 ], [ 4517750, 3070850 ], [ 4517150, 3071050 ], [ 4517350, 3071050 ], [ 4517150, 3071150 ] ] }, "geometry": { "type": "Polygon", "coordinates": [ [ [ 4516950.0, 3069750.0 ], [ 4516750.0, 3069750.0 ], [ 4516750.0, 3070150.0 ], [ 4516650.0, 3070450.0 ], [ 4516550.0, 3070450.0 ], [ 4516550.0, 3070550.0 ], [ 4516450.0, 3070550.0 ], [ 4516350.0, 3070450.0 ], [ 4516250.0, 3070450.0 ], [ 4516250.0, 3070550.0 ], [ 4516350.0, 3070550.0 ], [ 4516350.0, 3070750.0 ], [ 4516350.0, 3070850.0 ], [ 4516450.0, 3070850.0 ], [ 4516550.0, 3070850.0 ], [ 4516650.0, 3070850.0 ], [ 4516750.0, 3070850.0 ], [ 4516850.0, 3070850.0 ], [ 4516850.0, 3070750.0 ], [ 4516950.0, 3070750.0 ], [ 4517050.0, 3070750.0 ], [ 4517150.0, 3070750.0 ], [ 4517150.0, 3070850.0 ], [ 4517150.0, 3071050.0 ], [ 4517150.0, 3071150.0 ], [ 4517350.0, 3071050.0 ], [ 4517750.0, 3070850.0 ], [ 4517450.0, 3070150.0 ], [ 4517250.0, 3069950.0 ], [ 4517050.0, 3069650.0 ], [ 4517150.0, 3069450.0 ], [ 4516950.0, 3069050.0 ], [ 4516850.0, 3069050.0 ], [ 4516950.0, 3069750.0 ] ] ] } },
{ "type": "Feature", "properties": { "ID": "Zschopau_145215138_c0", "GEN": "Zschopau", "ARS": "145215138", "LAN": "Sachsen", "area": 1.16, "centroid": "POINT (4537625.862069 3075421.982759)", "DH_demand": 6993.7052388798593, "total_demand_cells": 12315.540634155273, "total_demand_area": 40798.5703125, "share_DH": 19.710737296021136, "heat_density_DH": 6.0290562404136718, "heat_density": 35.171181303879308, "DH_supplied_households": 1292.0, "DH_cells": [ [ 4537550, 3074450 ], [ 4537350, 3074550 ], [ 4537850, 3074750 ], [ 4537050, 3074950 ], [ 4537650, 3075050 ], [ 4538750, 3075150 ], [ 4537650, 3075250 ], [ 4537850, 3075250 ], [ 4537250, 3075350 ], [ 4537650, 3075350 ], [ 4538150, 3075350 ], [ 4538250, 3075350 ], [ 4538350, 3075350 ], [ 4537550, 3075450 ], [ 4538250, 3075450 ], [ 4538350, 3075450 ], [ 4537350, 3075550 ], [ 4537350, 3075850 ], [ 4537450, 3075850 ], [ 4537550, 3075850 ], [ 4537650, 3075850 ], [ 4537750, 3075850 ], [ 4537350, 3075950 ], [ 4537450, 3075950 ], [ 4537550, 3075950 ], [ 4537650, 3075950 ], [ 4537450, 3076050 ], [ 4537650, 3076050 ], [ 4537950, 3076050 ], [ 4537450, 3076150 ], [ 4537550, 3076150 ], [ 4537650, 3076150 ], [ 4537750, 3076150 ], [ 4537350, 3076250 ], [ 4537450, 3076250 ], [ 4537550, 3076250 ], [ 4537650, 3076250 ], [ 4537750, 3076250 ], [ 4537250, 3076350 ], [ 4537350, 3076350 ], [ 4537450, 3076350 ], [ 4537550, 3076350 ], [ 4537650, 3076350 ], [ 4537750, 3076350 ], [ 4537850, 3076350 ] ] }, "geometry": { "type": "Polygon", "coordinates": [ [ [ 4537050.0, 3074950.0 ], [ 4537250.0, 3075350.0 ], [ 4537350.0, 3075550.0 ], [ 4537350.0, 3075850.0 ], [ 4537350.0, 3075950.0 ], [ 4537450.0, 3075950.0 ], [ 4537450.0, 3076050.0 ], [ 4537450.0, 3076150.0 ], [ 4537450.0, 3076250.0 ], [ 4537350.0, 3076250.0 ], [ 4537250.0, 3076350.0 ], [ 4537350.0, 3076350.0 ], [ 4537450.0, 3076350.0 ], [ 4537550.0, 3076350.0 ], [ 4537650.0, 3076350.0 ], [ 4537750.0, 3076350.0 ], [ 4537850.0, 3076350.0 ], [ 4537750.0, 3076250.0 ], [ 4537750.0, 3076150.0 ], [ 4537950.0, 3076050.0 ], [ 4538250.0, 3075450.0 ], [ 4538350.0, 3075450.0 ], [ 4538350.0, 3075350.0 ], [ 4538750.0, 3075150.0 ], [ 4538250.0, 3075350.0 ], [ 4538150.0, 3075350.0 ], [ 4537850.0, 3075250.0 ], [ 4537650.0, 3075250.0 ], [ 4537650.0, 3075050.0 ], [ 4537850.0, 3074750.0 ], [ 4537550.0, 3074450.0 ], [ 4537350.0, 3074550.0 ], [ 4537050.0, 3074950.0 ] ] ] } },
{ "type": "Feature", "properties": { "ID": "Zschopau_145215138_c1", "GEN": "Zschopau", "ARS": "145215138", "LAN": "Sachsen", "area": 0.16, "centroid": "POINT (4534879.166667 3076541.666667)", "DH_demand": 401.86536377764298, "total_demand_cells": 1551.3989999294281, "total_demand_area": 5863.4755859375, "share_DH": 7.8807208695893038, "heat_density_DH": 2.5116585236102686, "heat_density": 36.646722412109376, "DH_supplied_households": 30.0, "DH_cells": [ [ 4534450, 3076350 ], [ 4535250, 3076350 ], [ 4534750, 3076450 ], [ 4535250, 3076450 ], [ 4534650, 3076550 ], [ 4534850, 3076750 ], [ 4534750, 3076850 ] ] }, "geometry": { "type": "Polygon", "coordinates": [ [ [ 4534750.0, 3076450.0 ], [ 4534450.0, 3076350.0 ], [ 4534650.0, 3076550.0 ], [ 4534750.0, 3076850.0 ], [ 4534850.0, 3076750.0 ], [ 4535250.0, 3076450.0 ], [ 4535250.0, 3076350.0 ], [ 4534750.0, 3076450.0 ] ] ] } },
{ "type": "Feature", "properties": { "ID": "Zschorlau_145215139_c0", "GEN": "Zschorlau", "ARS": "145215139", "LAN": "Sachsen", "area": 0.165, "centroid": "POINT (4508625.757576 3054063.131313)", "DH_demand": 929.56287396912614, "total_demand_cells": 2594.963134765625, "total_demand_area": 10519.634765625, "share_DH": 10.160582307880606, "heat_density_DH": 5.6337143876916747, "heat_density": 63.755362215909102, "DH_supplied_households": 117.0, "DH_cells": [ [ 4507950, 3053250 ], [ 4508150, 3053550 ], [ 4508250, 3053650 ], [ 4508350, 3053750 ], [ 4508450, 3053950 ], [ 4508350, 3054050 ], [ 4508450, 3054150 ], [ 4509050, 3054250 ], [ 4508950, 3054350 ] ] }, "geometry": { "type": "Polygon", "coordinates": [ [ [ 4508350.0, 3053750.0 ], [ 4508250.0, 3053650.0 ], [ 4507950.0, 3053250.0 ], [ 4508150.0, 3053550.0 ], [ 4508450.0, 3053950.0 ], [ 4508350.0, 3054050.0 ], [ 4508450.0, 3054150.0 ], [ 4508950.0, 3054350.0 ], [ 4509050.0, 3054250.0 ], [ 4508350.0, 3053750.0 ] ] ] } },
{ "type": "Feature", "properties": { "ID": "Zschorlau_145215139_c1", "GEN": "Zschorlau", "ARS": "145215139", "LAN": "Sachsen", "area": 0.28, "centroid": "POINT (4511602.380952 3051030.952381)", "DH_demand": 174.83292620557233, "total_demand_cells": 858.41963958740234, "total_demand_area": 7090.28955078125, "share_DH": 2.8353047491676224, "heat_density_DH": 0.62440330787704423, "heat_density": 25.322462681361614, "DH_supplied_households": 13.0, "DH_cells": [ [ 4512150, 3050450 ], [ 4511650, 3050650 ], [ 4511350, 3051250 ], [ 4511050, 3051950 ] ] }, "geometry": { "type": "Polygon", "coordinates": [ [ [ 4511050.0, 3051950.0 ], [ 4512150.0, 3050450.0 ], [ 4511650.0, 3050650.0 ], [ 4511350.0, 3051250.0 ], [ 4511050.0, 3051950.0 ] ] ] } },
{ "type": "Feature", "properties": { "ID": "Zwönitz_145215140_c1", "GEN": "Zwönitz", "ARS": "145215140", "LAN": "Sachsen", "area": 0.86, "centroid": "POINT (4519671.511628 3061606.589147)", "DH_demand": 18184.751872854606, "total_demand_cells": 32669.66150188446, "total_demand_area": 43760.3671875, "share_DH": 47.782284752519288, "heat_density_DH": 21.145060317272797, "heat_density": 50.88414789244186, "DH_supplied_households": 2706.0, "DH_cells": [ [ 4519950, 3060950 ], [ 4520050, 3060950 ], [ 4519350, 3061050 ], [ 4519450, 3061050 ], [ 4519950, 3061050 ], [ 4520050, 3061050 ], [ 4519350, 3061150 ], [ 4519450, 3061150 ], [ 4519750, 3061150 ], [ 4520650, 3061150 ], [ 4520750, 3061150 ], [ 4520850, 3061150 ], [ 4519450, 3061250 ], [ 4519550, 3061250 ], [ 4519650, 3061250 ], [ 4519750, 3061250 ], [ 4519850, 3061250 ], [ 4519950, 3061250 ], [ 4520250, 3061250 ], [ 4520550, 3061250 ], [ 4520850, 3061250 ], [ 4519450, 3061350 ], [ 4519550, 3061350 ], [ 4519750, 3061350 ], [ 4519850, 3061350 ], [ 4519950, 3061350 ], [ 4520050, 3061350 ], [ 4520150, 3061350 ], [ 4520250, 3061350 ], [ 4520450, 3061350 ], [ 4520550, 3061350 ], [ 4519250, 3061450 ], [ 4519350, 3061450 ], [ 4519450, 3061450 ], [ 4519650, 3061450 ], [ 4519950, 3061450 ], [ 4520050, 3061450 ], [ 4518950, 3061550 ], [ 4519050, 3061550 ], [ 4519150, 3061550 ], [ 4519250, 3061550 ], [ 4519350, 3061550 ], [ 4519450, 3061550 ], [ 4519550, 3061550 ], [ 4519750, 3061550 ], [ 4519850, 3061550 ], [ 4520050, 3061550 ], [ 4518850, 3061650 ], [ 4518950, 3061650 ], [ 4519050, 3061650 ], [ 4519150, 3061650 ], [ 4519250, 3061650 ], [ 4519350, 3061650 ], [ 4519550, 3061650 ], [ 4519650, 3061650 ], [ 4519750, 3061650 ], [ 4519850, 3061650 ], [ 4518650, 3061750 ], [ 4518850, 3061750 ], [ 4519050, 3061750 ], [ 4519150, 3061750 ], [ 4519250, 3061750 ], [ 4519350, 3061750 ], [ 4519450, 3061750 ], [ 4519550, 3061750 ], [ 4519650, 3061750 ], [ 4519850, 3061750 ], [ 4519050, 3061850 ], [ 4519150, 3061850 ], [ 4519250, 3061850 ], [ 4519450, 3061850 ], [ 4519550, 3061850 ], [ 4519650, 3061850 ], [ 4519850, 3061850 ], [ 4520150, 3061850 ], [ 4519150, 3061950 ], [ 4519250, 3061950 ], [ 4519350, 3061950 ], [ 4519450, 3061950 ], [ 4519550, 3061950 ], [ 4519650, 3061950 ], [ 4519150, 3062050 ], [ 4519250, 3062050 ], [ 4519350, 3062050 ], [ 4519450, 3062050 ], [ 4519550, 3062050 ], [ 4519950, 3062050 ], [ 4520150, 3062050 ], [ 4519350, 3062150 ], [ 4519450, 3062150 ], [ 4519550, 3062150 ], [ 4519650, 3062150 ], [ 4520150, 3062150 ], [ 4519450, 3062250 ], [ 4519550, 3062250 ] ] }, "geometry": { "type": "Polygon", "coordinates": [ [ [ 4519350.0, 3061150.0 ], [ 4519450.0, 3061350.0 ], [ 4519450.0, 3061450.0 ], [ 4519350.0, 3061450.0 ], [ 4519250.0, 3061450.0 ], [ 4519250.0, 3061550.0 ], [ 4519150.0, 3061550.0 ], [ 4519050.0, 3061550.0 ], [ 4518950.0, 3061550.0 ], [ 4518950.0, 3061650.0 ], [ 4518850.0, 3061650.0 ], [ 4518650.0, 3061750.0 ], [ 4518850.0, 3061750.0 ], [ 4519050.0, 3061750.0 ], [ 4519050.0, 3061850.0 ], [ 4519150.0, 3061850.0 ], [ 4519150.0, 3061950.0 ], [ 4519150.0, 3062050.0 ], [ 4519250.0, 3062050.0 ], [ 4519350.0, 3062050.0 ], [ 4519350.0, 3062150.0 ], [ 4519450.0, 3062150.0 ], [ 4519450.0, 3062250.0 ], [ 4519550.0, 3062250.0 ], [ 4519550.0, 3062150.0 ], [ 4519650.0, 3062150.0 ], [ 4519650.0, 3061950.0 ], [ 4519650.0, 3061850.0 ], [ 4519850.0, 3061850.0 ], [ 4519950.0, 3062050.0 ], [ 4520150.0, 3062150.0 ], [ 4520150.0, 3062050.0 ], [ 4520150.0, 3061850.0 ], [ 4519850.0, 3061750.0 ], [ 4519850.0, 3061650.0 ], [ 4519850.0, 3061550.0 ], [ 4520050.0, 3061550.0 ], [ 4520050.0, 3061450.0 ], [ 4520050.0, 3061350.0 ], [ 4520150.0, 3061350.0 ], [ 4520250.0, 3061350.0 ], [ 4520450.0, 3061350.0 ], [ 4520550.0, 3061350.0 ], [ 4520550.0, 3061250.0 ], [ 4520850.0, 3061250.0 ], [ 4520850.0, 3061150.0 ], [ 4520750.0, 3061150.0 ], [ 4520650.0, 3061150.0 ], [ 4520250.0, 3061250.0 ], [ 4520050.0, 3061050.0 ], [ 4520050.0, 3060950.0 ], [ 4519950.0, 3060950.0 ], [ 4519950.0, 3061050.0 ], [ 4519950.0, 3061250.0 ], [ 4519850.0, 3061250.0 ], [ 4519750.0, 3061250.0 ], [ 4519750.0, 3061150.0 ], [ 4519650.0, 3061250.0 ], [ 4519550.0, 3061250.0 ], [ 4519450.0, 3061250.0 ], [ 4519450.0, 3061150.0 ], [ 4519450.0, 3061050.0 ], [ 4519350.0, 3061050.0 ], [ 4519350.0, 3061150.0 ] ] ] } },
{ "type": "Feature", "properties": { "ID": "Zwönitz_145215140_c3", "GEN": "Zwönitz", "ARS": "145215140", "LAN": "Sachsen", "area": 0.09, "centroid": "POINT (4521538.888889 3065379.62963)", "DH_demand": 642.71057379980346, "total_demand_cells": 1512.6111373901367, "total_demand_area": 4961.4912109375, "share_DH": 14.895109784601198, "heat_density_DH": 7.1412285977755943, "heat_density": 55.127680121527774, "DH_supplied_households": 43.0, "DH_cells": [ [ 4521350, 3064650 ], [ 4521550, 3065050 ], [ 4521550, 3065150 ], [ 4521550, 3065350 ], [ 4521650, 3065550 ], [ 4521450, 3065750 ], [ 4521650, 3065750 ] ] }, "geometry": { "type": "Polygon", "coordinates": [ [ [ 4521350.0, 3064650.0 ], [ 4521550.0, 3065350.0 ], [ 4521450.0, 3065750.0 ], [ 4521650.0, 3065750.0 ], [ 4521650.0, 3065550.0 ], [ 4521550.0, 3065150.0 ], [ 4521550.0, 3065050.0 ], [ 4521350.0, 3064650.0 ] ] ] } },
{ "type": "Feature", "properties": { "ID": "Zwönitz_145215140_c5", "GEN": "Zwönitz", "ARS": "145215140", "LAN": "Sachsen", "area": 0.045, "centroid": "POINT (4520224.074074 3067527.777778)", "DH_demand": 347.34646736422576, "total_demand_cells": 681.72909545898438, "total_demand_area": 1536.37939453125, "share_DH": 25.995902675316206, "heat_density_DH": 7.7188103858716834, "heat_density": 34.141764322916664, "DH_supplied_households": 12.0, "DH_cells": [ [ 4520450, 3067250 ], [ 4520450, 3067350 ], [ 4520050, 3067650 ], [ 4519950, 3067850 ] ] }, "geometry": { "type": "Polygon", "coordinates": [ [ [ 4519950.0, 3067850.0 ], [ 4520450.0, 3067350.0 ], [ 4520450.0, 3067250.0 ], [ 4520050.0, 3067650.0 ], [ 4519950.0, 3067850.0 ] ] ] } },
{ "type": "Feature", "properties": { "ID": "Wildenstein_145215405_c0", "GEN": "Wildenstein", "ARS": "145215405", "LAN": "Sachsen", "area": 0.015, "centroid": "POINT (4543350 3077750)", "DH_demand": 228.88595572899007, "total_demand_cells": 406.86064147949219, "total_demand_area": 1681.0389404296875, "share_DH": 15.656037817511532, "heat_density_DH": 15.259063715266004, "heat_density": 112.0692626953125, "DH_supplied_households": 29.0, "DH_cells": [ [ 4543250, 3077650 ], [ 4543250, 3077750 ], [ 4543550, 3077850 ] ] }, "geometry": { "type": "Polygon", "coordinates": [ [ [ 4543250.0, 3077650.0 ], [ 4543250.0, 3077750.0 ], [ 4543550.0, 3077850.0 ], [ 4543250.0, 3077650.0 ] ] ] } },
{ "type": "Feature", "properties": { "ID": "Wildenstein_145215405_c1", "GEN": "Wildenstein", "ARS": "145215405", "LAN": "Sachsen", "area": 0.005, "centroid": "POINT (4540550 3077516.666667)", "DH_demand": 317.48840591886426, "total_demand_cells": 621.54605102539062, "total_demand_area": 904.5709228515625, "share_DH": 40.35763766613286, "heat_density_DH": 63.497681183772855, "heat_density": 180.9141845703125, "DH_supplied_households": 9.0, "DH_cells": [ [ 4541050, 3077450 ], [ 4540250, 3077550 ], [ 4540350, 3077550 ] ] }, "geometry": { "type": "Polygon", "coordinates": [ [ [ 4540250.0, 3077550.0 ], [ 4540350.0, 3077550.0 ], [ 4541050.0, 3077450.0 ], [ 4540250.0, 3077550.0 ] ] ] } },
{ "type": "Feature", "properties": { "ID": "Augustusburg_145220020_c0", "GEN": "Augustusburg", "ARS": "145220020", "LAN": "Sachsen", "area": 0.265, "centroid": "POINT (4539529.245283 3082246.855346)", "DH_demand": 279.41547988446843, "total_demand_cells": 1551.6637420654297, "total_demand_area": 6657.685546875, "share_DH": 4.8257817185191936, "heat_density_DH": 1.0543980372998809, "heat_density": 25.123341686320753, "DH_supplied_households": 46.0, "DH_cells": [ [ 4539850, 3081650 ], [ 4539750, 3081750 ], [ 4539750, 3081850 ], [ 4539450, 3081950 ], [ 4539350, 3082050 ], [ 4539650, 3082450 ], [ 4539550, 3082650 ], [ 4539350, 3082750 ], [ 4539450, 3082750 ] ] }, "geometry": { "type": "Polygon", "coordinates": [ [ [ 4539350.0, 3082050.0 ], [ 4539350.0, 3082750.0 ], [ 4539450.0, 3082750.0 ], [ 4539550.0, 3082650.0 ], [ 4539650.0, 3082450.0 ], [ 4539750.0, 3081850.0 ], [ 4539850.0, 3081650.0 ], [ 4539750.0, 3081750.0 ], [ 4539450.0, 3081950.0 ], [ 4539350.0, 3082050.0 ] ] ] } },
{ "type": "Feature", "properties": { "ID": "Augustusburg_145220020_c1", "GEN": "Augustusburg", "ARS": "145220020", "LAN": "Sachsen", "area": 0.115, "centroid": "POINT (4537392.028986 3083418.115942)", "DH_demand": 366.11514406369565, "total_demand_cells": 1563.8553848266602, "total_demand_area": 5995.85791015625, "share_DH": 7.0211273611314322, "heat_density_DH": 3.1836099483799627, "heat_density": 52.137894870923922, "DH_supplied_households": 24.0, "DH_cells": [ [ 4537450, 3083250 ], [ 4537050, 3083350 ], [ 4537350, 3083350 ], [ 4537550, 3083450 ], [ 4537050, 3083550 ], [ 4537950, 3083550 ] ] }, "geometry": { "type": "Polygon", "coordinates": [ [ [ 4537350.0, 3083350.0 ], [ 4537050.0, 3083350.0 ], [ 4537050.0, 3083550.0 ], [ 4537550.0, 3083450.0 ], [ 4537950.0, 3083550.0 ], [ 4537450.0, 3083250.0 ], [ 4537350.0, 3083350.0 ] ] ] } },
{ "type": "Feature", "properties": { "ID": "Bobritzsch-Hilbersdorf_145220035_c1", "GEN": "Bobritzsch-Hilbersdorf", "ARS": "145220035", "LAN": "Sachsen", "area": 0.01, "centroid": "POINT (4559750 3094383.333333)", "DH_demand": 311.62808953875384, "total_demand_cells": 938.48847961425781, "total_demand_area": 1937.3145751953125, "share_DH": 18.495962717185932, "heat_density_DH": 31.162808953875384, "heat_density": 193.73145751953126, "DH_supplied_households": 12.0, "DH_cells": [ [ 4560050, 3094250 ], [ 4559850, 3094350 ], [ 4559550, 3094450 ], [ 4559650, 3094450 ] ] }, "geometry": { "type": "Polygon", "coordinates": [ [ [ 4559550.0, 3094450.0 ], [ 4559650.0, 3094450.0 ], [ 4559850.0, 3094350.0 ], [ 4560050.0, 3094250.0 ], [ 4559550.0, 3094450.0 ] ] ] } },
{ "type": "Feature", "properties": { "ID": "Bobritzsch-Hilbersdorf_145220035_c2", "GEN": "Bobritzsch-Hilbersdorf", "ARS": "145220035", "LAN": "Sachsen", "area": 0.065, "centroid": "POINT (4561308.974359 3097321.794872)", "DH_demand": 331.5886216099131, "total_demand_cells": 644.22314453125, "total_demand_area": 1531.3023681640625, "share_DH": 24.898842338366563, "heat_density_DH": 5.1013634093832785, "heat_density": 23.558497971754807, "DH_supplied_households": 15.0, "DH_cells": [ [ 4560850, 3096950 ], [ 4561250, 3097250 ], [ 4561250, 3097350 ], [ 4561550, 3097350 ], [ 4561450, 3097550 ] ] }, "geometry": { "type": "Polygon", "coordinates": [ [ [ 4561250.0, 3097250.0 ], [ 4560850.0, 3096950.0 ], [ 4561250.0, 3097350.0 ], [ 4561450.0, 3097550.0 ], [ 4561550.0, 3097350.0 ], [ 4561250.0, 3097250.0 ] ] ] } },
{ "type": "Feature", "properties": { "ID": "Brand-Erbisdorf_145220050_c0", "GEN": "Brand-Erbisdorf", "ARS": "145220050", "LAN": "Sachsen", "area": 0.005, "centroid": "POINT (4553016.666667 3086216.666667)", "DH_demand": 205.2606338377667, "total_demand_cells": 435.23066711425781, "total_demand_area": 751.5718994140625, "share_DH": 31.403324127494773, "heat_density_DH": 41.052126767553339, "heat_density": 150.31437988281249, "DH_supplied_households": 51.0, "DH_cells": [ [ 4552850, 3086150 ], [ 4553050, 3086250 ], [ 4553150, 3086250 ] ] }, "geometry": { "type": "Polygon", "coordinates": [ [ [ 4552850.0, 3086150.0 ], [ 4553050.0, 3086250.0 ], [ 4553150.0, 3086250.0 ], [ 4552850.0, 3086150.0 ] ] ] } },
{ "type": "Feature", "properties": { "ID": "Brand-Erbisdorf_145220050_c1", "GEN": "Brand-Erbisdorf", "ARS": "145220050", "LAN": "Sachsen", "area": 0.735, "centroid": "POINT (4554736.1678 3089237.755102)", "DH_demand": 6977.5366673528533, "total_demand_cells": 12177.107704162598, "total_demand_area": 31347.060546875, "share_DH": 25.594449600178205, "heat_density_DH": 9.4932471664664675, "heat_density": 42.649061968537417, "DH_supplied_households": 1123.0, "DH_cells": [ [ 4555050, 3087950 ], [ 4555350, 3088050 ], [ 4554650, 3088350 ], [ 4554650, 3088450 ], [ 4554750, 3088450 ], [ 4554650, 3088650 ], [ 4554550, 3088750 ], [ 4554650, 3088750 ], [ 4554550, 3088850 ], [ 4554550, 3089050 ], [ 4554050, 3089150 ], [ 4554750, 3089250 ], [ 4553950, 3089350 ], [ 4554650, 3089350 ], [ 4554750, 3089350 ], [ 4554750, 3089450 ], [ 4554850, 3089450 ], [ 4554950, 3089450 ], [ 4554150, 3089550 ], [ 4554850, 3089550 ], [ 4554950, 3089650 ], [ 4555050, 3089650 ], [ 4554950, 3089750 ], [ 4555250, 3089850 ], [ 4554750, 3089950 ], [ 4554850, 3089950 ], [ 4554950, 3089950 ], [ 4555050, 3089950 ], [ 4555150, 3089950 ], [ 4555250, 3089950 ], [ 4554950, 3090050 ], [ 4555050, 3090050 ], [ 4555150, 3090050 ], [ 4555250, 3090050 ], [ 4554950, 3090150 ], [ 4555050, 3090150 ], [ 4555150, 3090150 ], [ 4555250, 3090150 ], [ 4555350, 3090150 ], [ 4555250, 3090250 ], [ 4554950, 3090350 ], [ 4555050, 3090350 ], [ 4554950, 3090450 ] ] }, "geometry": { "type": "Polygon", "coordinates": [ [ [ 4553950.0, 3089350.0 ], [ 4554150.0, 3089550.0 ], [ 4554650.0, 3089350.0 ], [ 4554750.0, 3089450.0 ], [ 4554850.0, 3089550.0 ], [ 4554950.0, 3089750.0 ], [ 4554750.0, 3089950.0 ], [ 4554850.0, 3089950.0 ], [ 4554950.0, 3089950.0 ], [ 4554950.0, 3090050.0 ], [ 4554950.0, 3090150.0 ], [ 4554950.0, 3090350.0 ], [ 4554950.0, 3090450.0 ], [ 4555050.0, 3090350.0 ], [ 4555250.0, 3090250.0 ], [ 4555250.0, 3090150.0 ], [ 4555350.0, 3090150.0 ], [ 4555250.0, 3090050.0 ], [ 4555250.0, 3089950.0 ], [ 4555250.0, 3089850.0 ], [ 4555050.0, 3089650.0 ], [ 4554950.0, 3089650.0 ], [ 4554950.0, 3089450.0 ], [ 4554850.0, 3089450.0 ], [ 4554750.0, 3089350.0 ], [ 4554750.0, 3089250.0 ], [ 4554750.0, 3088450.0 ], [ 4555350.0, 3088050.0 ], [ 4555050.0, 3087950.0 ], [ 4554650.0, 3088350.0 ], [ 4554650.0, 3088450.0 ], [ 4554650.0, 3088650.0 ], [ 4554650.0, 3088750.0 ], [ 4554550.0, 3088750.0 ], [ 4554550.0, 3088850.0 ], [ 4554550.0, 3089050.0 ], [ 4554050.0, 3089150.0 ], [ 4553950.0, 3089350.0 ] ] ] } },
{ "type": "Feature", "properties": { "ID": "Döbeln_145220080_c0", "GEN": "Döbeln", "ARS": "145220080", "LAN": "Sachsen", "area": 2.29, "centroid": "POINT (4539636.244541 3117037.845706)", "DH_demand": 15490.221722279446, "total_demand_cells": 33502.375609397888, "total_demand_area": 101639.0859375, "share_DH": 17.524166605098017, "heat_density_DH": 6.7642889616940813, "heat_density": 44.383880322052399, "DH_supplied_households": 2454.0, "DH_cells": [ [ 4539050, 3116150 ], [ 4540650, 3116150 ], [ 4540850, 3116150 ], [ 4538550, 3116250 ], [ 4538750, 3116250 ], [ 4540550, 3116250 ], [ 4540650, 3116250 ], [ 4540750, 3116250 ], [ 4540850, 3116250 ], [ 4538650, 3116350 ], [ 4538850, 3116350 ], [ 4539250, 3116350 ], [ 4538650, 3116450 ], [ 4539150, 3116450 ], [ 4539250, 3116450 ], [ 4539650, 3116450 ], [ 4539750, 3116450 ], [ 4540250, 3116450 ], [ 4539450, 3116550 ], [ 4539050, 3116650 ], [ 4539150, 3116650 ], [ 4539250, 3116650 ], [ 4539450, 3116650 ], [ 4539750, 3116650 ], [ 4540250, 3116650 ], [ 4540550, 3116650 ], [ 4538950, 3116750 ], [ 4539150, 3116750 ], [ 4539250, 3116750 ], [ 4539350, 3116750 ], [ 4539450, 3116750 ], [ 4538850, 3116850 ], [ 4539150, 3116850 ], [ 4539250, 3116850 ], [ 4539350, 3116850 ], [ 4539450, 3116850 ], [ 4539550, 3116850 ], [ 4540750, 3116850 ], [ 4538750, 3116950 ], [ 4539150, 3116950 ], [ 4539250, 3116950 ], [ 4539350, 3116950 ], [ 4539450, 3116950 ], [ 4539550, 3116950 ], [ 4539650, 3116950 ], [ 4539750, 3116950 ], [ 4539050, 3117050 ], [ 4539250, 3117050 ], [ 4539450, 3117050 ], [ 4538750, 3117150 ], [ 4538850, 3117150 ], [ 4539450, 3117150 ], [ 4539950, 3117150 ], [ 4540550, 3117150 ], [ 4540650, 3117150 ], [ 4540750, 3117150 ], [ 4540850, 3117150 ], [ 4539350, 3117250 ], [ 4539450, 3117250 ], [ 4539750, 3117350 ], [ 4539350, 3117550 ], [ 4539450, 3117550 ], [ 4539550, 3117550 ], [ 4539650, 3117550 ], [ 4539750, 3117550 ], [ 4539250, 3117650 ], [ 4539350, 3117650 ], [ 4539850, 3117650 ], [ 4538950, 3117750 ], [ 4539150, 3117750 ], [ 4539250, 3117750 ], [ 4539350, 3117750 ], [ 4539450, 3117750 ], [ 4539750, 3117750 ], [ 4539050, 3117850 ], [ 4539150, 3117850 ], [ 4539250, 3117850 ], [ 4539350, 3117850 ], [ 4539450, 3117850 ], [ 4539550, 3117850 ], [ 4539650, 3117850 ], [ 4539750, 3117850 ], [ 4539850, 3117850 ], [ 4539450, 3117950 ], [ 4539550, 3117950 ], [ 4539650, 3117950 ], [ 4539750, 3117950 ], [ 4539850, 3117950 ], [ 4539350, 3118050 ], [ 4539550, 3118050 ], [ 4539650, 3118050 ], [ 4540050, 3118250 ], [ 4539850, 3118350 ], [ 4539950, 3118350 ], [ 4540150, 3118450 ] ] }, "geometry": { "type": "Polygon", "coordinates": [ [ [ 4538850.0, 3116350.0 ], [ 4538750.0, 3116250.0 ], [ 4538550.0, 3116250.0 ], [ 4538650.0, 3116350.0 ], [ 4538650.0, 3116450.0 ], [ 4538950.0, 3116750.0 ], [ 4538850.0, 3116850.0 ], [ 4538750.0, 3116950.0 ], [ 4538750.0, 3117150.0 ], [ 4538850.0, 3117150.0 ], [ 4538950.0, 3117750.0 ], [ 4539050.0, 3117850.0 ], [ 4539150.0, 3117850.0 ], [ 4539250.0, 3117850.0 ], [ 4539350.0, 3117850.0 ], [ 4539350.0, 3118050.0 ], [ 4539450.0, 3117950.0 ], [ 4539550.0, 3117950.0 ], [ 4539550.0, 3118050.0 ], [ 4539650.0, 3118050.0 ], [ 4539650.0, 3117950.0 ], [ 4539750.0, 3117950.0 ], [ 4539850.0, 3117950.0 ], [ 4539850.0, 3118350.0 ], [ 4539950.0, 3118350.0 ], [ 4540050.0, 3118250.0 ], [ 4540150.0, 3118450.0 ], [ 4539850.0, 3117650.0 ], [ 4539750.0, 3117550.0 ], [ 4539750.0, 3117350.0 ], [ 4539950.0, 3117150.0 ], [ 4540550.0, 3117150.0 ], [ 4540650.0, 3117150.0 ], [ 4540750.0, 3117150.0 ], [ 4540850.0, 3117150.0 ], [ 4540750.0, 3116850.0 ], [ 4540550.0, 3116650.0 ], [ 4540750.0, 3116250.0 ], [ 4540850.0, 3116250.0 ], [ 4540850.0, 3116150.0 ], [ 4540650.0, 3116150.0 ], [ 4540650.0, 3116250.0 ], [ 4540550.0, 3116250.0 ], [ 4540250.0, 3116450.0 ], [ 4539750.0, 3116450.0 ], [ 4539650.0, 3116450.0 ], [ 4539450.0, 3116550.0 ], [ 4539250.0, 3116450.0 ], [ 4539250.0, 3116350.0 ], [ 4539050.0, 3116150.0 ], [ 4538850.0, 3116350.0 ] ] ] } },
{ "type": "Feature", "properties": { "ID": "Döbeln_145220080_c1", "GEN": "Döbeln", "ARS": "145220080", "LAN": "Sachsen", "area": 0.205, "centroid": "POINT (4537833.739837 3117684.95935)", "DH_demand": 471.10568372846393, "total_demand_cells": 1532.3458422422409, "total_demand_area": 5419.435546875, "share_DH": 9.9955058629974491, "heat_density_DH": 2.298076505992507, "heat_density": 26.436270960365853, "DH_supplied_households": 90.0, "DH_cells": [ [ 4537950, 3116950 ], [ 4537950, 3117350 ], [ 4538050, 3117350 ], [ 4537950, 3117450 ], [ 4537950, 3117550 ], [ 4538050, 3117550 ], [ 4537950, 3117650 ], [ 4537650, 3118050 ], [ 4537550, 3118250 ], [ 4537650, 3118250 ], [ 4537750, 3118250 ] ] }, "geometry": { "type": "Polygon", "coordinates": [ [ [ 4537650.0, 3118050.0 ], [ 4537550.0, 3118250.0 ], [ 4537650.0, 3118250.0 ], [ 4537750.0, 3118250.0 ], [ 4537950.0, 3117650.0 ], [ 4538050.0, 3117550.0 ], [ 4537950.0, 3117450.0 ], [ 4537950.0, 3117350.0 ], [ 4538050.0, 3117350.0 ], [ 4537950.0, 3116950.0 ], [ 4537650.0, 3118050.0 ] ] ] } },
{ "type": "Feature", "properties": { "ID": "Eppendorf_145220110_c0", "GEN": "Eppendorf", "ARS": "145220110", "LAN": "Sachsen", "area": 0.25, "centroid": "POINT (4548502.666667 3080998.666667)", "DH_demand": 266.33839186569503, "total_demand_cells": 595.26399421691895, "total_demand_area": 6701.64013671875, "share_DH": 4.5697575565612913, "heat_density_DH": 1.0653535674627801, "heat_density": 26.806560546875001, "DH_supplied_households": 21.0, "DH_cells": [ [ 4548550, 3080150 ], [ 4548650, 3080550 ], [ 4548550, 3080850 ], [ 4548450, 3081150 ], [ 4548850, 3081150 ], [ 4548150, 3081250 ], [ 4548050, 3081650 ] ] }, "geometry": { "type": "Polygon", "coordinates": [ [ [ 4548050.0, 3081650.0 ], [ 4548450.0, 3081150.0 ], [ 4548850.0, 3081150.0 ], [ 4548650.0, 3080550.0 ], [ 4548550.0, 3080150.0 ], [ 4548550.0, 3080850.0 ], [ 4548150.0, 3081250.0 ], [ 4548050.0, 3081650.0 ] ] ] } },
{ "type": "Feature", "properties": { "ID": "Flöha_145220140_c0", "GEN": "Flöha", "ARS": "145220140", "LAN": "Sachsen", "area": 1.17, "centroid": "POINT (4537424.643875 3086815.242165)", "DH_demand": 6567.6421409172526, "total_demand_cells": 12324.34241104126, "total_demand_area": 49215.32421875, "share_DH": 15.344389721475643, "heat_density_DH": 5.6133693512113272, "heat_density": 42.0643796741453, "DH_supplied_households": 1185.0, "DH_cells": [ [ 4537850, 3085350 ], [ 4537650, 3085450 ], [ 4537850, 3085450 ], [ 4538150, 3085450 ], [ 4537550, 3085550 ], [ 4537750, 3085550 ], [ 4537850, 3085750 ], [ 4538050, 3085750 ], [ 4537850, 3085850 ], [ 4537950, 3085850 ], [ 4537050, 3086150 ], [ 4537950, 3086150 ], [ 4537150, 3086250 ], [ 4537650, 3086250 ], [ 4537050, 3086350 ], [ 4537250, 3086350 ], [ 4537350, 3086350 ], [ 4537450, 3086350 ], [ 4537750, 3086350 ], [ 4536950, 3086450 ], [ 4537050, 3086450 ], [ 4537150, 3086450 ], [ 4537250, 3086450 ], [ 4536950, 3086550 ], [ 4537150, 3086550 ], [ 4536950, 3086650 ], [ 4537050, 3086650 ], [ 4537150, 3086650 ], [ 4537550, 3086650 ], [ 4537650, 3086650 ], [ 4537550, 3086750 ], [ 4537050, 3087050 ], [ 4537150, 3087050 ], [ 4537050, 3087150 ], [ 4537150, 3087150 ], [ 4537850, 3087250 ], [ 4537250, 3087450 ], [ 4537350, 3087450 ], [ 4536850, 3087750 ], [ 4537350, 3087850 ], [ 4537050, 3087950 ], [ 4537550, 3087950 ], [ 4536850, 3088250 ] ] }, "geometry": { "type": "Polygon", "coordinates": [ [ [ 4536950.0, 3086550.0 ], [ 4536950.0, 3086650.0 ], [ 4537050.0, 3086650.0 ], [ 4537050.0, 3087050.0 ], [ 4537050.0, 3087150.0 ], [ 4537150.0, 3087150.0 ], [ 4537250.0, 3087450.0 ], [ 4536850.0, 3087750.0 ], [ 4536850.0, 3088250.0 ], [ 4537050.0, 3087950.0 ], [ 4537350.0, 3087850.0 ], [ 4537550.0, 3087950.0 ], [ 4537350.0, 3087450.0 ], [ 4537850.0, 3087250.0 ], [ 4537550.0, 3086750.0 ], [ 4537550.0, 3086650.0 ], [ 4537650.0, 3086650.0 ], [ 4537750.0, 3086350.0 ], [ 4537950.0, 3086150.0 ], [ 4537950.0, 3085850.0 ], [ 4538050.0, 3085750.0 ], [ 4538150.0, 3085450.0 ], [ 4537850.0, 3085350.0 ], [ 4537850.0, 3085450.0 ], [ 4537750.0, 3085550.0 ], [ 4537650.0, 3085450.0 ], [ 4537550.0, 3085550.0 ], [ 4537850.0, 3085750.0 ], [ 4537850.0, 3085850.0 ], [ 4537650.0, 3086250.0 ], [ 4537450.0, 3086350.0 ], [ 4537350.0, 3086350.0 ], [ 4537250.0, 3086350.0 ], [ 4537150.0, 3086250.0 ], [ 4537050.0, 3086150.0 ], [ 4537050.0, 3086350.0 ], [ 4537050.0, 3086450.0 ], [ 4536950.0, 3086450.0 ], [ 4536950.0, 3086550.0 ] ] ] } },
{ "type": "Feature", "properties": { "ID": "Frankenberg/Sa._145220150_c1", "GEN": "Frankenberg/Sa.", "ARS": "145220150", "LAN": "Sachsen", "area": 2.21, "centroid": "POINT (4535046.983409 3092987.104072)", "DH_demand": 7016.5106785906482, "total_demand_cells": 13500.282386779785, "total_demand_area": 62144.3828125, "share_DH": 12.982543944127128, "heat_density_DH": 3.1748917097695242, "heat_density": 28.119630231900452, "DH_supplied_households": 1343.0, "DH_cells": [ [ 4535250, 3091950 ], [ 4534650, 3092350 ], [ 4535550, 3092450 ], [ 4535850, 3092450 ], [ 4535450, 3092550 ], [ 4535550, 3092550 ], [ 4534350, 3092650 ], [ 4535550, 3092650 ], [ 4535650, 3092650 ], [ 4534050, 3092750 ], [ 4535550, 3092750 ], [ 4535650, 3092750 ], [ 4535250, 3092850 ], [ 4535350, 3092850 ], [ 4535450, 3092850 ], [ 4535550, 3092850 ], [ 4535650, 3092850 ], [ 4535750, 3092850 ], [ 4534150, 3092950 ], [ 4534450, 3092950 ], [ 4535250, 3092950 ], [ 4535350, 3092950 ], [ 4534750, 3093150 ], [ 4534850, 3093150 ], [ 4536050, 3093150 ], [ 4535050, 3093250 ], [ 4536050, 3093250 ], [ 4534150, 3093350 ], [ 4535950, 3093350 ], [ 4534750, 3093450 ], [ 4534550, 3093550 ], [ 4535650, 3093550 ], [ 4535750, 3093550 ], [ 4534650, 3093650 ], [ 4534750, 3093750 ], [ 4535050, 3093850 ] ] }, "geometry": { "type": "Polygon", "coordinates": [ [ [ 4534650.0, 3092350.0 ], [ 4534350.0, 3092650.0 ], [ 4534050.0, 3092750.0 ], [ 4534150.0, 3092950.0 ], [ 4534150.0, 3093350.0 ], [ 4534550.0, 3093550.0 ], [ 4534650.0, 3093650.0 ], [ 4534750.0, 3093750.0 ], [ 4535050.0, 3093850.0 ], [ 4535650.0, 3093550.0 ], [ 4535750.0, 3093550.0 ], [ 4535950.0, 3093350.0 ], [ 4536050.0, 3093250.0 ], [ 4536050.0, 3093150.0 ], [ 4535750.0, 3092850.0 ], [ 4535650.0, 3092850.0 ], [ 4535650.0, 3092750.0 ], [ 4535650.0, 3092650.0 ], [ 4535850.0, 3092450.0 ], [ 4535550.0, 3092450.0 ], [ 4535250.0, 3091950.0 ], [ 4534650.0, 3092350.0 ] ] ] } },
{ "type": "Feature", "properties": { "ID": "Freiberg_145220180_c1", "GEN": "Freiberg", "ARS": "145220180", "LAN": "Sachsen", "area": 6.095, "centroid": "POINT (4555545.077933 3094357.273722)", "DH_demand": 81837.6910405253, "total_demand_cells": 118448.48843288422, "total_demand_area": 297770.34375, "share_DH": 31.60184331117193, "heat_density_DH": 13.427020679331468, "heat_density": 48.854855414273992, "DH_supplied_households": 11160.0, "DH_cells": [ [ 4555650, 3092650 ], [ 4555750, 3092650 ], [ 4555850, 3092650 ], [ 4555550, 3092750 ], [ 4555650, 3092750 ], [ 4555750, 3092750 ], [ 4555850, 3092750 ], [ 4555950, 3092750 ], [ 4555650, 3092850 ], [ 4555750, 3092850 ], [ 4555850, 3092850 ], [ 4555950, 3092850 ], [ 4555150, 3092950 ], [ 4555250, 3092950 ], [ 4555350, 3092950 ], [ 4555750, 3092950 ], [ 4555950, 3092950 ], [ 4555050, 3093050 ], [ 4555150, 3093050 ], [ 4555250, 3093050 ], [ 4555350, 3093050 ], [ 4555450, 3093050 ], [ 4555750, 3093050 ], [ 4554450, 3093150 ], [ 4554550, 3093150 ], [ 4554650, 3093150 ], [ 4554750, 3093150 ], [ 4554850, 3093150 ], [ 4554950, 3093150 ], [ 4555050, 3093150 ], [ 4555150, 3093150 ], [ 4555250, 3093150 ], [ 4555350, 3093150 ], [ 4555450, 3093150 ], [ 4556450, 3093150 ], [ 4556550, 3093150 ], [ 4554350, 3093250 ], [ 4554450, 3093250 ], [ 4554550, 3093250 ], [ 4554650, 3093250 ], [ 4554850, 3093250 ], [ 4554950, 3093250 ], [ 4555050, 3093250 ], [ 4555150, 3093250 ], [ 4555250, 3093250 ], [ 4555350, 3093250 ], [ 4555450, 3093250 ], [ 4555550, 3093250 ], [ 4556150, 3093250 ], [ 4553950, 3093350 ], [ 4554350, 3093350 ], [ 4554450, 3093350 ], [ 4554650, 3093350 ], [ 4554750, 3093350 ], [ 4554850, 3093350 ], [ 4554950, 3093350 ], [ 4555050, 3093350 ], [ 4555150, 3093350 ], [ 4555250, 3093350 ], [ 4555350, 3093350 ], [ 4555450, 3093350 ], [ 4555550, 3093350 ], [ 4556750, 3093350 ], [ 4554350, 3093450 ], [ 4554450, 3093450 ], [ 4554550, 3093450 ], [ 4554650, 3093450 ], [ 4554750, 3093450 ], [ 4554850, 3093450 ], [ 4554950, 3093450 ], [ 4555250, 3093450 ], [ 4555350, 3093450 ], [ 4555450, 3093450 ], [ 4556150, 3093450 ], [ 4554450, 3093550 ], [ 4554550, 3093550 ], [ 4554650, 3093550 ], [ 4554750, 3093550 ], [ 4554850, 3093550 ], [ 4554950, 3093550 ], [ 4555050, 3093550 ], [ 4555150, 3093550 ], [ 4555250, 3093550 ], [ 4555350, 3093550 ], [ 4555450, 3093550 ], [ 4555550, 3093550 ], [ 4554350, 3093650 ], [ 4554450, 3093650 ], [ 4554550, 3093650 ], [ 4554650, 3093650 ], [ 4554750, 3093650 ], [ 4554850, 3093650 ], [ 4554950, 3093650 ], [ 4555050, 3093650 ], [ 4555150, 3093650 ], [ 4555450, 3093650 ], [ 4555550, 3093650 ], [ 4555650, 3093650 ], [ 4555950, 3093650 ], [ 4556550, 3093650 ], [ 4554250, 3093750 ], [ 4554350, 3093750 ], [ 4554450, 3093750 ], [ 4554550, 3093750 ], [ 4554650, 3093750 ], [ 4554850, 3093750 ], [ 4554950, 3093750 ], [ 4555050, 3093750 ], [ 4555150, 3093750 ], [ 4555350, 3093750 ], [ 4555450, 3093750 ], [ 4554350, 3093850 ], [ 4554450, 3093850 ], [ 4554550, 3093850 ], [ 4554750, 3093850 ], [ 4554850, 3093850 ], [ 4554950, 3093850 ], [ 4555050, 3093850 ], [ 4555150, 3093850 ], [ 4555350, 3093850 ], [ 4554350, 3093950 ], [ 4554450, 3093950 ], [ 4554550, 3093950 ], [ 4554750, 3093950 ], [ 4555050, 3093950 ], [ 4555150, 3093950 ], [ 4554550, 3094050 ], [ 4554750, 3094050 ], [ 4554850, 3094050 ], [ 4554950, 3094050 ], [ 4555050, 3094050 ], [ 4555150, 3094050 ], [ 4555550, 3094050 ], [ 4556450, 3094050 ], [ 4554250, 3094150 ], [ 4554350, 3094150 ], [ 4554650, 3094150 ], [ 4554750, 3094150 ], [ 4554850, 3094150 ], [ 4554950, 3094150 ], [ 4555050, 3094150 ], [ 4555650, 3094150 ], [ 4556850, 3094150 ], [ 4554250, 3094250 ], [ 4554350, 3094250 ], [ 4554850, 3094250 ], [ 4554950, 3094250 ], [ 4555550, 3094250 ], [ 4556250, 3094250 ], [ 4556950, 3094250 ], [ 4554250, 3094350 ], [ 4554350, 3094350 ], [ 4554450, 3094350 ], [ 4554550, 3094350 ], [ 4554950, 3094450 ], [ 4554950, 3094550 ], [ 4556650, 3094550 ], [ 4554650, 3094650 ], [ 4555750, 3094650 ], [ 4555950, 3094650 ], [ 4556650, 3094650 ], [ 4556750, 3094650 ], [ 4554450, 3094750 ], [ 4555750, 3094750 ], [ 4556550, 3094750 ], [ 4556650, 3094750 ], [ 4556750, 3094750 ], [ 4554550, 3094850 ], [ 4554650, 3094850 ], [ 4555150, 3094850 ], [ 4556150, 3094850 ], [ 4554350, 3094950 ], [ 4554550, 3094950 ], [ 4554650, 3094950 ], [ 4554750, 3094950 ], [ 4554850, 3094950 ], [ 4554950, 3094950 ], [ 4555150, 3094950 ], [ 4555250, 3094950 ], [ 4555450, 3094950 ], [ 4555950, 3094950 ], [ 4556150, 3094950 ], [ 4556450, 3094950 ], [ 4554150, 3095050 ], [ 4554550, 3095050 ], [ 4554750, 3095050 ], [ 4554850, 3095050 ], [ 4554950, 3095050 ], [ 4555050, 3095050 ], [ 4555250, 3095050 ], [ 4555350, 3095050 ], [ 4555850, 3095050 ], [ 4555950, 3095050 ], [ 4556150, 3095050 ], [ 4556350, 3095050 ], [ 4554550, 3095150 ], [ 4554650, 3095150 ], [ 4554750, 3095150 ], [ 4554850, 3095150 ], [ 4554950, 3095150 ], [ 4555050, 3095150 ], [ 4554450, 3095250 ], [ 4554750, 3095250 ], [ 4554850, 3095250 ], [ 4554950, 3095250 ], [ 4555050, 3095250 ], [ 4555850, 3095250 ], [ 4555950, 3095250 ], [ 4556750, 3095250 ], [ 4554850, 3095350 ], [ 4554950, 3095350 ], [ 4555050, 3095350 ], [ 4556050, 3095350 ], [ 4556150, 3095350 ], [ 4556250, 3095350 ], [ 4554850, 3095450 ], [ 4556150, 3095450 ], [ 4556250, 3095450 ], [ 4556350, 3095450 ], [ 4555050, 3095550 ], [ 4555550, 3095550 ], [ 4556050, 3095550 ], [ 4556550, 3095650 ], [ 4555650, 3095750 ], [ 4555850, 3095750 ], [ 4555950, 3095750 ], [ 4555650, 3095850 ], [ 4555750, 3095850 ], [ 4555850, 3095850 ], [ 4556050, 3095950 ], [ 4554850, 3096050 ], [ 4555150, 3096050 ], [ 4555350, 3096150 ], [ 4555450, 3096150 ] ] }, "geometry": { "type": "Polygon", "coordinates": [ [ [ 4555650.0, 3092750.0 ], [ 4555550.0, 3092750.0 ], [ 4555350.0, 3092950.0 ], [ 4555250.0, 3092950.0 ], [ 4555150.0, 3092950.0 ], [ 4555150.0, 3093050.0 ], [ 4555050.0, 3093050.0 ], [ 4555050.0, 3093150.0 ], [ 4554950.0, 3093150.0 ], [ 4554850.0, 3093150.0 ], [ 4554750.0, 3093150.0 ], [ 4554650.0, 3093150.0 ], [ 4554550.0, 3093150.0 ], [ 4554450.0, 3093150.0 ], [ 4554450.0, 3093250.0 ], [ 4554350.0, 3093250.0 ], [ 4554350.0, 3093350.0 ], [ 4553950.0, 3093350.0 ], [ 4554350.0, 3093650.0 ], [ 4554250.0, 3093750.0 ], [ 4554350.0, 3093850.0 ], [ 4554350.0, 3093950.0 ], [ 4554350.0, 3094150.0 ], [ 4554250.0, 3094150.0 ], [ 4554250.0, 3094250.0 ], [ 4554250.0, 3094350.0 ], [ 4554350.0, 3094350.0 ], [ 4554450.0, 3094350.0 ], [ 4554550.0, 3094350.0 ], [ 4554650.0, 3094650.0 ], [ 4554450.0, 3094750.0 ], [ 4554550.0, 3094850.0 ], [ 4554550.0, 3094950.0 ], [ 4554350.0, 3094950.0 ], [ 4554150.0, 3095050.0 ], [ 4554550.0, 3095050.0 ], [ 4554550.0, 3095150.0 ], [ 4554450.0, 3095250.0 ], [ 4554750.0, 3095250.0 ], [ 4554850.0, 3095250.0 ], [ 4554850.0, 3095350.0 ], [ 4554850.0, 3095450.0 ], [ 4555050.0, 3095550.0 ], [ 4554850.0, 3096050.0 ], [ 4555150.0, 3096050.0 ], [ 4555350.0, 3096150.0 ], [ 4555450.0, 3096150.0 ], [ 4555650.0, 3095850.0 ], [ 4555750.0, 3095850.0 ], [ 4555850.0, 3095850.0 ], [ 4555850.0, 3095750.0 ], [ 4555950.0, 3095750.0 ], [ 4556050.0, 3095950.0 ], [ 4556050.0, 3095550.0 ], [ 4556150.0, 3095450.0 ], [ 4556250.0, 3095450.0 ], [ 4556350.0, 3095450.0 ], [ 4556550.0, 3095650.0 ], [ 4556750.0, 3095250.0 ], [ 4556750.0, 3094750.0 ], [ 4556750.0, 3094650.0 ], [ 4556650.0, 3094650.0 ], [ 4556650.0, 3094550.0 ], [ 4556950.0, 3094250.0 ], [ 4556850.0, 3094150.0 ], [ 4556450.0, 3094050.0 ], [ 4556550.0, 3093650.0 ], [ 4556750.0, 3093350.0 ], [ 4556550.0, 3093150.0 ], [ 4556450.0, 3093150.0 ], [ 4556150.0, 3093250.0 ], [ 4555950.0, 3092950.0 ], [ 4555950.0, 3092850.0 ], [ 4555950.0, 3092750.0 ], [ 4555850.0, 3092750.0 ], [ 4555850.0, 3092650.0 ], [ 4555750.0, 3092650.0 ], [ 4555650.0, 3092650.0 ], [ 4555650.0, 3092750.0 ] ] ] } },
{ "type": "Feature", "properties": { "ID": "Geringswalde_145220190_c0", "GEN": "Geringswalde", "ARS": "145220190", "LAN": "Sachsen", "area": 0.825, "centroid": "POINT (4524751.212121 3111145.151515)", "DH_demand": 1026.1172526513178, "total_demand_cells": 4597.4094734191895, "total_demand_area": 19265.515625, "share_DH": 6.1243054445086349, "heat_density_DH": 1.2437784880622034, "heat_density": 23.352140151515151, "DH_supplied_households": 78.0, "DH_cells": [ [ 4525250, 3110650 ], [ 4525650, 3110650 ], [ 4525150, 3110750 ], [ 4524150, 3110850 ], [ 4524250, 3110850 ], [ 4524350, 3110850 ], [ 4524850, 3110850 ], [ 4524450, 3110950 ], [ 4524050, 3111050 ], [ 4524150, 3111150 ], [ 4525150, 3111150 ], [ 4525250, 3111150 ], [ 4524850, 3111250 ], [ 4524450, 3111350 ], [ 4524550, 3111350 ], [ 4524650, 3111350 ], [ 4525350, 3111350 ], [ 4524150, 3111450 ], [ 4523750, 3111550 ], [ 4524750, 3111550 ], [ 4524850, 3111550 ], [ 4525050, 3111750 ], [ 4524950, 3112050 ] ] }, "geometry": { "type": "Polygon", "coordinates": [ [ [ 4524050.0, 3111050.0 ], [ 4524150.0, 3111150.0 ], [ 4523750.0, 3111550.0 ], [ 4524150.0, 3111450.0 ], [ 4524450.0, 3111350.0 ], [ 4524550.0, 3111350.0 ], [ 4524650.0, 3111350.0 ], [ 4524750.0, 3111550.0 ], [ 4524950.0, 3112050.0 ], [ 4525050.0, 3111750.0 ], [ 4524850.0, 3111550.0 ], [ 4524850.0, 3111250.0 ], [ 4525350.0, 3111350.0 ], [ 4525250.0, 3111150.0 ], [ 4525650.0, 3110650.0 ], [ 4525250.0, 3110650.0 ], [ 4525150.0, 3110750.0 ], [ 4524850.0, 3110850.0 ], [ 4524450.0, 3110950.0 ], [ 4524350.0, 3110850.0 ], [ 4524250.0, 3110850.0 ], [ 4524150.0, 3110850.0 ], [ 4524050.0, 3111050.0 ] ] ] } },
{ "type": "Feature", "properties": { "ID": "Großhartmannsdorf_145220200_c2", "GEN": "Großhartmannsdorf", "ARS": "145220200", "LAN": "Sachsen", "area": 0.33, "centroid": "POINT (4555223.737374 3082141.919192)", "DH_demand": 306.16206879276388, "total_demand_cells": 694.9587679207325, "total_demand_area": 4522.54150390625, "share_DH": 7.7841162410191735, "heat_density_DH": 0.92776384482655738, "heat_density": 13.704671223958336, "DH_supplied_households": 16.0, "DH_cells": [ [ 4554950, 3081550 ], [ 4555350, 3081750 ], [ 4555050, 3082150 ], [ 4555150, 3082450 ], [ 4555450, 3082950 ] ] }, "geometry": { "type": "Polygon", "coordinates": [ [ [ 4554950.0, 3081550.0 ], [ 4555050.0, 3082150.0 ], [ 4555150.0, 3082450.0 ], [ 4555450.0, 3082950.0 ], [ 4555350.0, 3081750.0 ], [ 4554950.0, 3081550.0 ] ] ] } },
{ "type": "Feature", "properties": { "ID": "Großweitzschen_145220220_c0", "GEN": "Großweitzschen", "ARS": "145220220", "LAN": "Sachsen", "area": 0.145, "centroid": "POINT (4533125.862069 3118836.206897)", "DH_demand": 178.36261649501526, "total_demand_cells": 650.27877330780029, "total_demand_area": 3004.468017578125, "share_DH": 6.8261643327393999, "heat_density_DH": 1.23008701031045, "heat_density": 20.720469086745691, "DH_supplied_households": 34.0, "DH_cells": [ [ 4532950, 3118450 ], [ 4533150, 3118650 ], [ 4532950, 3118850 ], [ 4533050, 3118850 ], [ 4532950, 3118950 ], [ 4533450, 3119150 ] ] }, "geometry": { "type": "Polygon", "coordinates": [ [ [ 4532950.0, 3118450.0 ], [ 4532950.0, 3118850.0 ], [ 4532950.0, 3118950.0 ], [ 4533450.0, 3119150.0 ], [ 4533150.0, 3118650.0 ], [ 4532950.0, 3118450.0 ] ] ] } },
{ "type": "Feature", "properties": { "ID": "Hainichen_145220230_c1", "GEN": "Hainichen", "ARS": "145220230", "LAN": "Sachsen", "area": 0.37, "centroid": "POINT (4540227.927928 3100312.162162)", "DH_demand": 864.1325662188342, "total_demand_cells": 6092.9494476318359, "total_demand_area": 21464.041015625, "share_DH": 4.6292365447545727, "heat_density_DH": 2.3354934222130654, "heat_density": 58.010921663851349, "DH_supplied_households": 91.0, "DH_cells": [ [ 4540350, 3099550 ], [ 4540450, 3099650 ], [ 4540250, 3099750 ], [ 4540450, 3099750 ], [ 4540150, 3100250 ], [ 4540150, 3100350 ], [ 4540250, 3100350 ], [ 4540350, 3100350 ], [ 4540450, 3100350 ], [ 4539850, 3100450 ], [ 4540250, 3100450 ], [ 4539850, 3100550 ], [ 4540150, 3100650 ], [ 4539950, 3100750 ], [ 4540150, 3100750 ], [ 4540550, 3100750 ], [ 4539950, 3100850 ] ] }, "geometry": { "type": "Polygon", "coordinates": [ [ [ 4540250.0, 3099750.0 ], [ 4540150.0, 3100250.0 ], [ 4540150.0, 3100350.0 ], [ 4539850.0, 3100450.0 ], [ 4539850.0, 3100550.0 ], [ 4539950.0, 3100750.0 ], [ 4539950.0, 3100850.0 ], [ 4540150.0, 3100750.0 ], [ 4540550.0, 3100750.0 ], [ 4540250.0, 3100450.0 ], [ 4540250.0, 3100350.0 ], [ 4540350.0, 3100350.0 ], [ 4540450.0, 3100350.0 ], [ 4540450.0, 3099750.0 ], [ 4540450.0, 3099650.0 ], [ 4540350.0, 3099550.0 ], [ 4540250.0, 3099750.0 ] ] ] } },
{ "type": "Feature", "properties": { "ID": "Halsbrücke_145220240_c1", "GEN": "Halsbrücke", "ARS": "145220240", "LAN": "Sachsen", "area": 0.22, "centroid": "POINT (4557408.333333 3097700)", "DH_demand": 232.65584724093472, "total_demand_cells": 559.84241104125977, "total_demand_area": 3218.966552734375, "share_DH": 8.3107075090838016, "heat_density_DH": 1.0575265783678851, "heat_density": 14.631666148792613, "DH_supplied_households": 26.0, "DH_cells": [ [ 4556850, 3097150 ], [ 4556850, 3097250 ], [ 4557450, 3097550 ], [ 4557950, 3098250 ], [ 4557950, 3098350 ] ] }, "geometry": { "type": "Polygon", "coordinates": [ [ [ 4556850.0, 3097150.0 ], [ 4556850.0, 3097250.0 ], [ 4557950.0, 3098350.0 ], [ 4557950.0, 3098250.0 ], [ 4557450.0, 3097550.0 ], [ 4556850.0, 3097150.0 ] ] ] } },
{ "type": "Feature", "properties": { "ID": "Hartha_145220250_c0", "GEN": "Hartha", "ARS": "145220250", "LAN": "Sachsen", "area": 0.325, "centroid": "POINT (4529301.282051 3113895.128205)", "DH_demand": 3091.5789256627691, "total_demand_cells": 7202.0909271240234, "total_demand_area": 18271.857421875, "share_DH": 19.455308889602598, "heat_density_DH": 9.5125505405008273, "heat_density": 56.221099759615385, "DH_supplied_households": 395.0, "DH_cells": [ [ 4529250, 3113350 ], [ 4529450, 3113450 ], [ 4529050, 3113750 ], [ 4529150, 3113750 ], [ 4529250, 3113750 ], [ 4529650, 3113750 ], [ 4529350, 3113850 ], [ 4528850, 3114050 ], [ 4529250, 3114050 ], [ 4529250, 3114150 ], [ 4529250, 3114250 ], [ 4529250, 3114350 ], [ 4529350, 3114350 ], [ 4529450, 3114350 ], [ 4529350, 3114450 ], [ 4529450, 3114450 ], [ 4529250, 3114550 ], [ 4529450, 3114550 ], [ 4529250, 3114650 ] ] }, "geometry": { "type": "MultiPolygon", "coordinates": [ [ [ [ 4529050.0, 3113750.0 ], [ 4528850.0, 3114050.0 ], [ 4529250.0, 3114050.0 ], [ 4529250.0, 3114150.0 ], [ 4529650.0, 3113750.0 ], [ 4529450.0, 3113450.0 ], [ 4529250.0, 3113350.0 ], [ 4529250.0, 3113750.0 ], [ 4529150.0, 3113750.0 ], [ 4529050.0, 3113750.0 ] ] ], [ [ [ 4529250.0, 3114350.0 ], [ 4529350.0, 3114350.0 ], [ 4529350.0, 3114450.0 ], [ 4529250.0, 3114550.0 ], [ 4529250.0, 3114650.0 ], [ 4529450.0, 3114550.0 ], [ 4529450.0, 3114450.0 ], [ 4529450.0, 3114350.0 ], [ 4529250.0, 3114150.0 ], [ 4529250.0, 3114250.0 ], [ 4529250.0, 3114350.0 ] ] ] ] } },
{ "type": "Feature", "properties": { "ID": "Hartmannsdorf_145220260_c0", "GEN": "Hartmannsdorf", "ARS": "145220260", "LAN": "Sachsen", "area": 0.045, "centroid": "POINT (4518327.777778 3089312.962963)", "DH_demand": 326.50856399735096, "total_demand_cells": 1102.9694519042969, "total_demand_area": 2810.613037109375, "share_DH": 13.357771510328693, "heat_density_DH": 7.255745866607799, "heat_density": 62.458067491319447, "DH_supplied_households": 15.0, "DH_cells": [ [ 4518050, 3089250 ], [ 4518550, 3089250 ], [ 4518250, 3089350 ], [ 4518350, 3089450 ] ] }, "geometry": { "type": "Polygon", "coordinates": [ [ [ 4518050.0, 3089250.0 ], [ 4518250.0, 3089350.0 ], [ 4518350.0, 3089450.0 ], [ 4518550.0, 3089250.0 ], [ 4518050.0, 3089250.0 ] ] ] } },
{ "type": "Feature", "properties": { "ID": "Hartmannsdorf_145220260_c1", "GEN": "Hartmannsdorf", "ARS": "145220260", "LAN": "Sachsen", "area": 0.025, "centroid": "POINT (4519363.333333 3089623.333333)", "DH_demand": 452.26689264467353, "total_demand_cells": 768.14596939086914, "total_demand_area": 815.786865234375, "share_DH": 63.746827873518498, "heat_density_DH": 18.090675705786943, "heat_density": 32.631474609375005, "DH_supplied_households": 71.0, "DH_cells": [ [ 4519350, 3089450 ], [ 4519250, 3089550 ], [ 4519350, 3089550 ], [ 4519350, 3089650 ], [ 4519450, 3089650 ], [ 4519350, 3089750 ], [ 4519450, 3089750 ] ] }, "geometry": { "type": "Polygon", "coordinates": [ [ [ 4519250.0, 3089550.0 ], [ 4519350.0, 3089650.0 ], [ 4519350.0, 3089750.0 ], [ 4519450.0, 3089750.0 ], [ 4519450.0, 3089650.0 ], [ 4519350.0, 3089550.0 ], [ 4519350.0, 3089450.0 ], [ 4519250.0, 3089550.0 ] ] ] } },
{ "type": "Feature", "properties": { "ID": "Jahnatal_145220275_c0", "GEN": "Jahnatal", "ARS": "145220275", "LAN": "Sachsen", "area": 0.015, "centroid": "POINT (4541794.444444 3126372.222222)", "DH_demand": 264.77102222034455, "total_demand_cells": 455.06959450244904, "total_demand_area": 455.06961059570312, "share_DH": 66.90107675596559, "heat_density_DH": 17.651401481356302, "heat_density": 30.33797403971354, "DH_supplied_households": 54.0, "DH_cells": [ [ 4541750, 3126250 ], [ 4541750, 3126350 ], [ 4541850, 3126350 ], [ 4541750, 3126450 ], [ 4541850, 3126450 ] ] }, "geometry": { "type": "Polygon", "coordinates": [ [ [ 4541750.0, 3126250.0 ], [ 4541750.0, 3126350.0 ], [ 4541750.0, 3126450.0 ], [ 4541850.0, 3126450.0 ], [ 4541850.0, 3126350.0 ], [ 4541750.0, 3126250.0 ] ] ] } },
{ "type": "Feature", "properties": { "ID": "Jahnatal_145220275_c2", "GEN": "Jahnatal", "ARS": "145220275", "LAN": "Sachsen", "area": 0.325, "centroid": "POINT (4542513.589744 3122172.564103)", "DH_demand": 272.70298571347746, "total_demand_cells": 613.93915557861328, "total_demand_area": 2088.3232421875, "share_DH": 15.015253226786815, "heat_density_DH": 0.839086109887623, "heat_density": 6.4256099759615388, "DH_supplied_households": 13.0, "DH_cells": [ [ 4542050, 3121850 ], [ 4542950, 3122150 ], [ 4542050, 3122250 ], [ 4543150, 3122450 ] ] }, "geometry": { "type": "Polygon", "coordinates": [ [ [ 4542050.0, 3121850.0 ], [ 4542050.0, 3122250.0 ], [ 4543150.0, 3122450.0 ], [ 4542950.0, 3122150.0 ], [ 4542050.0, 3121850.0 ] ] ] } },
{ "type": "Feature", "properties": { "ID": "Leisnig_145220310_c0", "GEN": "Leisnig", "ARS": "145220310", "LAN": "Sachsen", "area": 0.575, "centroid": "POINT (4525598.115942 3120694.637681)", "DH_demand": 902.59501648816308, "total_demand_cells": 4337.4946012496948, "total_demand_area": 19280.31640625, "share_DH": 5.3829365971404384, "heat_density_DH": 1.569730463457675, "heat_density": 33.530985054347823, "DH_supplied_households": 132.0, "DH_cells": [ [ 4526250, 3119850 ], [ 4526350, 3119950 ], [ 4525750, 3120150 ], [ 4525250, 3120450 ], [ 4525350, 3120450 ], [ 4525650, 3120450 ], [ 4525750, 3120450 ], [ 4525350, 3120650 ], [ 4525550, 3120650 ], [ 4524750, 3120750 ], [ 4525450, 3120850 ], [ 4525450, 3120950 ], [ 4525350, 3121150 ], [ 4525850, 3121250 ], [ 4525450, 3121450 ], [ 4525550, 3121450 ], [ 4525350, 3121650 ] ] }, "geometry": { "type": "Polygon", "coordinates": [ [ [ 4525750.0, 3120150.0 ], [ 4525350.0, 3120450.0 ], [ 4525250.0, 3120450.0 ], [ 4524750.0, 3120750.0 ], [ 4525350.0, 3120650.0 ], [ 4525450.0, 3120850.0 ], [ 4525450.0, 3120950.0 ], [ 4525350.0, 3121150.0 ], [ 4525350.0, 3121650.0 ], [ 4525450.0, 3121450.0 ], [ 4525550.0, 3121450.0 ], [ 4525850.0, 3121250.0 ], [ 4525550.0, 3120650.0 ], [ 4525650.0, 3120450.0 ], [ 4525750.0, 3120450.0 ], [ 4526350.0, 3119950.0 ], [ 4526250.0, 3119850.0 ], [ 4525750.0, 3120150.0 ] ] ] } },
{ "type": "Feature", "properties": { "ID": "Leisnig_145220310_c1", "GEN": "Leisnig", "ARS": "145220310", "LAN": "Sachsen", "area": 0.06, "centroid": "POINT (4526783.333333 3120572.222222)", "DH_demand": 387.54167887305397, "total_demand_cells": 839.06192016601562, "total_demand_area": 2397.173583984375, "share_DH": 18.589145342036741, "heat_density_DH": 6.4590279812175657, "heat_density": 39.952893066406247, "DH_supplied_households": 30.0, "DH_cells": [ [ 4526850, 3120450 ], [ 4526650, 3120550 ], [ 4527050, 3120550 ], [ 4526450, 3120650 ], [ 4526850, 3120650 ] ] }, "geometry": { "type": "Polygon", "coordinates": [ [ [ 4526650.0, 3120550.0 ], [ 4526450.0, 3120650.0 ], [ 4526850.0, 3120650.0 ], [ 4527050.0, 3120550.0 ], [ 4526850.0, 3120450.0 ], [ 4526650.0, 3120550.0 ] ] ] } },
{ "type": "Feature", "properties": { "ID": "Leubsdorf_145220320_c1", "GEN": "Leubsdorf", "ARS": "145220320", "LAN": "Sachsen", "area": 0.065, "centroid": "POINT (4544652.564103 3081444.871795)", "DH_demand": 308.70126015903224, "total_demand_cells": 895.98158264160156, "total_demand_area": 2459.150390625, "share_DH": 14.434236049771215, "heat_density_DH": 4.7492501562928036, "heat_density": 37.833082932692307, "DH_supplied_households": 18.0, "DH_cells": [ [ 4544450, 3081350 ], [ 4544550, 3081350 ], [ 4545050, 3081450 ], [ 4544450, 3081550 ] ] }, "geometry": { "type": "Polygon", "coordinates": [ [ [ 4544450.0, 3081350.0 ], [ 4544450.0, 3081550.0 ], [ 4545050.0, 3081450.0 ], [ 4544550.0, 3081350.0 ], [ 4544450.0, 3081350.0 ] ] ] } },
{ "type": "Feature", "properties": { "ID": "Lichtenau_145220330_c2", "GEN": "Lichtenau", "ARS": "145220330", "LAN": "Sachsen", "area": 0.035, "centroid": "POINT (4526116.666667 3091783.333333)", "DH_demand": 214.14292960243912, "total_demand_cells": 712.28080749511719, "total_demand_area": 2840.08056640625, "share_DH": 8.6698896457190884, "heat_density_DH": 6.1183694172125476, "heat_density": 81.145159040178584, "DH_supplied_households": 9.0, "DH_cells": [ [ 4525950, 3091750 ], [ 4526650, 3091750 ], [ 4525750, 3091850 ] ] }, "geometry": { "type": "Polygon", "coordinates": [ [ [ 4525750.0, 3091850.0 ], [ 4526650.0, 3091750.0 ], [ 4525950.0, 3091750.0 ], [ 4525750.0, 3091850.0 ] ] ] } },
{ "type": "Feature", "properties": { "ID": "Lunzenau_145220350_c0", "GEN": "Lunzenau", "ARS": "145220350", "LAN": "Sachsen", "area": 0.225, "centroid": "POINT (4514418.148148 3098480.37037)", "DH_demand": 430.66093049488319, "total_demand_cells": 2090.3255056738853, "total_demand_area": 8127.046875, "share_DH": 6.0931686608175895, "heat_density_DH": 1.9140485799772589, "heat_density": 36.120208333333338, "DH_supplied_households": 60.0, "DH_cells": [ [ 4514250, 3098150 ], [ 4514250, 3098250 ], [ 4514550, 3098250 ], [ 4514550, 3098350 ], [ 4514850, 3098550 ], [ 4514150, 3098650 ], [ 4514150, 3098750 ], [ 4514250, 3098750 ] ] }, "geometry": { "type": "Polygon", "coordinates": [ [ [ 4514250.0, 3098250.0 ], [ 4514150.0, 3098650.0 ], [ 4514150.0, 3098750.0 ], [ 4514250.0, 3098750.0 ], [ 4514850.0, 3098550.0 ], [ 4514550.0, 3098350.0 ], [ 4514550.0, 3098250.0 ], [ 4514250.0, 3098150.0 ], [ 4514250.0, 3098250.0 ] ] ] } },
{ "type": "Feature", "properties": { "ID": "Mulda/Sa._145220390_c0", "GEN": "Mulda/Sa.", "ARS": "145220390", "LAN": "Sachsen", "area": 0.105, "centroid": "POINT (4561392.857143 3083107.142857)", "DH_demand": 182.25667246901716, "total_demand_cells": 460.39140510559082, "total_demand_area": 2769.42236328125, "share_DH": 7.5671916292724486, "heat_density_DH": 1.7357778330382587, "heat_density": 26.375451078869048, "DH_supplied_households": 12.0, "DH_cells": [ [ 4561450, 3082950 ], [ 4561150, 3083050 ], [ 4561750, 3083150 ], [ 4561150, 3083250 ] ] }, "geometry": { "type": "Polygon", "coordinates": [ [ [ 4561150.0, 3083050.0 ], [ 4561150.0, 3083250.0 ], [ 4561750.0, 3083150.0 ], [ 4561450.0, 3082950.0 ], [ 4561150.0, 3083050.0 ] ] ] } },
{ "type": "Feature", "properties": { "ID": "Neuhausen/Erzgeb._145220400_c0", "GEN": "Neuhausen/Erzgeb.", "ARS": "145220400", "LAN": "Sachsen", "area": 0.08, "centroid": "POINT (4566350 3068216.666667)", "DH_demand": 593.66761982229502, "total_demand_cells": 959.86358642578125, "total_demand_area": 2688.76513671875, "share_DH": 25.388145796339245, "heat_density_DH": 7.4208452477786881, "heat_density": 33.609564208984374, "DH_supplied_households": 85.0, "DH_cells": [ [ 4566550, 3067950 ], [ 4566050, 3068350 ], [ 4566350, 3068350 ], [ 4566450, 3068350 ] ] }, "geometry": { "type": "Polygon", "coordinates": [ [ [ 4566050.0, 3068350.0 ], [ 4566350.0, 3068350.0 ], [ 4566450.0, 3068350.0 ], [ 4566550.0, 3067950.0 ], [ 4566050.0, 3068350.0 ] ] ] } },
{ "type": "Feature", "properties": { "ID": "Niederwiesa_145220420_c0", "GEN": "Niederwiesa", "ARS": "145220420", "LAN": "Sachsen", "area": 0.24, "centroid": "POINT (4532841.666667 3088107.638889)", "DH_demand": 246.10433799385152, "total_demand_cells": 1026.2637405395508, "total_demand_area": 4892.2958984375, "share_DH": 5.7842498301387133, "heat_density_DH": 1.0254347416410481, "heat_density": 20.384566243489584, "DH_supplied_households": 22.0, "DH_cells": [ [ 4532950, 3087550 ], [ 4532450, 3087950 ], [ 4532850, 3087950 ], [ 4532750, 3088050 ], [ 4533150, 3088350 ], [ 4532850, 3088650 ] ] }, "geometry": { "type": "Polygon", "coordinates": [ [ [ 4532450.0, 3087950.0 ], [ 4532750.0, 3088050.0 ], [ 4532850.0, 3088650.0 ], [ 4533150.0, 3088350.0 ], [ 4532850.0, 3087950.0 ], [ 4532950.0, 3087550.0 ], [ 4532450.0, 3087950.0 ] ] ] } },
{ "type": "Feature", "properties": { "ID": "Niederwiesa_145220420_c1", "GEN": "Niederwiesa", "ARS": "145220420", "LAN": "Sachsen", "area": 0.195, "centroid": "POINT (4534144.871795 3088306.410256)", "DH_demand": 224.29700587041404, "total_demand_cells": 815.16635894775391, "total_demand_area": 1819.5904541015625, "share_DH": 14.173931071380219, "heat_density_DH": 1.1502410557457132, "heat_density": 9.3312330979567317, "DH_supplied_households": 20.0, "DH_cells": [ [ 4534250, 3088150 ], [ 4534550, 3088150 ], [ 4533750, 3088250 ], [ 4534650, 3088250 ], [ 4533850, 3088550 ] ] }, "geometry": { "type": "Polygon", "coordinates": [ [ [ 4533750.0, 3088250.0 ], [ 4533850.0, 3088550.0 ], [ 4534650.0, 3088250.0 ], [ 4534550.0, 3088150.0 ], [ 4534250.0, 3088150.0 ], [ 4533750.0, 3088250.0 ] ] ] } },
{ "type": "Feature", "properties": { "ID": "Oederan_145220440_c0", "GEN": "Oederan", "ARS": "145220440", "LAN": "Sachsen", "area": 0.445, "centroid": "POINT (4544116.666667 3088070.599251)", "DH_demand": 881.27112911279346, "total_demand_cells": 3906.8466267585754, "total_demand_area": 20070.712890625, "share_DH": 5.0487891536152052, "heat_density_DH": 1.9803845598040302, "heat_density": 45.102725596910112, "DH_supplied_households": 119.0, "DH_cells": [ [ 4543950, 3087350 ], [ 4543850, 3087850 ], [ 4544050, 3087850 ], [ 4544250, 3087950 ], [ 4543450, 3088050 ], [ 4543950, 3088150 ], [ 4544050, 3088150 ], [ 4544350, 3088150 ], [ 4544850, 3088150 ], [ 4543850, 3088250 ], [ 4544050, 3088250 ], [ 4544150, 3088250 ], [ 4544650, 3088450 ], [ 4543850, 3088550 ] ] }, "geometry": { "type": "Polygon", "coordinates": [ [ [ 4543850.0, 3087850.0 ], [ 4543450.0, 3088050.0 ], [ 4543850.0, 3088250.0 ], [ 4543850.0, 3088550.0 ], [ 4544050.0, 3088250.0 ], [ 4544150.0, 3088250.0 ], [ 4544350.0, 3088150.0 ], [ 4544650.0, 3088450.0 ], [ 4544850.0, 3088150.0 ], [ 4544250.0, 3087950.0 ], [ 4544050.0, 3087850.0 ], [ 4543950.0, 3087350.0 ], [ 4543850.0, 3087850.0 ] ] ] } },
{ "type": "Feature", "properties": { "ID": "Penig_145220460_c1", "GEN": "Penig", "ARS": "145220460", "LAN": "Sachsen", "area": 0.935, "centroid": "POINT (4511081.550802 3094890.463458)", "DH_demand": 185.52456518370016, "total_demand_cells": 1226.6292839050293, "total_demand_area": 32548.99609375, "share_DH": 0.65539679633744952, "heat_density_DH": 0.19842199484887721, "heat_density": 34.811760528074871, "DH_supplied_households": 27.0, "DH_cells": [ [ 4511650, 3093850 ], [ 4511850, 3094250 ], [ 4510750, 3094750 ], [ 4511150, 3094850 ], [ 4510450, 3095450 ], [ 4511050, 3095950 ] ] }, "geometry": { "type": "Polygon", "coordinates": [ [ [ 4510450.0, 3095450.0 ], [ 4511050.0, 3095950.0 ], [ 4511150.0, 3094850.0 ], [ 4511850.0, 3094250.0 ], [ 4511650.0, 3093850.0 ], [ 4510750.0, 3094750.0 ], [ 4510450.0, 3095450.0 ] ] ] } },
{ "type": "Feature", "properties": { "ID": "Roßwein_145220510_c0", "GEN": "Roßwein", "ARS": "145220510", "LAN": "Sachsen", "area": 0.54, "centroid": "POINT (4543973.45679 3111119.135802)", "DH_demand": 3032.6068239353672, "total_demand_cells": 9417.5084609985352, "total_demand_area": 22981.359375, "share_DH": 15.173329316397034, "heat_density_DH": 5.6159385628432741, "heat_density": 42.558072916666674, "DH_supplied_households": 392.0, "DH_cells": [ [ 4544050, 3110550 ], [ 4544150, 3110550 ], [ 4543850, 3110650 ], [ 4543950, 3110650 ], [ 4544050, 3110650 ], [ 4544150, 3110650 ], [ 4543850, 3110750 ], [ 4543950, 3110750 ], [ 4543150, 3110850 ], [ 4544150, 3110850 ], [ 4544250, 3110850 ], [ 4544350, 3110850 ], [ 4543050, 3110950 ], [ 4543150, 3110950 ], [ 4544450, 3110950 ], [ 4543850, 3111050 ], [ 4543550, 3111150 ], [ 4543750, 3111150 ], [ 4544050, 3111150 ], [ 4544250, 3111150 ], [ 4543750, 3111250 ], [ 4543850, 3111250 ], [ 4543950, 3111250 ], [ 4544050, 3111250 ], [ 4543950, 3111350 ], [ 4543950, 3111450 ], [ 4544150, 3111450 ], [ 4544250, 3111450 ], [ 4544450, 3111450 ], [ 4543650, 3111650 ], [ 4543750, 3111650 ], [ 4544150, 3111750 ], [ 4544350, 3111750 ] ] }, "geometry": { "type": "Polygon", "coordinates": [ [ [ 4543050.0, 3110950.0 ], [ 4543150.0, 3110950.0 ], [ 4543550.0, 3111150.0 ], [ 4543750.0, 3111150.0 ], [ 4543750.0, 3111250.0 ], [ 4543850.0, 3111250.0 ], [ 4543950.0, 3111250.0 ], [ 4543950.0, 3111350.0 ], [ 4543650.0, 3111650.0 ], [ 4543750.0, 3111650.0 ], [ 4543950.0, 3111450.0 ], [ 4544150.0, 3111450.0 ], [ 4544150.0, 3111750.0 ], [ 4544350.0, 3111750.0 ], [ 4544250.0, 3111450.0 ], [ 4544450.0, 3111450.0 ], [ 4544250.0, 3111150.0 ], [ 4544450.0, 3110950.0 ], [ 4544350.0, 3110850.0 ], [ 4544250.0, 3110850.0 ], [ 4544150.0, 3110850.0 ], [ 4544150.0, 3110650.0 ], [ 4544150.0, 3110550.0 ], [ 4544050.0, 3110550.0 ], [ 4544050.0, 3110650.0 ], [ 4543950.0, 3110650.0 ], [ 4543850.0, 3110650.0 ], [ 4543850.0, 3110750.0 ], [ 4543850.0, 3111050.0 ], [ 4543150.0, 3110850.0 ], [ 4543050.0, 3110950.0 ] ] ] } },
{ "type": "Feature", "properties": { "ID": "Roßwein_145220510_c1", "GEN": "Roßwein", "ARS": "145220510", "LAN": "Sachsen", "area": 0.01, "centroid": "POINT (4548150 3112383.333333)", "DH_demand": 238.90631473170296, "total_demand_cells": 537.34274291992188, "total_demand_area": 1153.1168212890625, "share_DH": 23.822910082321535, "heat_density_DH": 23.890631473170295, "heat_density": 115.31168212890626, "DH_supplied_households": 9.0, "DH_cells": [ [ 4547950, 3112350 ], [ 4548150, 3112350 ], [ 4548350, 3112450 ] ] }, "geometry": { "type": "Polygon", "coordinates": [ [ [ 4547950.0, 3112350.0 ], [ 4548350.0, 3112450.0 ], [ 4548150.0, 3112350.0 ], [ 4547950.0, 3112350.0 ] ] ] } },
{ "type": "Feature", "properties": { "ID": "Waldheim_145220570_c0", "GEN": "Waldheim", "ARS": "145220570", "LAN": "Sachsen", "area": 0.29, "centroid": "POINT (4532978.735632 3111045.977011)", "DH_demand": 967.50691176566329, "total_demand_cells": 2704.3033294677734, "total_demand_area": 12904.40234375, "share_DH": 8.6209806606582866, "heat_density_DH": 3.3362307302264251, "heat_density": 44.497939116379314, "DH_supplied_households": 84.0, "DH_cells": [ [ 4533750, 3110750 ], [ 4533450, 3110850 ], [ 4533650, 3110950 ], [ 4532350, 3111050 ], [ 4533350, 3111050 ], [ 4532850, 3111150 ], [ 4533050, 3111150 ], [ 4532950, 3111250 ], [ 4532450, 3111350 ] ] }, "geometry": { "type": "Polygon", "coordinates": [ [ [ 4533450.0, 3110850.0 ], [ 4532350.0, 3111050.0 ], [ 4532450.0, 3111350.0 ], [ 4532850.0, 3111150.0 ], [ 4532950.0, 3111250.0 ], [ 4533050.0, 3111150.0 ], [ 4533350.0, 3111050.0 ], [ 4533650.0, 3110950.0 ], [ 4533750.0, 3110750.0 ], [ 4533450.0, 3110850.0 ] ] ] } },
{ "type": "Feature", "properties": { "ID": "Waldheim_145220570_c1", "GEN": "Waldheim", "ARS": "145220570", "LAN": "Sachsen", "area": 0.17, "centroid": "POINT (4531373.529412 3111563.72549)", "DH_demand": 263.58636217994268, "total_demand_cells": 1590.9560470581055, "total_demand_area": 4448.29638671875, "share_DH": 6.8134913678291182, "heat_density_DH": 1.5505080128231925, "heat_density": 26.166449333639711, "DH_supplied_households": 21.0, "DH_cells": [ [ 4531550, 3111150 ], [ 4531650, 3111250 ], [ 4531650, 3111350 ], [ 4531550, 3111550 ], [ 4531050, 3111850 ], [ 4531050, 3111950 ], [ 4531150, 3111950 ] ] }, "geometry": { "type": "Polygon", "coordinates": [ [ [ 4531050.0, 3111850.0 ], [ 4531050.0, 3111950.0 ], [ 4531150.0, 3111950.0 ], [ 4531550.0, 3111550.0 ], [ 4531650.0, 3111350.0 ], [ 4531650.0, 3111250.0 ], [ 4531550.0, 3111150.0 ], [ 4531050.0, 3111850.0 ] ] ] } },
{ "type": "Feature", "properties": { "ID": "Burgstädt_145225102_c3", "GEN": "Burgstädt", "ARS": "145225102", "LAN": "Sachsen", "area": 0.495, "centroid": "POINT (4518434.848485 3093369.86532)", "DH_demand": 1043.4462818240677, "total_demand_cells": 5997.2533416748047, "total_demand_area": 29509.34765625, "share_DH": 4.0658464850103124, "heat_density_DH": 2.107972286513268, "heat_density": 59.61484375, "DH_supplied_households": 114.0, "DH_cells": [ [ 4518450, 3092550 ], [ 4518050, 3092650 ], [ 4518250, 3092650 ], [ 4518150, 3092750 ], [ 4518350, 3092850 ], [ 4518050, 3093050 ], [ 4518250, 3093250 ], [ 4518250, 3093450 ], [ 4518550, 3093550 ], [ 4518150, 3093650 ], [ 4518750, 3093650 ], [ 4518250, 3093750 ], [ 4518350, 3093850 ], [ 4518650, 3093850 ], [ 4518650, 3094050 ], [ 4518950, 3094050 ] ] }, "geometry": { "type": "Polygon", "coordinates": [ [ [ 4518250.0, 3092650.0 ], [ 4518050.0, 3092650.0 ], [ 4518150.0, 3092750.0 ], [ 4518350.0, 3092850.0 ], [ 4518050.0, 3093050.0 ], [ 4518250.0, 3093250.0 ], [ 4518250.0, 3093450.0 ], [ 4518150.0, 3093650.0 ], [ 4518250.0, 3093750.0 ], [ 4518350.0, 3093850.0 ], [ 4518650.0, 3093850.0 ], [ 4518650.0, 3094050.0 ], [ 4518950.0, 3094050.0 ], [ 4518750.0, 3093650.0 ], [ 4518550.0, 3093550.0 ], [ 4518450.0, 3092550.0 ], [ 4518250.0, 3092650.0 ] ] ] } },
{ "type": "Feature", "properties": { "ID": "Burgstädt_145225102_c5", "GEN": "Burgstädt", "ARS": "145225102", "LAN": "Sachsen", "area": 0.015, "centroid": "POINT (4519483.333333 3094816.666667)", "DH_demand": 600.95888595933457, "total_demand_cells": 964.7301025390625, "total_demand_area": 1507.9482421875, "share_DH": 45.824614039226176, "heat_density_DH": 40.063925730622302, "heat_density": 100.52988281250001, "DH_supplied_households": 14.0, "DH_cells": [ [ 4519550, 3094650 ], [ 4519450, 3094750 ], [ 4519450, 3095050 ] ] }, "geometry": { "type": "Polygon", "coordinates": [ [ [ 4519450.0, 3094750.0 ], [ 4519450.0, 3095050.0 ], [ 4519550.0, 3094650.0 ], [ 4519450.0, 3094750.0 ] ] ] } },
{ "type": "Feature", "properties": { "ID": "Lichtenberg-Weißenborn_145225113_c0", "GEN": "Lichtenberg-Weißenborn", "ARS": "145225113", "LAN": "Sachsen", "area": 0.09, "centroid": "POINT (4560425.925926 3090237.037037)", "DH_demand": 361.17474000567637, "total_demand_cells": 1829.6867446899414, "total_demand_area": 5178.06640625, "share_DH": 8.0202931601655347, "heat_density_DH": 4.0130526667297373, "heat_density": 57.534071180555557, "DH_supplied_households": 34.0, "DH_cells": [ [ 4560350, 3089850 ], [ 4560350, 3090150 ], [ 4560550, 3090150 ], [ 4560350, 3090250 ], [ 4560350, 3090450 ], [ 4560450, 3090550 ], [ 4560450, 3090650 ] ] }, "geometry": { "type": "Polygon", "coordinates": [ [ [ 4560350.0, 3089850.0 ], [ 4560350.0, 3090150.0 ], [ 4560350.0, 3090250.0 ], [ 4560350.0, 3090450.0 ], [ 4560450.0, 3090650.0 ], [ 4560450.0, 3090550.0 ], [ 4560550.0, 3090150.0 ], [ 4560350.0, 3089850.0 ] ] ] } },
{ "type": "Feature", "properties": { "ID": "Mittweida_145225119_c0", "GEN": "Mittweida", "ARS": "145225119", "LAN": "Sachsen", "area": 1.51, "centroid": "POINT (4529738.410596 3102024.503311)", "DH_demand": 12031.478169961567, "total_demand_cells": 23698.10131072998, "total_demand_area": 68990.890625, "share_DH": 20.052463105036651, "heat_density_DH": 7.9678663377228922, "heat_density": 45.6893315397351, "DH_supplied_households": 2289.0, "DH_cells": [ [ 4529750, 3101050 ], [ 4530550, 3101050 ], [ 4530650, 3101050 ], [ 4530550, 3101150 ], [ 4530750, 3101150 ], [ 4530050, 3101250 ], [ 4530750, 3101250 ], [ 4530850, 3101250 ], [ 4529050, 3101350 ], [ 4530050, 3101350 ], [ 4530250, 3101350 ], [ 4529050, 3101450 ], [ 4529150, 3101450 ], [ 4530050, 3101450 ], [ 4530150, 3101450 ], [ 4528850, 3101550 ], [ 4528950, 3101550 ], [ 4528850, 3101650 ], [ 4528950, 3101650 ], [ 4529150, 3101650 ], [ 4529950, 3101650 ], [ 4529450, 3101750 ], [ 4529650, 3101750 ], [ 4529750, 3101850 ], [ 4529850, 3101850 ], [ 4529950, 3101850 ], [ 4530050, 3101850 ], [ 4529250, 3101950 ], [ 4529750, 3101950 ], [ 4529850, 3101950 ], [ 4529950, 3101950 ], [ 4530450, 3101950 ], [ 4530550, 3101950 ], [ 4529450, 3102050 ], [ 4529650, 3102050 ], [ 4529750, 3102050 ], [ 4529150, 3102150 ], [ 4529250, 3102150 ], [ 4529350, 3102150 ], [ 4529450, 3102150 ], [ 4529650, 3102150 ], [ 4529750, 3102150 ], [ 4529850, 3102150 ], [ 4530250, 3102150 ], [ 4530450, 3102150 ], [ 4529450, 3102250 ], [ 4529550, 3102250 ], [ 4529650, 3102250 ], [ 4529750, 3102250 ], [ 4530050, 3102250 ], [ 4529550, 3102350 ], [ 4528850, 3102650 ], [ 4528750, 3102850 ], [ 4529150, 3103250 ] ] }, "geometry": { "type": "Polygon", "coordinates": [ [ [ 4528850.0, 3101650.0 ], [ 4528950.0, 3101650.0 ], [ 4529250.0, 3101950.0 ], [ 4529250.0, 3102150.0 ], [ 4529150.0, 3102150.0 ], [ 4528850.0, 3102650.0 ], [ 4528750.0, 3102850.0 ], [ 4529150.0, 3103250.0 ], [ 4529550.0, 3102350.0 ], [ 4529550.0, 3102250.0 ], [ 4529650.0, 3102250.0 ], [ 4529750.0, 3102250.0 ], [ 4529750.0, 3102150.0 ], [ 4529850.0, 3102150.0 ], [ 4530050.0, 3102250.0 ], [ 4530250.0, 3102150.0 ], [ 4530450.0, 3102150.0 ], [ 4530450.0, 3101950.0 ], [ 4530550.0, 3101950.0 ], [ 4530850.0, 3101250.0 ], [ 4530750.0, 3101250.0 ], [ 4530750.0, 3101150.0 ], [ 4530650.0, 3101050.0 ], [ 4530550.0, 3101050.0 ], [ 4530550.0, 3101150.0 ], [ 4530250.0, 3101350.0 ], [ 4530150.0, 3101450.0 ], [ 4530050.0, 3101350.0 ], [ 4530050.0, 3101250.0 ], [ 4529750.0, 3101050.0 ], [ 4530050.0, 3101450.0 ], [ 4529950.0, 3101650.0 ], [ 4529950.0, 3101850.0 ], [ 4529850.0, 3101850.0 ], [ 4529750.0, 3101850.0 ], [ 4529650.0, 3101750.0 ], [ 4529450.0, 3101750.0 ], [ 4529150.0, 3101650.0 ], [ 4529150.0, 3101450.0 ], [ 4529050.0, 3101350.0 ], [ 4529050.0, 3101450.0 ], [ 4528950.0, 3101550.0 ], [ 4528850.0, 3101550.0 ], [ 4528850.0, 3101650.0 ] ] ] } },
{ "type": "Feature", "properties": { "ID": "Rochlitz_145225126_c0", "GEN": "Rochlitz", "ARS": "145225126", "LAN": "Sachsen", "area": 0.82, "centroid": "POINT (4516848.373984 3108147.154472)", "DH_demand": 9267.0070085184634, "total_demand_cells": 17534.847671508789, "total_demand_area": 28294.76171875, "share_DH": 37.65944717909376, "heat_density_DH": 11.301228059168858, "heat_density": 34.505806974085367, "DH_supplied_households": 1414.0, "DH_cells": [ [ 4516950, 3107350 ], [ 4517150, 3107450 ], [ 4517450, 3107450 ], [ 4517150, 3107550 ], [ 4517350, 3107550 ], [ 4517450, 3107550 ], [ 4517150, 3107650 ], [ 4517250, 3107650 ], [ 4517350, 3107650 ], [ 4516950, 3107750 ], [ 4517050, 3107750 ], [ 4517150, 3107750 ], [ 4517250, 3107750 ], [ 4517450, 3107750 ], [ 4516850, 3107850 ], [ 4517050, 3107850 ], [ 4517150, 3107850 ], [ 4517250, 3107850 ], [ 4517350, 3107850 ], [ 4516250, 3107950 ], [ 4516350, 3107950 ], [ 4516450, 3107950 ], [ 4516750, 3107950 ], [ 4516850, 3107950 ], [ 4517350, 3107950 ], [ 4516450, 3108050 ], [ 4516550, 3108050 ], [ 4516750, 3108050 ], [ 4516950, 3108050 ], [ 4517250, 3108050 ], [ 4517350, 3108050 ], [ 4516650, 3108150 ], [ 4516750, 3108150 ], [ 4517050, 3108150 ], [ 4517150, 3108150 ], [ 4517250, 3108150 ], [ 4516450, 3108250 ], [ 4516550, 3108250 ], [ 4516650, 3108250 ], [ 4516850, 3108250 ], [ 4517050, 3108250 ], [ 4517150, 3108250 ], [ 4516550, 3108350 ], [ 4516650, 3108350 ], [ 4516950, 3108350 ], [ 4517050, 3108350 ], [ 4516850, 3108450 ], [ 4516950, 3108450 ], [ 4517050, 3108450 ], [ 4515950, 3108550 ], [ 4516250, 3108550 ], [ 4516350, 3108550 ], [ 4516850, 3108550 ], [ 4516950, 3108550 ], [ 4517050, 3108550 ], [ 4516350, 3108650 ], [ 4516850, 3108650 ], [ 4516950, 3108650 ], [ 4517050, 3108650 ], [ 4516350, 3108750 ], [ 4516450, 3108750 ], [ 4516950, 3108750 ], [ 4517050, 3108750 ] ] }, "geometry": { "type": "Polygon", "coordinates": [ [ [ 4516450.0, 3108050.0 ], [ 4516450.0, 3108250.0 ], [ 4515950.0, 3108550.0 ], [ 4516250.0, 3108550.0 ], [ 4516350.0, 3108550.0 ], [ 4516350.0, 3108650.0 ], [ 4516350.0, 3108750.0 ], [ 4516450.0, 3108750.0 ], [ 4516850.0, 3108650.0 ], [ 4516950.0, 3108650.0 ], [ 4516950.0, 3108750.0 ], [ 4517050.0, 3108750.0 ], [ 4517050.0, 3108650.0 ], [ 4517050.0, 3108550.0 ], [ 4517050.0, 3108450.0 ], [ 4517050.0, 3108350.0 ], [ 4517050.0, 3108250.0 ], [ 4517150.0, 3108250.0 ], [ 4517150.0, 3108150.0 ], [ 4517250.0, 3108150.0 ], [ 4517250.0, 3108050.0 ], [ 4517350.0, 3108050.0 ], [ 4517350.0, 3107950.0 ], [ 4517350.0, 3107850.0 ], [ 4517450.0, 3107750.0 ], [ 4517350.0, 3107650.0 ], [ 4517350.0, 3107550.0 ], [ 4517450.0, 3107550.0 ], [ 4517450.0, 3107450.0 ], [ 4517150.0, 3107450.0 ], [ 4516950.0, 3107350.0 ], [ 4516950.0, 3107750.0 ], [ 4516850.0, 3107850.0 ], [ 4516850.0, 3107950.0 ], [ 4516750.0, 3107950.0 ], [ 4516750.0, 3108050.0 ], [ 4516750.0, 3108150.0 ], [ 4516650.0, 3108150.0 ], [ 4516550.0, 3108050.0 ], [ 4516450.0, 3107950.0 ], [ 4516350.0, 3107950.0 ], [ 4516250.0, 3107950.0 ], [ 4516450.0, 3108050.0 ] ] ] } },
{ "type": "Feature", "properties": { "ID": "Sayda/Dorfchemnitz_145225129_c0", "GEN": "Sayda/Dorfchemnitz", "ARS": "145225129", "LAN": "Sachsen", "area": 0.075, "centroid": "POINT (4562703.333333 3072194.444444)", "DH_demand": 1211.7907589836418, "total_demand_cells": 2886.6524276733398, "total_demand_area": 3991.552001953125, "share_DH": 34.908109902991249, "heat_density_DH": 16.15721011978189, "heat_density": 53.220693359374998, "DH_supplied_households": 135.0, "DH_cells": [ [ 4562850, 3071950 ], [ 4562950, 3071950 ], [ 4563150, 3071950 ], [ 4562850, 3072050 ], [ 4562950, 3072050 ], [ 4562850, 3072150 ], [ 4562550, 3072250 ], [ 4562650, 3072250 ], [ 4562350, 3072350 ], [ 4562450, 3072350 ], [ 4562550, 3072350 ], [ 4562350, 3072450 ], [ 4562550, 3072450 ] ] }, "geometry": { "type": "Polygon", "coordinates": [ [ [ 4562850.0, 3072050.0 ], [ 4562550.0, 3072250.0 ], [ 4562450.0, 3072350.0 ], [ 4562350.0, 3072350.0 ], [ 4562350.0, 3072450.0 ], [ 4562550.0, 3072450.0 ], [ 4562550.0, 3072350.0 ], [ 4562650.0, 3072250.0 ], [ 4562850.0, 3072150.0 ], [ 4562950.0, 3072050.0 ], [ 4563150.0, 3071950.0 ], [ 4562950.0, 3071950.0 ], [ 4562850.0, 3071950.0 ], [ 4562850.0, 3072050.0 ] ] ] } },
{ "type": "Feature", "properties": { "ID": "Auerbach/Vogtl._145230020_c0", "GEN": "Auerbach/Vogtl.", "ARS": "145230020", "LAN": "Sachsen", "area": 0.045, "centroid": "POINT (4493250 3043350)", "DH_demand": 353.55842077958994, "total_demand_cells": 482.89666748046875, "total_demand_area": 1282.8507080078125, "share_DH": 31.690242108206469, "heat_density_DH": 7.8568537951019985, "heat_density": 28.507793511284721, "DH_supplied_households": 9.0, "DH_cells": [ [ 4493250, 3043050 ], [ 4493150, 3043350 ], [ 4493350, 3043650 ] ] }, "geometry": { "type": "Polygon", "coordinates": [ [ [ 4493150.0, 3043350.0 ], [ 4493350.0, 3043650.0 ], [ 4493250.0, 3043050.0 ], [ 4493150.0, 3043350.0 ] ] ] } },
{ "type": "Feature", "properties": { "ID": "Auerbach/Vogtl._145230020_c1", "GEN": "Auerbach/Vogtl.", "ARS": "145230020", "LAN": "Sachsen", "area": 3.635, "centroid": "POINT (4490816.850069 3046784.066942)", "DH_demand": 16474.926990736905, "total_demand_cells": 27565.229588985443, "total_demand_area": 96057.265625, "share_DH": 19.721219588485308, "heat_density_DH": 4.5323045366538945, "heat_density": 26.425657668500687, "DH_supplied_households": 3285.0, "DH_cells": [ [ 4491150, 3045250 ], [ 4490650, 3045550 ], [ 4490850, 3045550 ], [ 4490750, 3045750 ], [ 4490750, 3045850 ], [ 4490850, 3045850 ], [ 4490950, 3045850 ], [ 4491950, 3045850 ], [ 4492050, 3045950 ], [ 4492850, 3045950 ], [ 4490850, 3046050 ], [ 4492650, 3046050 ], [ 4492750, 3046050 ], [ 4490850, 3046150 ], [ 4491750, 3046150 ], [ 4492350, 3046150 ], [ 4492650, 3046150 ], [ 4489950, 3046250 ], [ 4490050, 3046250 ], [ 4490150, 3046250 ], [ 4489850, 3046350 ], [ 4489950, 3046350 ], [ 4490050, 3046350 ], [ 4490150, 3046350 ], [ 4490250, 3046350 ], [ 4491850, 3046350 ], [ 4491950, 3046350 ], [ 4489950, 3046450 ], [ 4490050, 3046450 ], [ 4490850, 3046450 ], [ 4490950, 3046450 ], [ 4491250, 3046450 ], [ 4491350, 3046450 ], [ 4491950, 3046450 ], [ 4492450, 3046450 ], [ 4489950, 3046550 ], [ 4490050, 3046550 ], [ 4491250, 3046550 ], [ 4491550, 3046550 ], [ 4489950, 3046650 ], [ 4490050, 3046650 ], [ 4491150, 3046650 ], [ 4491250, 3046650 ], [ 4491450, 3046650 ], [ 4491850, 3046650 ], [ 4489950, 3046750 ], [ 4490050, 3046750 ], [ 4491650, 3046750 ], [ 4490050, 3046850 ], [ 4490750, 3046850 ], [ 4490050, 3046950 ], [ 4490150, 3046950 ], [ 4490250, 3046950 ], [ 4491050, 3046950 ], [ 4491250, 3046950 ], [ 4491550, 3046950 ], [ 4491650, 3046950 ], [ 4490050, 3047050 ], [ 4490150, 3047050 ], [ 4490250, 3047050 ], [ 4490350, 3047050 ], [ 4491750, 3047050 ], [ 4491850, 3047050 ], [ 4490050, 3047150 ], [ 4490250, 3047150 ], [ 4490350, 3047150 ], [ 4491450, 3047150 ], [ 4491850, 3047150 ], [ 4492150, 3047150 ], [ 4490050, 3047250 ], [ 4490150, 3047250 ], [ 4490850, 3047250 ], [ 4491050, 3047250 ], [ 4490050, 3047350 ], [ 4490150, 3047350 ], [ 4490250, 3047350 ], [ 4490350, 3047350 ], [ 4489950, 3047450 ], [ 4490050, 3047450 ], [ 4490150, 3047450 ], [ 4490250, 3047450 ], [ 4490350, 3047450 ], [ 4490750, 3047450 ], [ 4490050, 3047550 ], [ 4490150, 3047550 ], [ 4490950, 3047550 ], [ 4490950, 3047650 ], [ 4490250, 3047750 ], [ 4488750, 3048050 ], [ 4489750, 3048050 ], [ 4489350, 3048350 ], [ 4488850, 3048550 ] ] }, "geometry": { "type": "Polygon", "coordinates": [ [ [ 4489950.0, 3046450.0 ], [ 4489950.0, 3046550.0 ], [ 4489950.0, 3046650.0 ], [ 4489950.0, 3046750.0 ], [ 4490050.0, 3046750.0 ], [ 4490050.0, 3046850.0 ], [ 4490050.0, 3046950.0 ], [ 4490050.0, 3047050.0 ], [ 4490050.0, 3047150.0 ], [ 4490050.0, 3047250.0 ], [ 4490050.0, 3047350.0 ], [ 4490050.0, 3047450.0 ], [ 4489950.0, 3047450.0 ], [ 4488750.0, 3048050.0 ], [ 4488850.0, 3048550.0 ], [ 4489350.0, 3048350.0 ], [ 4489750.0, 3048050.0 ], [ 4490050.0, 3047550.0 ], [ 4490150.0, 3047550.0 ], [ 4490250.0, 3047750.0 ], [ 4490950.0, 3047650.0 ], [ 4490950.0, 3047550.0 ], [ 4490750.0, 3047450.0 ], [ 4490850.0, 3047250.0 ], [ 4491050.0, 3047250.0 ], [ 4491050.0, 3046950.0 ], [ 4491250.0, 3046950.0 ], [ 4491450.0, 3047150.0 ], [ 4491550.0, 3046950.0 ], [ 4491650.0, 3046950.0 ], [ 4491750.0, 3047050.0 ], [ 4491850.0, 3047050.0 ], [ 4491850.0, 3047150.0 ], [ 4492150.0, 3047150.0 ], [ 4491850.0, 3046650.0 ], [ 4491950.0, 3046450.0 ], [ 4492450.0, 3046450.0 ], [ 4492650.0, 3046150.0 ], [ 4492650.0, 3046050.0 ], [ 4492750.0, 3046050.0 ], [ 4492850.0, 3045950.0 ], [ 4492350.0, 3046150.0 ], [ 4492050.0, 3045950.0 ], [ 4491950.0, 3045850.0 ], [ 4491150.0, 3045250.0 ], [ 4490850.0, 3045550.0 ], [ 4490650.0, 3045550.0 ], [ 4490750.0, 3045750.0 ], [ 4490750.0, 3045850.0 ], [ 4490850.0, 3045850.0 ], [ 4490850.0, 3046050.0 ], [ 4490850.0, 3046150.0 ], [ 4490850.0, 3046450.0 ], [ 4490750.0, 3046850.0 ], [ 4490250.0, 3046350.0 ], [ 4490150.0, 3046350.0 ], [ 4490150.0, 3046250.0 ], [ 4490050.0, 3046250.0 ], [ 4489950.0, 3046250.0 ], [ 4489850.0, 3046350.0 ], [ 4489950.0, 3046450.0 ] ] ] } },
{ "type": "Feature", "properties": { "ID": "Auerbach/Vogtl._145230020_c2", "GEN": "Auerbach/Vogtl.", "ARS": "145230020", "LAN": "Sachsen", "area": 0.155, "centroid": "POINT (4488462.903226 3046366.129032)", "DH_demand": 247.6706013191635, "total_demand_cells": 522.17931938171387, "total_demand_area": 1973.8956298828125, "share_DH": 14.427489370127381, "heat_density_DH": 1.5978748472204096, "heat_density": 12.734810515372985, "DH_supplied_households": 15.0, "DH_cells": [ [ 4488450, 3046050 ], [ 4488350, 3046150 ], [ 4488750, 3046350 ], [ 4488350, 3046650 ], [ 4488250, 3046750 ] ] }, "geometry": { "type": "Polygon", "coordinates": [ [ [ 4488250.0, 3046750.0 ], [ 4488350.0, 3046650.0 ], [ 4488750.0, 3046350.0 ], [ 4488450.0, 3046050.0 ], [ 4488350.0, 3046150.0 ], [ 4488250.0, 3046750.0 ] ] ] } },
{ "type": "Feature", "properties": { "ID": "Bad Elster_145230040_c0", "GEN": "Bad Elster", "ARS": "145230040", "LAN": "Sachsen", "area": 0.535, "centroid": "POINT (4480021.339564 3021271.806854)", "DH_demand": 4367.3466327754859, "total_demand_cells": 6943.2543573379517, "total_demand_area": 13870.8369140625, "share_DH": 36.203910891520088, "heat_density_DH": 8.163264734159787, "heat_density": 25.926797970210281, "DH_supplied_households": 1045.0, "DH_cells": [ [ 4479950, 3020750 ], [ 4480550, 3020850 ], [ 4479450, 3020950 ], [ 4479750, 3020950 ], [ 4480050, 3020950 ], [ 4480550, 3020950 ], [ 4479750, 3021050 ], [ 4480450, 3021050 ], [ 4479850, 3021150 ], [ 4480450, 3021150 ], [ 4480550, 3021150 ], [ 4479450, 3021250 ], [ 4479550, 3021250 ], [ 4479650, 3021250 ], [ 4479750, 3021250 ], [ 4480050, 3021250 ], [ 4480150, 3021250 ], [ 4480250, 3021250 ], [ 4480350, 3021250 ], [ 4480550, 3021250 ], [ 4479550, 3021350 ], [ 4479650, 3021350 ], [ 4479750, 3021350 ], [ 4480050, 3021350 ], [ 4480250, 3021350 ], [ 4480350, 3021350 ], [ 4480450, 3021350 ], [ 4479950, 3021450 ], [ 4480250, 3021450 ], [ 4479950, 3021550 ], [ 4480150, 3021550 ], [ 4480450, 3021550 ], [ 4479950, 3021650 ], [ 4480150, 3021650 ], [ 4480450, 3021650 ], [ 4479950, 3021750 ], [ 4480550, 3021750 ], [ 4480550, 3021850 ], [ 4480650, 3021850 ] ] }, "geometry": { "type": "Polygon", "coordinates": [ [ [ 4479750.0, 3020950.0 ], [ 4479450.0, 3020950.0 ], [ 4479450.0, 3021250.0 ], [ 4479550.0, 3021250.0 ], [ 4479550.0, 3021350.0 ], [ 4479650.0, 3021350.0 ], [ 4479750.0, 3021350.0 ], [ 4479950.0, 3021450.0 ], [ 4479950.0, 3021550.0 ], [ 4479950.0, 3021650.0 ], [ 4479950.0, 3021750.0 ], [ 4480150.0, 3021650.0 ], [ 4480450.0, 3021650.0 ], [ 4480550.0, 3021750.0 ], [ 4480550.0, 3021850.0 ], [ 4480650.0, 3021850.0 ], [ 4480450.0, 3021550.0 ], [ 4480450.0, 3021350.0 ], [ 4480550.0, 3021250.0 ], [ 4480550.0, 3021150.0 ], [ 4480450.0, 3021150.0 ], [ 4480450.0, 3021050.0 ], [ 4480550.0, 3020950.0 ], [ 4480550.0, 3020850.0 ], [ 4480250.0, 3021250.0 ], [ 4480150.0, 3021250.0 ], [ 4480050.0, 3021250.0 ], [ 4480050.0, 3020950.0 ], [ 4479950.0, 3020750.0 ], [ 4479750.0, 3020950.0 ] ] ] } },
{ "type": "Feature", "properties": { "ID": "Ellefeld_145230090_c0", "GEN": "Ellefeld", "ARS": "145230090", "LAN": "Sachsen", "area": 0.25, "centroid": "POINT (4490433.333333 3044218.666667)", "DH_demand": 1927.2486956734292, "total_demand_cells": 4417.4512100219727, "total_demand_area": 11071.728515625, "share_DH": 20.015333105798341, "heat_density_DH": 7.7089947826937166, "heat_density": 44.286914062500003, "DH_supplied_households": 276.0, "DH_cells": [ [ 4489850, 3043850 ], [ 4489950, 3043850 ], [ 4490250, 3043850 ], [ 4489950, 3043950 ], [ 4490050, 3043950 ], [ 4490150, 3043950 ], [ 4490450, 3044150 ], [ 4490550, 3044150 ], [ 4490650, 3044150 ], [ 4490350, 3044250 ], [ 4490250, 3044350 ], [ 4490350, 3044350 ], [ 4490750, 3044350 ], [ 4490950, 3044350 ], [ 4490350, 3044450 ], [ 4490450, 3044450 ], [ 4490750, 3044450 ], [ 4490950, 3044550 ] ] }, "geometry": { "type": "Polygon", "coordinates": [ [ [ 4490150.0, 3043950.0 ], [ 4489950.0, 3043850.0 ], [ 4489850.0, 3043850.0 ], [ 4489950.0, 3043950.0 ], [ 4490050.0, 3043950.0 ], [ 4490250.0, 3044350.0 ], [ 4490350.0, 3044350.0 ], [ 4490350.0, 3044450.0 ], [ 4490450.0, 3044450.0 ], [ 4490750.0, 3044450.0 ], [ 4490950.0, 3044550.0 ], [ 4490950.0, 3044350.0 ], [ 4490750.0, 3044350.0 ], [ 4490650.0, 3044150.0 ], [ 4490550.0, 3044150.0 ], [ 4490450.0, 3044150.0 ], [ 4490250.0, 3043850.0 ], [ 4490150.0, 3043950.0 ] ] ] } },
{ "type": "Feature", "properties": { "ID": "Elsterberg_145230100_c0", "GEN": "Elsterberg", "ARS": "145230100", "LAN": "Sachsen", "area": 0.145, "centroid": "POINT (4474592.528736 3057398.275862)", "DH_demand": 407.95108296256529, "total_demand_cells": 2788.2761764526367, "total_demand_area": 8283.0048828125, "share_DH": 5.6631838777508667, "heat_density_DH": 2.8134557445694157, "heat_density": 57.124171605603451, "DH_supplied_households": 45.0, "DH_cells": [ [ 4474450, 3057150 ], [ 4474550, 3057250 ], [ 4475150, 3057350 ], [ 4474350, 3057450 ], [ 4474650, 3057450 ], [ 4474350, 3057550 ], [ 4474550, 3057550 ], [ 4474350, 3057650 ], [ 4474450, 3057650 ] ] }, "geometry": { "type": "Polygon", "coordinates": [ [ [ 4474350.0, 3057450.0 ], [ 4474350.0, 3057550.0 ], [ 4474350.0, 3057650.0 ], [ 4474450.0, 3057650.0 ], [ 4474550.0, 3057550.0 ], [ 4474650.0, 3057450.0 ], [ 4475150.0, 3057350.0 ], [ 4474550.0, 3057250.0 ], [ 4474450.0, 3057150.0 ], [ 4474350.0, 3057450.0 ] ] ] } },
{ "type": "Feature", "properties": { "ID": "Klingenthal_145230160_c0", "GEN": "Klingenthal", "ARS": "145230160", "LAN": "Sachsen", "area": 0.805, "centroid": "POINT (4496136.749482 3030556.832298)", "DH_demand": 2968.2208253718259, "total_demand_cells": 6693.4611721038818, "total_demand_area": 26251.841796875, "share_DH": 13.001004823099493, "heat_density_DH": 3.687230838971213, "heat_density": 32.610983598602488, "DH_supplied_households": 404.0, "DH_cells": [ [ 4495650, 3029950 ], [ 4496550, 3029950 ], [ 4496450, 3030050 ], [ 4496450, 3030150 ], [ 4496250, 3030250 ], [ 4495250, 3030350 ], [ 4495450, 3030350 ], [ 4496350, 3030350 ], [ 4496450, 3030350 ], [ 4495650, 3030450 ], [ 4496050, 3030450 ], [ 4496750, 3030450 ], [ 4496850, 3030450 ], [ 4495450, 3030550 ], [ 4495550, 3030550 ], [ 4496850, 3030550 ], [ 4496950, 3030550 ], [ 4495850, 3030650 ], [ 4495950, 3030650 ], [ 4496050, 3030650 ], [ 4496750, 3030650 ], [ 4495550, 3030750 ], [ 4495850, 3030750 ], [ 4495950, 3030750 ], [ 4496050, 3030750 ], [ 4496550, 3030750 ], [ 4495550, 3030850 ], [ 4495850, 3030850 ], [ 4495950, 3030850 ], [ 4496050, 3030850 ], [ 4496950, 3030950 ], [ 4497050, 3031350 ] ] }, "geometry": { "type": "Polygon", "coordinates": [ [ [ 4495450.0, 3030350.0 ], [ 4495250.0, 3030350.0 ], [ 4495450.0, 3030550.0 ], [ 4495550.0, 3030550.0 ], [ 4495550.0, 3030750.0 ], [ 4495550.0, 3030850.0 ], [ 4495850.0, 3030850.0 ], [ 4495950.0, 3030850.0 ], [ 4496050.0, 3030850.0 ], [ 4496050.0, 3030750.0 ], [ 4496550.0, 3030750.0 ], [ 4497050.0, 3031350.0 ], [ 4496950.0, 3030950.0 ], [ 4496750.0, 3030650.0 ], [ 4496850.0, 3030550.0 ], [ 4496950.0, 3030550.0 ], [ 4496850.0, 3030450.0 ], [ 4496750.0, 3030450.0 ], [ 4496450.0, 3030350.0 ], [ 4496550.0, 3029950.0 ], [ 4496450.0, 3030050.0 ], [ 4496450.0, 3030150.0 ], [ 4496350.0, 3030350.0 ], [ 4496250.0, 3030250.0 ], [ 4496050.0, 3030450.0 ], [ 4495650.0, 3029950.0 ], [ 4495450.0, 3030350.0 ] ] ] } },
{ "type": "Feature", "properties": { "ID": "Klingenthal_145230160_c1", "GEN": "Klingenthal", "ARS": "145230160", "LAN": "Sachsen", "area": 0.22, "centroid": "POINT (4496282.575758 3032291.666667)", "DH_demand": 792.19514162918017, "total_demand_cells": 1489.7004737854004, "total_demand_area": 5104.35693359375, "share_DH": 17.845619499356605, "heat_density_DH": 3.6008870074053645, "heat_density": 23.201622425426137, "DH_supplied_households": 94.0, "DH_cells": [ [ 4496550, 3031750 ], [ 4496650, 3031850 ], [ 4496550, 3032150 ], [ 4496350, 3032350 ], [ 4496250, 3032550 ], [ 4495850, 3032750 ], [ 4495950, 3032750 ], [ 4495850, 3032850 ], [ 4495950, 3032850 ] ] }, "geometry": { "type": "Polygon", "coordinates": [ [ [ 4495850.0, 3032750.0 ], [ 4495850.0, 3032850.0 ], [ 4495950.0, 3032850.0 ], [ 4495950.0, 3032750.0 ], [ 4496250.0, 3032550.0 ], [ 4496350.0, 3032350.0 ], [ 4496550.0, 3032150.0 ], [ 4496650.0, 3031850.0 ], [ 4496550.0, 3031750.0 ], [ 4495850.0, 3032750.0 ] ] ] } },
{ "type": "Feature", "properties": { "ID": "Klingenthal_145230160_c3", "GEN": "Klingenthal", "ARS": "145230160", "LAN": "Sachsen", "area": 0.02, "centroid": "POINT (4497616.666667 3033250)", "DH_demand": 378.92030712608442, "total_demand_cells": 575.42337799072266, "total_demand_area": 1557.5006103515625, "share_DH": 27.974359072328692, "heat_density_DH": 18.946015356304223, "heat_density": 77.875030517578125, "DH_supplied_households": 17.0, "DH_cells": [ [ 4497550, 3033050 ], [ 4497650, 3033150 ], [ 4497650, 3033550 ] ] }, "geometry": { "type": "Polygon", "coordinates": [ [ [ 4497550.0, 3033050.0 ], [ 4497650.0, 3033550.0 ], [ 4497650.0, 3033150.0 ], [ 4497550.0, 3033050.0 ] ] ] } },
{ "type": "Feature", "properties": { "ID": "Lengenfeld_145230170_c0", "GEN": "Lengenfeld", "ARS": "145230170", "LAN": "Sachsen", "area": 0.22, "centroid": "POINT (4488758.333333 3053628.787879)", "DH_demand": 1078.3262637206381, "total_demand_cells": 4073.0858459472656, "total_demand_area": 14095.7783203125, "share_DH": 8.7963319855963764, "heat_density_DH": 4.9014830169119907, "heat_density": 64.071719637784085, "DH_supplied_households": 74.0, "DH_cells": [ [ 4489050, 3053050 ], [ 4488450, 3053250 ], [ 4488950, 3053250 ], [ 4488750, 3053350 ], [ 4488850, 3053350 ], [ 4488950, 3053350 ], [ 4488750, 3053650 ], [ 4488650, 3053750 ], [ 4488750, 3053750 ], [ 4489050, 3053750 ], [ 4488450, 3054050 ], [ 4488650, 3054150 ] ] }, "geometry": { "type": "Polygon", "coordinates": [ [ [ 4488850.0, 3053350.0 ], [ 4488750.0, 3053350.0 ], [ 4488450.0, 3053250.0 ], [ 4488750.0, 3053650.0 ], [ 4488650.0, 3053750.0 ], [ 4488450.0, 3054050.0 ], [ 4488650.0, 3054150.0 ], [ 4488750.0, 3053750.0 ], [ 4489050.0, 3053750.0 ], [ 4488950.0, 3053350.0 ], [ 4488950.0, 3053250.0 ], [ 4489050.0, 3053050.0 ], [ 4488850.0, 3053350.0 ] ] ] } },
{ "type": "Feature", "properties": { "ID": "Markneukirchen_145230200_c1", "GEN": "Markneukirchen", "ARS": "145230200", "LAN": "Sachsen", "area": 0.07, "centroid": "POINT (4486740.47619 3024726.190476)", "DH_demand": 264.98897991990526, "total_demand_cells": 967.32002258300781, "total_demand_area": 4584.54248046875, "share_DH": 6.6461831040483377, "heat_density_DH": 3.7855568559986472, "heat_density": 65.493464006696442, "DH_supplied_households": 17.0, "DH_cells": [ [ 4486550, 3024550 ], [ 4486850, 3024650 ], [ 4486650, 3024850 ], [ 4486950, 3024850 ] ] }, "geometry": { "type": "Polygon", "coordinates": [ [ [ 4486550.0, 3024550.0 ], [ 4486650.0, 3024850.0 ], [ 4486950.0, 3024850.0 ], [ 4486850.0, 3024650.0 ], [ 4486550.0, 3024550.0 ] ] ] } },
{ "type": "Feature", "properties": { "ID": "Markneukirchen_145230200_c2", "GEN": "Markneukirchen", "ARS": "145230200", "LAN": "Sachsen", "area": 0.025, "centroid": "POINT (4485750 3024770)", "DH_demand": 191.44233124141689, "total_demand_cells": 1135.1325454711914, "total_demand_area": 2080.79638671875, "share_DH": 10.579103817353515, "heat_density_DH": 7.6576932496566767, "heat_density": 83.231855468750013, "DH_supplied_households": 38.0, "DH_cells": [ [ 4485650, 3024650 ], [ 4485550, 3024750 ], [ 4485650, 3024750 ], [ 4485850, 3024850 ], [ 4486050, 3024950 ] ] }, "geometry": { "type": "Polygon", "coordinates": [ [ [ 4485550.0, 3024750.0 ], [ 4485650.0, 3024750.0 ], [ 4485850.0, 3024850.0 ], [ 4486050.0, 3024950.0 ], [ 4485650.0, 3024650.0 ], [ 4485550.0, 3024750.0 ] ] ] } },
{ "type": "Feature", "properties": { "ID": "Pausa-Mühltroff_145230310_c1", "GEN": "Pausa-Mühltroff", "ARS": "145230310", "LAN": "Sachsen", "area": 0.39, "centroid": "POINT (4462544.017094 3054200)", "DH_demand": 528.28655367387535, "total_demand_cells": 2356.3015365600586, "total_demand_area": 10602.404296875, "share_DH": 5.7293543823990527, "heat_density_DH": 1.3545809068560908, "heat_density": 27.185652043269236, "DH_supplied_households": 33.0, "DH_cells": [ [ 4462250, 3053750 ], [ 4462450, 3053950 ], [ 4462950, 3053950 ], [ 4461950, 3054050 ], [ 4462450, 3054050 ], [ 4462650, 3054150 ], [ 4462350, 3054250 ], [ 4462450, 3054450 ], [ 4462750, 3054550 ], [ 4462950, 3054650 ] ] }, "geometry": { "type": "Polygon", "coordinates": [ [ [ 4461950.0, 3054050.0 ], [ 4462350.0, 3054250.0 ], [ 4462450.0, 3054450.0 ], [ 4462750.0, 3054550.0 ], [ 4462950.0, 3054650.0 ], [ 4462950.0, 3053950.0 ], [ 4462650.0, 3054150.0 ], [ 4462450.0, 3054050.0 ], [ 4462450.0, 3053950.0 ], [ 4462250.0, 3053750.0 ], [ 4461950.0, 3054050.0 ] ] ] } },
{ "type": "Feature", "properties": { "ID": "Plauen_145230320_c1", "GEN": "Plauen", "ARS": "145230320", "LAN": "Sachsen", "area": 12.02, "centroid": "POINT (4472805.51858 3045390.529673)", "DH_demand": 96502.216878385196, "total_demand_cells": 182531.77874422073, "total_demand_area": 429983.28125, "share_DH": 25.806327866682693, "heat_density_DH": 8.0284706221618301, "heat_density": 35.77231957154742, "DH_supplied_households": 12344.0, "DH_cells": [ [ 4473150, 3042350 ], [ 4473050, 3042450 ], [ 4472750, 3042650 ], [ 4472950, 3042650 ], [ 4472850, 3043050 ], [ 4473450, 3043050 ], [ 4472650, 3043150 ], [ 4472850, 3043150 ], [ 4472850, 3043250 ], [ 4473550, 3043250 ], [ 4472750, 3043350 ], [ 4472750, 3043450 ], [ 4472850, 3043450 ], [ 4472950, 3043450 ], [ 4469550, 3043550 ], [ 4472950, 3043550 ], [ 4473350, 3043550 ], [ 4473450, 3043550 ], [ 4469650, 3043650 ], [ 4473350, 3043650 ], [ 4469450, 3043750 ], [ 4473050, 3043750 ], [ 4473150, 3043750 ], [ 4473350, 3043750 ], [ 4473650, 3043750 ], [ 4469450, 3043850 ], [ 4472150, 3043850 ], [ 4472950, 3043850 ], [ 4473050, 3043850 ], [ 4476150, 3043850 ], [ 4473150, 3043950 ], [ 4473250, 3043950 ], [ 4475650, 3043950 ], [ 4476150, 3043950 ], [ 4469250, 3044050 ], [ 4470250, 3044050 ], [ 4471650, 3044050 ], [ 4472850, 3044050 ], [ 4473050, 3044050 ], [ 4473150, 3044050 ], [ 4473250, 3044050 ], [ 4473350, 3044050 ], [ 4475450, 3044050 ], [ 4475850, 3044050 ], [ 4469150, 3044150 ], [ 4469250, 3044150 ], [ 4473250, 3044150 ], [ 4473350, 3044150 ], [ 4474750, 3044150 ], [ 4474850, 3044150 ], [ 4475450, 3044150 ], [ 4475550, 3044150 ], [ 4475650, 3044150 ], [ 4475850, 3044150 ], [ 4468850, 3044250 ], [ 4469150, 3044250 ], [ 4469850, 3044250 ], [ 4470350, 3044250 ], [ 4471350, 3044250 ], [ 4471450, 3044250 ], [ 4471950, 3044250 ], [ 4474550, 3044250 ], [ 4474650, 3044250 ], [ 4474750, 3044250 ], [ 4474850, 3044250 ], [ 4469450, 3044350 ], [ 4469950, 3044350 ], [ 4470350, 3044350 ], [ 4471350, 3044350 ], [ 4471450, 3044350 ], [ 4471550, 3044350 ], [ 4471650, 3044350 ], [ 4471750, 3044350 ], [ 4473350, 3044350 ], [ 4474150, 3044350 ], [ 4474550, 3044350 ], [ 4474650, 3044350 ], [ 4474750, 3044350 ], [ 4474850, 3044350 ], [ 4475250, 3044350 ], [ 4468650, 3044450 ], [ 4468850, 3044450 ], [ 4469150, 3044450 ], [ 4469750, 3044450 ], [ 4469950, 3044450 ], [ 4471250, 3044450 ], [ 4471350, 3044450 ], [ 4471550, 3044450 ], [ 4471650, 3044450 ], [ 4471750, 3044450 ], [ 4471950, 3044450 ], [ 4472150, 3044450 ], [ 4472250, 3044450 ], [ 4472350, 3044450 ], [ 4472450, 3044450 ], [ 4474250, 3044450 ], [ 4474650, 3044450 ], [ 4474750, 3044450 ], [ 4474850, 3044450 ], [ 4474950, 3044450 ], [ 4475050, 3044450 ], [ 4475450, 3044450 ], [ 4475550, 3044450 ], [ 4469950, 3044550 ], [ 4470550, 3044550 ], [ 4471050, 3044550 ], [ 4471150, 3044550 ], [ 4471250, 3044550 ], [ 4471350, 3044550 ], [ 4471450, 3044550 ], [ 4471550, 3044550 ], [ 4471750, 3044550 ], [ 4471850, 3044550 ], [ 4471950, 3044550 ], [ 4472050, 3044550 ], [ 4472150, 3044550 ], [ 4472250, 3044550 ], [ 4472350, 3044550 ], [ 4472450, 3044550 ], [ 4473850, 3044550 ], [ 4473950, 3044550 ], [ 4474050, 3044550 ], [ 4474150, 3044550 ], [ 4474750, 3044550 ], [ 4474850, 3044550 ], [ 4474950, 3044550 ], [ 4475050, 3044550 ], [ 4475350, 3044550 ], [ 4475750, 3044550 ], [ 4469250, 3044650 ], [ 4469850, 3044650 ], [ 4469950, 3044650 ], [ 4471050, 3044650 ], [ 4471150, 3044650 ], [ 4471250, 3044650 ], [ 4471350, 3044650 ], [ 4471450, 3044650 ], [ 4471550, 3044650 ], [ 4471650, 3044650 ], [ 4471750, 3044650 ], [ 4471950, 3044650 ], [ 4472250, 3044650 ], [ 4472350, 3044650 ], [ 4472450, 3044650 ], [ 4472550, 3044650 ], [ 4472650, 3044650 ], [ 4472750, 3044650 ], [ 4473050, 3044650 ], [ 4473550, 3044650 ], [ 4474050, 3044650 ], [ 4474150, 3044650 ], [ 4474250, 3044650 ], [ 4474750, 3044650 ], [ 4474950, 3044650 ], [ 4475050, 3044650 ], [ 4475750, 3044650 ], [ 4475850, 3044650 ], [ 4475950, 3044650 ], [ 4470350, 3044750 ], [ 4470550, 3044750 ], [ 4471050, 3044750 ], [ 4471250, 3044750 ], [ 4471350, 3044750 ], [ 4471550, 3044750 ], [ 4471650, 3044750 ], [ 4471850, 3044750 ], [ 4471950, 3044750 ], [ 4472550, 3044750 ], [ 4472950, 3044750 ], [ 4473750, 3044750 ], [ 4474150, 3044750 ], [ 4474250, 3044750 ], [ 4474750, 3044750 ], [ 4474850, 3044750 ], [ 4474950, 3044750 ], [ 4475050, 3044750 ], [ 4476050, 3044750 ], [ 4469650, 3044850 ], [ 4469750, 3044850 ], [ 4469850, 3044850 ], [ 4470650, 3044850 ], [ 4471050, 3044850 ], [ 4471150, 3044850 ], [ 4471350, 3044850 ], [ 4471650, 3044850 ], [ 4471950, 3044850 ], [ 4472250, 3044850 ], [ 4472350, 3044850 ], [ 4472750, 3044850 ], [ 4473650, 3044850 ], [ 4474150, 3044850 ], [ 4474250, 3044850 ], [ 4474350, 3044850 ], [ 4474450, 3044850 ], [ 4474650, 3044850 ], [ 4475050, 3044850 ], [ 4470550, 3044950 ], [ 4471250, 3044950 ], [ 4471350, 3044950 ], [ 4471550, 3044950 ], [ 4471650, 3044950 ], [ 4471750, 3044950 ], [ 4471850, 3044950 ], [ 4471950, 3044950 ], [ 4472650, 3044950 ], [ 4472850, 3044950 ], [ 4474150, 3044950 ], [ 4474250, 3044950 ], [ 4474750, 3044950 ], [ 4471750, 3045050 ], [ 4471950, 3045050 ], [ 4472150, 3045050 ], [ 4472350, 3045050 ], [ 4472850, 3045050 ], [ 4474750, 3045050 ], [ 4474850, 3045050 ], [ 4475850, 3045050 ], [ 4472250, 3045150 ], [ 4472350, 3045150 ], [ 4472550, 3045150 ], [ 4473050, 3045150 ], [ 4474650, 3045150 ], [ 4474750, 3045150 ], [ 4474850, 3045150 ], [ 4469850, 3045250 ], [ 4470350, 3045250 ], [ 4471550, 3045250 ], [ 4472250, 3045250 ], [ 4472350, 3045250 ], [ 4472450, 3045250 ], [ 4472550, 3045250 ], [ 4472650, 3045250 ], [ 4473150, 3045250 ], [ 4474250, 3045250 ], [ 4474650, 3045250 ], [ 4474750, 3045250 ], [ 4474850, 3045250 ], [ 4471550, 3045350 ], [ 4471650, 3045350 ], [ 4472050, 3045350 ], [ 4472150, 3045350 ], [ 4472250, 3045350 ], [ 4472350, 3045350 ], [ 4472450, 3045350 ], [ 4472550, 3045350 ], [ 4472650, 3045350 ], [ 4472750, 3045350 ], [ 4472850, 3045350 ], [ 4472950, 3045350 ], [ 4473050, 3045350 ], [ 4473150, 3045350 ], [ 4473450, 3045350 ], [ 4474350, 3045350 ], [ 4474450, 3045350 ], [ 4474650, 3045350 ], [ 4474750, 3045350 ], [ 4474850, 3045350 ], [ 4474950, 3045350 ], [ 4471950, 3045450 ], [ 4472150, 3045450 ], [ 4472250, 3045450 ], [ 4472350, 3045450 ], [ 4472450, 3045450 ], [ 4472550, 3045450 ], [ 4472650, 3045450 ], [ 4472750, 3045450 ], [ 4472850, 3045450 ], [ 4473150, 3045450 ], [ 4474650, 3045450 ], [ 4474850, 3045450 ], [ 4474950, 3045450 ], [ 4472250, 3045550 ], [ 4472350, 3045550 ], [ 4472450, 3045550 ], [ 4472550, 3045550 ], [ 4472650, 3045550 ], [ 4472750, 3045550 ], [ 4472850, 3045550 ], [ 4472950, 3045550 ], [ 4473150, 3045550 ], [ 4473550, 3045550 ], [ 4474350, 3045550 ], [ 4474450, 3045550 ], [ 4474550, 3045550 ], [ 4474650, 3045550 ], [ 4474750, 3045550 ], [ 4474850, 3045550 ], [ 4472250, 3045650 ], [ 4472350, 3045650 ], [ 4472450, 3045650 ], [ 4472550, 3045650 ], [ 4472650, 3045650 ], [ 4472750, 3045650 ], [ 4472850, 3045650 ], [ 4472950, 3045650 ], [ 4473050, 3045650 ], [ 4473450, 3045650 ], [ 4474350, 3045650 ], [ 4474450, 3045650 ], [ 4474550, 3045650 ], [ 4474650, 3045650 ], [ 4474750, 3045650 ], [ 4474850, 3045650 ], [ 4472150, 3045750 ], [ 4472250, 3045750 ], [ 4472350, 3045750 ], [ 4472450, 3045750 ], [ 4472550, 3045750 ], [ 4472650, 3045750 ], [ 4472750, 3045750 ], [ 4472850, 3045750 ], [ 4472950, 3045750 ], [ 4473050, 3045750 ], [ 4474350, 3045750 ], [ 4474650, 3045750 ], [ 4474850, 3045750 ], [ 4472250, 3045850 ], [ 4472350, 3045850 ], [ 4472450, 3045850 ], [ 4472550, 3045850 ], [ 4472650, 3045850 ], [ 4472750, 3045850 ], [ 4472850, 3045850 ], [ 4472950, 3045850 ], [ 4473150, 3045850 ], [ 4474650, 3045850 ], [ 4474750, 3045850 ], [ 4474850, 3045850 ], [ 4472450, 3045950 ], [ 4472550, 3045950 ], [ 4472650, 3045950 ], [ 4472750, 3045950 ], [ 4472850, 3045950 ], [ 4472950, 3045950 ], [ 4474650, 3045950 ], [ 4474750, 3045950 ], [ 4472550, 3046050 ], [ 4472750, 3046050 ], [ 4474650, 3046050 ], [ 4472550, 3046150 ], [ 4472650, 3046150 ], [ 4472750, 3046150 ], [ 4472950, 3046150 ], [ 4472450, 3046250 ], [ 4472550, 3046250 ], [ 4473950, 3046250 ], [ 4471850, 3046350 ], [ 4472450, 3046350 ], [ 4472850, 3046350 ], [ 4472050, 3046450 ], [ 4473050, 3046450 ], [ 4473550, 3046450 ], [ 4471550, 3046550 ], [ 4471650, 3046550 ], [ 4471750, 3046550 ], [ 4471850, 3046550 ], [ 4474150, 3046550 ], [ 4471850, 3046650 ], [ 4471950, 3046650 ], [ 4471150, 3046750 ], [ 4471950, 3046750 ], [ 4472250, 3046750 ], [ 4473350, 3046750 ], [ 4473850, 3046750 ], [ 4471250, 3046850 ], [ 4473250, 3046950 ], [ 4473350, 3046950 ], [ 4472150, 3047050 ], [ 4473450, 3047050 ], [ 4473850, 3047050 ], [ 4474250, 3047050 ], [ 4471450, 3047150 ], [ 4473350, 3047250 ], [ 4473550, 3047250 ], [ 4471650, 3047350 ], [ 4472050, 3047350 ], [ 4471650, 3047450 ], [ 4472050, 3047450 ], [ 4472250, 3047550 ], [ 4473650, 3047550 ], [ 4473050, 3047750 ], [ 4473450, 3047850 ], [ 4473350, 3047950 ], [ 4473450, 3047950 ], [ 4473050, 3048050 ] ] }, "geometry": { "type": "Polygon", "coordinates": [ [ [ 4469450.0, 3043750.0 ], [ 4469450.0, 3043850.0 ], [ 4469250.0, 3044050.0 ], [ 4469250.0, 3044150.0 ], [ 4469150.0, 3044150.0 ], [ 4469150.0, 3044250.0 ], [ 4468850.0, 3044250.0 ], [ 4468650.0, 3044450.0 ], [ 4468850.0, 3044450.0 ], [ 4469150.0, 3044450.0 ], [ 4469250.0, 3044650.0 ], [ 4469650.0, 3044850.0 ], [ 4469750.0, 3044850.0 ], [ 4469850.0, 3044850.0 ], [ 4469850.0, 3045250.0 ], [ 4470350.0, 3045250.0 ], [ 4470550.0, 3044950.0 ], [ 4470650.0, 3044850.0 ], [ 4471050.0, 3044850.0 ], [ 4471150.0, 3044850.0 ], [ 4471250.0, 3044950.0 ], [ 4471350.0, 3044950.0 ], [ 4471550.0, 3044950.0 ], [ 4471550.0, 3045250.0 ], [ 4471550.0, 3045350.0 ], [ 4471650.0, 3045350.0 ], [ 4471950.0, 3045450.0 ], [ 4472050.0, 3045350.0 ], [ 4472150.0, 3045350.0 ], [ 4472150.0, 3045450.0 ], [ 4472250.0, 3045450.0 ], [ 4472250.0, 3045550.0 ], [ 4472250.0, 3045650.0 ], [ 4472150.0, 3045750.0 ], [ 4472250.0, 3045850.0 ], [ 4472350.0, 3045850.0 ], [ 4472450.0, 3045850.0 ], [ 4472450.0, 3045950.0 ], [ 4472550.0, 3045950.0 ], [ 4472550.0, 3046050.0 ], [ 4472550.0, 3046150.0 ], [ 4472550.0, 3046250.0 ], [ 4472450.0, 3046250.0 ], [ 4472450.0, 3046350.0 ], [ 4472050.0, 3046450.0 ], [ 4471850.0, 3046350.0 ], [ 4471850.0, 3046550.0 ], [ 4471750.0, 3046550.0 ], [ 4471650.0, 3046550.0 ], [ 4471550.0, 3046550.0 ], [ 4471150.0, 3046750.0 ], [ 4471250.0, 3046850.0 ], [ 4471450.0, 3047150.0 ], [ 4471650.0, 3047350.0 ], [ 4471650.0, 3047450.0 ], [ 4472050.0, 3047450.0 ], [ 4472250.0, 3047550.0 ], [ 4473050.0, 3047750.0 ], [ 4473050.0, 3048050.0 ], [ 4473350.0, 3047950.0 ], [ 4473450.0, 3047950.0 ], [ 4473450.0, 3047850.0 ], [ 4473650.0, 3047550.0 ], [ 4473550.0, 3047250.0 ], [ 4473450.0, 3047050.0 ], [ 4473850.0, 3047050.0 ], [ 4474250.0, 3047050.0 ], [ 4474150.0, 3046550.0 ], [ 4473950.0, 3046250.0 ], [ 4474650.0, 3046050.0 ], [ 4474650.0, 3045950.0 ], [ 4474750.0, 3045950.0 ], [ 4474750.0, 3045850.0 ], [ 4474850.0, 3045850.0 ], [ 4474850.0, 3045750.0 ], [ 4474850.0, 3045650.0 ], [ 4474850.0, 3045550.0 ], [ 4474850.0, 3045450.0 ], [ 4474950.0, 3045450.0 ], [ 4474950.0, 3045350.0 ], [ 4474850.0, 3045350.0 ], [ 4474850.0, 3045250.0 ], [ 4474850.0, 3045150.0 ], [ 4474850.0, 3045050.0 ], [ 4475050.0, 3044850.0 ], [ 4475050.0, 3044750.0 ], [ 4475050.0, 3044650.0 ], [ 4475050.0, 3044550.0 ], [ 4475350.0, 3044550.0 ], [ 4475850.0, 3045050.0 ], [ 4476050.0, 3044750.0 ], [ 4475950.0, 3044650.0 ], [ 4475850.0, 3044650.0 ], [ 4475750.0, 3044650.0 ], [ 4475750.0, 3044550.0 ], [ 4475550.0, 3044450.0 ], [ 4475650.0, 3044150.0 ], [ 4475850.0, 3044150.0 ], [ 4476150.0, 3043950.0 ], [ 4476150.0, 3043850.0 ], [ 4475850.0, 3044050.0 ], [ 4475650.0, 3043950.0 ], [ 4475550.0, 3044150.0 ], [ 4475450.0, 3044150.0 ], [ 4475450.0, 3044050.0 ], [ 4475250.0, 3044350.0 ], [ 4475050.0, 3044450.0 ], [ 4474950.0, 3044450.0 ], [ 4474850.0, 3044450.0 ], [ 4474850.0, 3044350.0 ], [ 4474850.0, 3044250.0 ], [ 4474850.0, 3044150.0 ], [ 4474750.0, 3044150.0 ], [ 4474750.0, 3044250.0 ], [ 4474650.0, 3044250.0 ], [ 4474550.0, 3044250.0 ], [ 4474550.0, 3044350.0 ], [ 4474250.0, 3044450.0 ], [ 4474150.0, 3044350.0 ], [ 4474150.0, 3044550.0 ], [ 4474050.0, 3044550.0 ], [ 4473950.0, 3044550.0 ], [ 4473850.0, 3044550.0 ], [ 4473750.0, 3044750.0 ], [ 4473650.0, 3044850.0 ], [ 4473550.0, 3044650.0 ], [ 4473350.0, 3044350.0 ], [ 4473350.0, 3044150.0 ], [ 4473350.0, 3044050.0 ], [ 4473650.0, 3043750.0 ], [ 4473450.0, 3043550.0 ], [ 4473550.0, 3043250.0 ], [ 4473450.0, 3043050.0 ], [ 4473150.0, 3042350.0 ], [ 4473050.0, 3042450.0 ], [ 4472950.0, 3042650.0 ], [ 4472750.0, 3042650.0 ], [ 4472850.0, 3043050.0 ], [ 4472850.0, 3043150.0 ], [ 4472650.0, 3043150.0 ], [ 4472750.0, 3043350.0 ], [ 4472750.0, 3043450.0 ], [ 4472850.0, 3043450.0 ], [ 4472950.0, 3043450.0 ], [ 4472950.0, 3043550.0 ], [ 4473050.0, 3043750.0 ], [ 4473050.0, 3043850.0 ], [ 4472950.0, 3043850.0 ], [ 4472850.0, 3044050.0 ], [ 4472150.0, 3043850.0 ], [ 4471950.0, 3044250.0 ], [ 4471750.0, 3044350.0 ], [ 4471650.0, 3044350.0 ], [ 4471650.0, 3044050.0 ], [ 4471450.0, 3044250.0 ], [ 4471350.0, 3044250.0 ], [ 4471350.0, 3044350.0 ], [ 4471350.0, 3044450.0 ], [ 4471250.0, 3044450.0 ], [ 4471250.0, 3044550.0 ], [ 4471150.0, 3044550.0 ], [ 4471050.0, 3044550.0 ], [ 4470550.0, 3044550.0 ], [ 4470350.0, 3044350.0 ], [ 4470350.0, 3044250.0 ], [ 4470250.0, 3044050.0 ], [ 4469950.0, 3044350.0 ], [ 4469850.0, 3044250.0 ], [ 4469750.0, 3044450.0 ], [ 4469450.0, 3044350.0 ], [ 4469650.0, 3043650.0 ], [ 4469550.0, 3043550.0 ], [ 4469450.0, 3043750.0 ] ] ] } },
{ "type": "Feature", "properties": { "ID": "Plauen_145230320_c2", "GEN": "Plauen", "ARS": "145230320", "LAN": "Sachsen", "area": 0.22, "centroid": "POINT (4472362.121212 3049446.969697)", "DH_demand": 480.55897531649669, "total_demand_cells": 866.82273864746094, "total_demand_area": 7989.2275390625, "share_DH": 6.9164364758690038, "heat_density_DH": 2.1843589787113484, "heat_density": 36.314670632102271, "DH_supplied_households": 57.0, "DH_cells": [ [ 4472750, 3049250 ], [ 4472050, 3049350 ], [ 4471750, 3049450 ], [ 4472550, 3049650 ], [ 4472650, 3049650 ] ] }, "geometry": { "type": "Polygon", "coordinates": [ [ [ 4471750.0, 3049450.0 ], [ 4472550.0, 3049650.0 ], [ 4472650.0, 3049650.0 ], [ 4472750.0, 3049250.0 ], [ 4472050.0, 3049350.0 ], [ 4471750.0, 3049450.0 ] ] ] } },
{ "type": "Feature", "properties": { "ID": "Pöhl_145230330_c0", "GEN": "Pöhl", "ARS": "145230330", "LAN": "Sachsen", "area": 0.045, "centroid": "POINT (4474757.407407 3051864.814815)", "DH_demand": 1011.0930868410678, "total_demand_cells": 1803.1686630249023, "total_demand_area": 1803.168701171875, "share_DH": 64.475581921457035, "heat_density_DH": 22.468735263134839, "heat_density": 40.070415581597224, "DH_supplied_households": 184.0, "DH_cells": [ [ 4474650, 3051750 ], [ 4474750, 3051750 ], [ 4474850, 3051750 ], [ 4474650, 3051850 ], [ 4474750, 3051850 ], [ 4474850, 3051850 ], [ 4474650, 3051950 ], [ 4474750, 3051950 ], [ 4474850, 3051950 ], [ 4474850, 3052050 ] ] }, "geometry": { "type": "Polygon", "coordinates": [ [ [ 4474750.0, 3051750.0 ], [ 4474650.0, 3051750.0 ], [ 4474650.0, 3051850.0 ], [ 4474650.0, 3051950.0 ], [ 4474750.0, 3051950.0 ], [ 4474850.0, 3052050.0 ], [ 4474850.0, 3051950.0 ], [ 4474850.0, 3051850.0 ], [ 4474850.0, 3051750.0 ], [ 4474750.0, 3051750.0 ] ] ] } },
{ "type": "Feature", "properties": { "ID": "Rodewisch_145230360_c0", "GEN": "Rodewisch", "ARS": "145230360", "LAN": "Sachsen", "area": 0.035, "centroid": "POINT (4490816.666667 3048335.714286)", "DH_demand": 716.03826090631526, "total_demand_cells": 950.59513854980469, "total_demand_area": 1192.951904296875, "share_DH": 69.016635545412299, "heat_density_DH": 20.458236025894728, "heat_density": 34.084340122767863, "DH_supplied_households": 315.0, "DH_cells": [ [ 4490650, 3048150 ], [ 4490650, 3048250 ], [ 4490750, 3048250 ], [ 4490850, 3048250 ], [ 4490750, 3048350 ], [ 4490850, 3048350 ], [ 4490850, 3048450 ], [ 4490950, 3048450 ], [ 4491050, 3048550 ] ] }, "geometry": { "type": "Polygon", "coordinates": [ [ [ 4490750.0, 3048250.0 ], [ 4490650.0, 3048150.0 ], [ 4490650.0, 3048250.0 ], [ 4490750.0, 3048350.0 ], [ 4490850.0, 3048350.0 ], [ 4490850.0, 3048450.0 ], [ 4491050.0, 3048550.0 ], [ 4490950.0, 3048450.0 ], [ 4490850.0, 3048250.0 ], [ 4490750.0, 3048250.0 ] ] ] } },
{ "type": "Feature", "properties": { "ID": "Rodewisch_145230360_c1", "GEN": "Rodewisch", "ARS": "145230360", "LAN": "Sachsen", "area": 0.3, "centroid": "POINT (4491816.111111 3049233.333333)", "DH_demand": 899.82772128028034, "total_demand_cells": 3563.2359943389893, "total_demand_area": 11823.2783203125, "share_DH": 8.7510858712501101, "heat_density_DH": 2.9994257376009346, "heat_density": 39.410927734375001, "DH_supplied_households": 111.0, "DH_cells": [ [ 4491750, 3048350 ], [ 4491750, 3048650 ], [ 4491850, 3048650 ], [ 4491650, 3048950 ], [ 4491750, 3048950 ], [ 4491550, 3049050 ], [ 4491750, 3049050 ], [ 4491950, 3049050 ], [ 4491650, 3049150 ], [ 4491450, 3049250 ], [ 4491950, 3049350 ], [ 4491650, 3049450 ], [ 4492150, 3049450 ], [ 4491950, 3049550 ], [ 4491850, 3049650 ], [ 4492350, 3049650 ] ] }, "geometry": { "type": "Polygon", "coordinates": [ [ [ 4491750.0, 3048650.0 ], [ 4491650.0, 3048950.0 ], [ 4491550.0, 3049050.0 ], [ 4491650.0, 3049150.0 ], [ 4491450.0, 3049250.0 ], [ 4491650.0, 3049450.0 ], [ 4491850.0, 3049650.0 ], [ 4491950.0, 3049550.0 ], [ 4492350.0, 3049650.0 ], [ 4492150.0, 3049450.0 ], [ 4491950.0, 3049350.0 ], [ 4491950.0, 3049050.0 ], [ 4491750.0, 3049050.0 ], [ 4491750.0, 3048950.0 ], [ 4491850.0, 3048650.0 ], [ 4491750.0, 3048350.0 ], [ 4491750.0, 3048650.0 ] ] ] } },
{ "type": "Feature", "properties": { "ID": "Rodewisch_145230360_c2", "GEN": "Rodewisch", "ARS": "145230360", "LAN": "Sachsen", "area": 0.01, "centroid": "POINT (4491000 3050200)", "DH_demand": 332.01579523498543, "total_demand_cells": 485.74695587158203, "total_demand_area": 485.7469482421875, "share_DH": 78.593956906149288, "heat_density_DH": 33.201579523498545, "heat_density": 48.574694824218753, "DH_supplied_households": 101.0, "DH_cells": [ [ 4490950, 3050150 ], [ 4491050, 3050150 ], [ 4490950, 3050250 ], [ 4491050, 3050250 ] ] }, "geometry": { "type": "Polygon", "coordinates": [ [ [ 4490950.0, 3050150.0 ], [ 4490950.0, 3050250.0 ], [ 4491050.0, 3050250.0 ], [ 4491050.0, 3050150.0 ], [ 4490950.0, 3050150.0 ] ] ] } },
{ "type": "Feature", "properties": { "ID": "Rosenbach/Vogtl._145230365_c0", "GEN": "Rosenbach/Vogtl.", "ARS": "145230365", "LAN": "Sachsen", "area": 0.015, "centroid": "POINT (4465372.222222 3049983.333333)", "DH_demand": 799.33546806598349, "total_demand_cells": 1084.0447082519531, "total_demand_area": 2299.81689453125, "share_DH": 39.964677604178739, "heat_density_DH": 53.289031204398903, "heat_density": 153.32112630208334, "DH_supplied_households": 81.0, "DH_cells": [ [ 4465250, 3049850 ], [ 4465250, 3049950 ], [ 4465350, 3049950 ], [ 4465650, 3050150 ] ] }, "geometry": { "type": "Polygon", "coordinates": [ [ [ 4465350.0, 3049950.0 ], [ 4465250.0, 3049850.0 ], [ 4465250.0, 3049950.0 ], [ 4465650.0, 3050150.0 ], [ 4465350.0, 3049950.0 ] ] ] } },
{ "type": "Feature", "properties": { "ID": "Weischlitz_145230450_c0", "GEN": "Weischlitz", "ARS": "145230450", "LAN": "Sachsen", "area": 0.13, "centroid": "POINT (4467980.769231 3038893.589744)", "DH_demand": 1936.747986751335, "total_demand_cells": 2810.7299346923828, "total_demand_area": 4685.2900390625, "share_DH": 47.531018712951848, "heat_density_DH": 14.898061436548732, "heat_density": 36.040692608173075, "DH_supplied_households": 396.0, "DH_cells": [ [ 4467550, 3038750 ], [ 4468650, 3038750 ], [ 4467650, 3038850 ], [ 4467850, 3038850 ], [ 4467950, 3038850 ], [ 4468450, 3038850 ], [ 4468550, 3038850 ], [ 4467750, 3038950 ], [ 4467850, 3038950 ], [ 4467950, 3038950 ], [ 4468050, 3038950 ], [ 4467550, 3039050 ], [ 4467650, 3039050 ], [ 4467950, 3039050 ], [ 4468050, 3039050 ] ] }, "geometry": { "type": "Polygon", "coordinates": [ [ [ 4467950.0, 3038850.0 ], [ 4467850.0, 3038850.0 ], [ 4467650.0, 3038850.0 ], [ 4467550.0, 3038750.0 ], [ 4467550.0, 3039050.0 ], [ 4467650.0, 3039050.0 ], [ 4467750.0, 3038950.0 ], [ 4467850.0, 3038950.0 ], [ 4467950.0, 3038950.0 ], [ 4467950.0, 3039050.0 ], [ 4468050.0, 3039050.0 ], [ 4468050.0, 3038950.0 ], [ 4468450.0, 3038850.0 ], [ 4468550.0, 3038850.0 ], [ 4468650.0, 3038750.0 ], [ 4467950.0, 3038850.0 ] ] ] } },
{ "type": "Feature", "properties": { "ID": "Weischlitz_145230450_c1", "GEN": "Weischlitz", "ARS": "145230450", "LAN": "Sachsen", "area": 0.04, "centroid": "POINT (4460016.666667 3041583.333333)", "DH_demand": 174.08593058669143, "total_demand_cells": 237.63280487060547, "total_demand_area": 660.57647705078125, "share_DH": 30.302681337970423, "heat_density_DH": 4.352148264667286, "heat_density": 16.514411926269531, "DH_supplied_households": 19.0, "DH_cells": [ [ 4459950, 3041450 ], [ 4460150, 3041450 ], [ 4459950, 3041850 ] ] }, "geometry": { "type": "Polygon", "coordinates": [ [ [ 4459950.0, 3041450.0 ], [ 4459950.0, 3041850.0 ], [ 4460150.0, 3041450.0 ], [ 4459950.0, 3041450.0 ] ] ] } },
{ "type": "Feature", "properties": { "ID": "Falkenstein_145235107_c0", "GEN": "Falkenstein", "ARS": "145235107", "LAN": "Sachsen", "area": 0.535, "centroid": "POINT (4489257.165109 3043422.274143)", "DH_demand": 1209.1812871503407, "total_demand_cells": 7418.1584167480469, "total_demand_area": 26916.390625, "share_DH": 5.1655323430747684, "heat_density_DH": 2.2601519385987676, "heat_density": 50.31101051401869, "DH_supplied_households": 121.0, "DH_cells": [ [ 4489450, 3042950 ], [ 4489150, 3043050 ], [ 4489450, 3043050 ], [ 4488550, 3043150 ], [ 4488750, 3043150 ], [ 4488850, 3043150 ], [ 4489050, 3043150 ], [ 4489150, 3043150 ], [ 4489650, 3043150 ], [ 4488750, 3043250 ], [ 4489550, 3043250 ], [ 4488750, 3043350 ], [ 4489350, 3043350 ], [ 4489450, 3043350 ], [ 4489550, 3043450 ], [ 4489450, 3043650 ], [ 4489550, 3043650 ], [ 4489750, 3043650 ], [ 4489050, 3043750 ], [ 4489550, 3043750 ], [ 4489750, 3043750 ], [ 4489850, 3043750 ], [ 4489550, 3044150 ] ] }, "geometry": { "type": "Polygon", "coordinates": [ [ [ 4489150.0, 3043050.0 ], [ 4489150.0, 3043150.0 ], [ 4489050.0, 3043150.0 ], [ 4488850.0, 3043150.0 ], [ 4488750.0, 3043150.0 ], [ 4488550.0, 3043150.0 ], [ 4488750.0, 3043250.0 ], [ 4488750.0, 3043350.0 ], [ 4489050.0, 3043750.0 ], [ 4489450.0, 3043650.0 ], [ 4489550.0, 3043650.0 ], [ 4489550.0, 3043750.0 ], [ 4489550.0, 3044150.0 ], [ 4489750.0, 3043750.0 ], [ 4489850.0, 3043750.0 ], [ 4489750.0, 3043650.0 ], [ 4489550.0, 3043450.0 ], [ 4489450.0, 3043350.0 ], [ 4489550.0, 3043250.0 ], [ 4489650.0, 3043150.0 ], [ 4489450.0, 3043050.0 ], [ 4489450.0, 3042950.0 ], [ 4489150.0, 3043050.0 ] ] ] } },
{ "type": "Feature", "properties": { "ID": "Falkenstein_145235107_c1", "GEN": "Falkenstein", "ARS": "145235107", "LAN": "Sachsen", "area": 0.19, "centroid": "POINT (4488625.438596 3039990.350877)", "DH_demand": 269.06434290127038, "total_demand_cells": 479.61704522371292, "total_demand_area": 2586.9541015625, "share_DH": 11.959359314627797, "heat_density_DH": 1.4161281205330021, "heat_density": 13.615547902960527, "DH_supplied_households": 23.0, "DH_cells": [ [ 4488950, 3039450 ], [ 4488750, 3040050 ], [ 4488850, 3040050 ], [ 4488050, 3040550 ] ] }, "geometry": { "type": "Polygon", "coordinates": [ [ [ 4488050.0, 3040550.0 ], [ 4488750.0, 3040050.0 ], [ 4488850.0, 3040050.0 ], [ 4488950.0, 3039450.0 ], [ 4488050.0, 3040550.0 ] ] ] } },
{ "type": "Feature", "properties": { "ID": "Netzschkau-Limbach_145235120_c0", "GEN": "Netzschkau-Limbach", "ARS": "145235120", "LAN": "Sachsen", "area": 0.9, "centroid": "POINT (4479992.592593 3058192.592593)", "DH_demand": 482.25229603161944, "total_demand_cells": 1551.3881607055664, "total_demand_area": 24524.916015625, "share_DH": 2.2610348960478914, "heat_density_DH": 0.5358358844795772, "heat_density": 27.249906684027781, "DH_supplied_households": 34.0, "DH_cells": [ [ 4479650, 3057250 ], [ 4479850, 3057250 ], [ 4479850, 3057550 ], [ 4479650, 3058050 ], [ 4480650, 3058350 ], [ 4479550, 3058450 ], [ 4479650, 3058650 ], [ 4480050, 3058750 ], [ 4480250, 3058750 ], [ 4480050, 3058850 ] ] }, "geometry": { "type": "Polygon", "coordinates": [ [ [ 4479650.0, 3058050.0 ], [ 4479550.0, 3058450.0 ], [ 4479650.0, 3058650.0 ], [ 4480050.0, 3058850.0 ], [ 4480250.0, 3058750.0 ], [ 4480650.0, 3058350.0 ], [ 4479850.0, 3057550.0 ], [ 4479850.0, 3057250.0 ], [ 4479650.0, 3057250.0 ], [ 4479650.0, 3058050.0 ] ] ] } },
{ "type": "Feature", "properties": { "ID": "Oelsnitz/Vogtl., Bösenbrunn, Eichigt und Triebel/Vogtl._145235122_c0", "GEN": "Oelsnitz/Vogtl., Bösenbrunn, Eichigt und Triebel/Vogtl.", "ARS": "145235122", "LAN": "Sachsen", "area": 1.31, "centroid": "POINT (4475200.508906 3035928.880407)", "DH_demand": 3524.582083696394, "total_demand_cells": 11879.557022094727, "total_demand_area": 44678.15625, "share_DH": 9.0709521625079219, "heat_density_DH": 2.6905206745774004, "heat_density": 34.105462786259551, "DH_supplied_households": 622.0, "DH_cells": [ [ 4474950, 3034750 ], [ 4474950, 3035050 ], [ 4475350, 3035050 ], [ 4475150, 3035150 ], [ 4475550, 3035450 ], [ 4474750, 3035650 ], [ 4474750, 3035750 ], [ 4474950, 3035950 ], [ 4475550, 3035950 ], [ 4474650, 3036050 ], [ 4475750, 3036150 ], [ 4474350, 3036250 ], [ 4474850, 3036250 ], [ 4475350, 3036250 ], [ 4475550, 3036250 ], [ 4475750, 3036250 ], [ 4475350, 3036350 ], [ 4475750, 3036350 ], [ 4475850, 3036350 ], [ 4475050, 3036450 ], [ 4475150, 3036450 ], [ 4475550, 3036450 ], [ 4475650, 3036450 ], [ 4474050, 3036550 ], [ 4474950, 3036550 ], [ 4475050, 3036550 ], [ 4475650, 3036550 ], [ 4475950, 3036550 ], [ 4474850, 3036650 ], [ 4475250, 3036650 ], [ 4474950, 3036750 ], [ 4475850, 3036750 ], [ 4476050, 3036750 ], [ 4475050, 3036850 ], [ 4475150, 3036850 ], [ 4475250, 3036850 ] ] }, "geometry": { "type": "Polygon", "coordinates": [ [ [ 4474950.0, 3035050.0 ], [ 4474750.0, 3035650.0 ], [ 4474750.0, 3035750.0 ], [ 4474350.0, 3036250.0 ], [ 4474050.0, 3036550.0 ], [ 4474650.0, 3036050.0 ], [ 4474850.0, 3036250.0 ], [ 4475050.0, 3036450.0 ], [ 4475050.0, 3036550.0 ], [ 4474950.0, 3036550.0 ], [ 4474850.0, 3036650.0 ], [ 4474950.0, 3036750.0 ], [ 4475050.0, 3036850.0 ], [ 4475150.0, 3036850.0 ], [ 4475250.0, 3036850.0 ], [ 4475250.0, 3036650.0 ], [ 4475150.0, 3036450.0 ], [ 4475350.0, 3036350.0 ], [ 4475550.0, 3036450.0 ], [ 4475650.0, 3036450.0 ], [ 4475650.0, 3036550.0 ], [ 4475850.0, 3036750.0 ], [ 4476050.0, 3036750.0 ], [ 4475950.0, 3036550.0 ], [ 4475850.0, 3036350.0 ], [ 4475750.0, 3036350.0 ], [ 4475750.0, 3036250.0 ], [ 4475750.0, 3036150.0 ], [ 4475550.0, 3035950.0 ], [ 4475550.0, 3035450.0 ], [ 4475350.0, 3035050.0 ], [ 4475150.0, 3035150.0 ], [ 4474950.0, 3034750.0 ], [ 4474950.0, 3035050.0 ] ] ] } },
{ "type": "Feature", "properties": { "ID": "Reichenbach im Vogtland_145235125_c0", "GEN": "Reichenbach im Vogtland", "ARS": "145235125", "LAN": "Sachsen", "area": 2.6, "centroid": "POINT (4483452.884615 3059329.74359)", "DH_demand": 13494.282698408215, "total_demand_cells": 27942.42821085453, "total_demand_area": 92859.875, "share_DH": 16.709451704482401, "heat_density_DH": 5.1901087301570055, "heat_density": 35.715336538461536, "DH_supplied_households": 2872.0, "DH_cells": [ [ 4483050, 3058250 ], [ 4483150, 3058350 ], [ 4483650, 3058450 ], [ 4482750, 3058550 ], [ 4483550, 3058550 ], [ 4480850, 3058750 ], [ 4483850, 3058750 ], [ 4484250, 3058750 ], [ 4481150, 3058950 ], [ 4481350, 3058950 ], [ 4482250, 3058950 ], [ 4481450, 3059050 ], [ 4482250, 3059050 ], [ 4482350, 3059050 ], [ 4482450, 3059050 ], [ 4483350, 3059050 ], [ 4484350, 3059050 ], [ 4481450, 3059150 ], [ 4482250, 3059150 ], [ 4482350, 3059150 ], [ 4482550, 3059150 ], [ 4482650, 3059150 ], [ 4482750, 3059150 ], [ 4482850, 3059150 ], [ 4484050, 3059150 ], [ 4481850, 3059250 ], [ 4481950, 3059250 ], [ 4482050, 3059250 ], [ 4482250, 3059250 ], [ 4482350, 3059250 ], [ 4482550, 3059250 ], [ 4482650, 3059250 ], [ 4482750, 3059250 ], [ 4482850, 3059250 ], [ 4483850, 3059250 ], [ 4481950, 3059350 ], [ 4482050, 3059350 ], [ 4482150, 3059350 ], [ 4482250, 3059350 ], [ 4482350, 3059350 ], [ 4482450, 3059350 ], [ 4482550, 3059350 ], [ 4483950, 3059350 ], [ 4482050, 3059450 ], [ 4482150, 3059450 ], [ 4482550, 3059450 ], [ 4482650, 3059450 ], [ 4482750, 3059450 ], [ 4482850, 3059450 ], [ 4483750, 3059450 ], [ 4484350, 3059450 ], [ 4482550, 3059550 ], [ 4482850, 3059550 ], [ 4482950, 3059550 ], [ 4483550, 3059550 ], [ 4483950, 3059550 ], [ 4484050, 3059550 ], [ 4484150, 3059550 ], [ 4484250, 3059550 ], [ 4484550, 3059550 ], [ 4483950, 3059650 ], [ 4484250, 3059650 ], [ 4483050, 3059750 ], [ 4484150, 3059750 ], [ 4484350, 3059750 ], [ 4484150, 3059850 ], [ 4484250, 3059850 ], [ 4484350, 3059850 ], [ 4483450, 3060150 ], [ 4484350, 3060150 ], [ 4483050, 3060250 ], [ 4484650, 3060250 ], [ 4482950, 3060350 ], [ 4482950, 3060450 ], [ 4483050, 3060450 ], [ 4484750, 3060450 ], [ 4484850, 3060450 ], [ 4485050, 3060450 ], [ 4485650, 3060450 ], [ 4484350, 3060550 ], [ 4484450, 3060650 ] ] }, "geometry": { "type": "Polygon", "coordinates": [ [ [ 4482750.0, 3058550.0 ], [ 4482750.0, 3059150.0 ], [ 4482650.0, 3059150.0 ], [ 4482550.0, 3059150.0 ], [ 4482450.0, 3059050.0 ], [ 4482350.0, 3059050.0 ], [ 4482250.0, 3059050.0 ], [ 4482250.0, 3058950.0 ], [ 4482050.0, 3059250.0 ], [ 4481950.0, 3059250.0 ], [ 4481850.0, 3059250.0 ], [ 4481350.0, 3058950.0 ], [ 4480850.0, 3058750.0 ], [ 4481150.0, 3058950.0 ], [ 4481450.0, 3059050.0 ], [ 4481450.0, 3059150.0 ], [ 4481950.0, 3059350.0 ], [ 4482050.0, 3059350.0 ], [ 4482050.0, 3059450.0 ], [ 4482150.0, 3059450.0 ], [ 4482150.0, 3059350.0 ], [ 4482250.0, 3059350.0 ], [ 4482350.0, 3059350.0 ], [ 4482450.0, 3059350.0 ], [ 4482550.0, 3059350.0 ], [ 4482550.0, 3059450.0 ], [ 4482550.0, 3059550.0 ], [ 4482650.0, 3059450.0 ], [ 4482750.0, 3059450.0 ], [ 4482850.0, 3059450.0 ], [ 4482850.0, 3059550.0 ], [ 4482950.0, 3059550.0 ], [ 4483050.0, 3059750.0 ], [ 4482950.0, 3060350.0 ], [ 4482950.0, 3060450.0 ], [ 4483050.0, 3060450.0 ], [ 4483050.0, 3060250.0 ], [ 4483450.0, 3060150.0 ], [ 4483550.0, 3059550.0 ], [ 4483750.0, 3059450.0 ], [ 4483950.0, 3059550.0 ], [ 4483950.0, 3059650.0 ], [ 4484150.0, 3059750.0 ], [ 4484150.0, 3059850.0 ], [ 4484250.0, 3059850.0 ], [ 4484350.0, 3060150.0 ], [ 4484350.0, 3060550.0 ], [ 4484450.0, 3060650.0 ], [ 4484750.0, 3060450.0 ], [ 4484850.0, 3060450.0 ], [ 4485050.0, 3060450.0 ], [ 4485650.0, 3060450.0 ], [ 4484650.0, 3060250.0 ], [ 4484350.0, 3059850.0 ], [ 4484350.0, 3059750.0 ], [ 4484550.0, 3059550.0 ], [ 4484350.0, 3059450.0 ], [ 4484350.0, 3059050.0 ], [ 4484250.0, 3058750.0 ], [ 4483850.0, 3058750.0 ], [ 4483650.0, 3058450.0 ], [ 4483550.0, 3058550.0 ], [ 4483150.0, 3058350.0 ], [ 4483050.0, 3058250.0 ], [ 4482750.0, 3058550.0 ] ] ] } },
{ "type": "Feature", "properties": { "ID": "Schöneck/Mühlental_145235131_c0", "GEN": "Schöneck/Mühlental", "ARS": "145235131", "LAN": "Sachsen", "area": 0.26, "centroid": "POINT (4487073.717949 3034058.974359)", "DH_demand": 331.20710097748372, "total_demand_cells": 2302.2338333129883, "total_demand_area": 11436.5498046875, "share_DH": 3.3300066723289432, "heat_density_DH": 1.2738734652980144, "heat_density": 43.986730018028844, "DH_supplied_households": 28.0, "DH_cells": [ [ 4486350, 3033650 ], [ 4486750, 3033850 ], [ 4486750, 3033950 ], [ 4486650, 3034050 ], [ 4486850, 3034050 ], [ 4487450, 3034050 ], [ 4487350, 3034250 ], [ 4487250, 3034350 ], [ 4487750, 3034350 ] ] }, "geometry": { "type": "Polygon", "coordinates": [ [ [ 4486750.0, 3033850.0 ], [ 4486350.0, 3033650.0 ], [ 4486650.0, 3034050.0 ], [ 4486750.0, 3033950.0 ], [ 4486850.0, 3034050.0 ], [ 4487250.0, 3034350.0 ], [ 4487350.0, 3034250.0 ], [ 4487750.0, 3034350.0 ], [ 4487450.0, 3034050.0 ], [ 4486750.0, 3033850.0 ] ] ] } },
{ "type": "Feature", "properties": { "ID": "Treuen/Neuensalz_145235134_c0", "GEN": "Treuen/Neuensalz", "ARS": "145235134", "LAN": "Sachsen", "area": 0.03, "centroid": "POINT (4486438.888889 3048616.666667)", "DH_demand": 251.67095755988174, "total_demand_cells": 630.19669151306152, "total_demand_area": 2678.374267578125, "share_DH": 10.804441630711615, "heat_density_DH": 8.3890319186627256, "heat_density": 89.27914225260416, "DH_supplied_households": 12.0, "DH_cells": [ [ 4486050, 3048450 ], [ 4486450, 3048650 ], [ 4486650, 3048650 ], [ 4486550, 3048750 ] ] }, "geometry": { "type": "Polygon", "coordinates": [ [ [ 4486050.0, 3048450.0 ], [ 4486450.0, 3048650.0 ], [ 4486550.0, 3048750.0 ], [ 4486650.0, 3048650.0 ], [ 4486050.0, 3048450.0 ] ] ] } },
{ "type": "Feature", "properties": { "ID": "Treuen/Neuensalz_145235134_c1", "GEN": "Treuen/Neuensalz", "ARS": "145235134", "LAN": "Sachsen", "area": 0.785, "centroid": "POINT (4483955.095541 3050262.314225)", "DH_demand": 577.49753670321513, "total_demand_cells": 4588.5280532836914, "total_demand_area": 25563.0390625, "share_DH": 2.5976350905866519, "heat_density_DH": 0.73566565185122956, "heat_density": 32.564380971337584, "DH_supplied_households": 46.0, "DH_cells": [ [ 4483750, 3049750 ], [ 4484550, 3049750 ], [ 4484250, 3049950 ], [ 4484450, 3050150 ], [ 4484650, 3050150 ], [ 4484350, 3050250 ], [ 4484050, 3050450 ], [ 4484350, 3050450 ], [ 4483350, 3050550 ], [ 4484050, 3050550 ], [ 4483250, 3050650 ], [ 4483550, 3050650 ], [ 4484250, 3050650 ], [ 4483750, 3050750 ], [ 4483750, 3050850 ] ] }, "geometry": { "type": "Polygon", "coordinates": [ [ [ 4483350.0, 3050550.0 ], [ 4483250.0, 3050650.0 ], [ 4483550.0, 3050650.0 ], [ 4483750.0, 3050850.0 ], [ 4484050.0, 3050550.0 ], [ 4484250.0, 3050650.0 ], [ 4484350.0, 3050450.0 ], [ 4484350.0, 3050250.0 ], [ 4484450.0, 3050150.0 ], [ 4484650.0, 3050150.0 ], [ 4484550.0, 3049750.0 ], [ 4484250.0, 3049950.0 ], [ 4483750.0, 3049750.0 ], [ 4483350.0, 3050550.0 ] ] ] } },
{ "type": "Feature", "properties": { "ID": "Jägerswald_145235402_c0", "GEN": "Jägerswald", "ARS": "145235402", "LAN": "Sachsen", "area": 0.16, "centroid": "POINT (4478575 3042283.333333)", "DH_demand": 956.76992804083557, "total_demand_cells": 2487.4315147399902, "total_demand_area": 5220.38720703125, "share_DH": 21.07391819706509, "heat_density_DH": 5.9798120502552221, "heat_density": 32.627420043945314, "DH_supplied_households": 51.0, "DH_cells": [ [ 4478550, 3041950 ], [ 4478650, 3041950 ], [ 4478750, 3041950 ], [ 4478750, 3042050 ], [ 4478850, 3042050 ], [ 4478550, 3042150 ], [ 4478750, 3042150 ], [ 4478550, 3042250 ], [ 4478750, 3042350 ], [ 4478550, 3042450 ], [ 4478250, 3042550 ], [ 4478550, 3042550 ], [ 4478350, 3042650 ] ] }, "geometry": { "type": "Polygon", "coordinates": [ [ [ 4478550.0, 3042150.0 ], [ 4478550.0, 3042250.0 ], [ 4478250.0, 3042550.0 ], [ 4478350.0, 3042650.0 ], [ 4478550.0, 3042550.0 ], [ 4478550.0, 3042450.0 ], [ 4478750.0, 3042350.0 ], [ 4478750.0, 3042150.0 ], [ 4478850.0, 3042050.0 ], [ 4478750.0, 3041950.0 ], [ 4478650.0, 3041950.0 ], [ 4478550.0, 3041950.0 ], [ 4478550.0, 3042150.0 ] ] ] } },
{ "type": "Feature", "properties": { "ID": "Fraureuth_145240060_c0", "GEN": "Fraureuth", "ARS": "145240060", "LAN": "Sachsen", "area": 0.975, "centroid": "POINT (4487987.606838 3068703.333333)", "DH_demand": 365.55090019254999, "total_demand_cells": 975.29004001617432, "total_demand_area": 12020.8564453125, "share_DH": 3.4966562275047708, "heat_density_DH": 0.37492400019748717, "heat_density": 12.329083533653845, "DH_supplied_households": 72.0, "DH_cells": [ [ 4487050, 3068050 ], [ 4487350, 3068550 ], [ 4487450, 3068650 ], [ 4489050, 3068750 ], [ 4488350, 3068850 ], [ 4487750, 3068950 ], [ 4487950, 3068950 ], [ 4488750, 3069150 ], [ 4487750, 3069550 ] ] }, "geometry": { "type": "Polygon", "coordinates": [ [ [ 4487050.0, 3068050.0 ], [ 4487350.0, 3068550.0 ], [ 4487450.0, 3068650.0 ], [ 4487750.0, 3069550.0 ], [ 4487950.0, 3068950.0 ], [ 4488350.0, 3068850.0 ], [ 4488750.0, 3069150.0 ], [ 4489050.0, 3068750.0 ], [ 4487050.0, 3068050.0 ] ] ] } },
{ "type": "Feature", "properties": { "ID": "Gersdorf_145240070_c0", "GEN": "Gersdorf", "ARS": "145240070", "LAN": "Sachsen", "area": 0.055, "centroid": "POINT (4512516.666667 3074316.666667)", "DH_demand": 272.58181039320175, "total_demand_cells": 490.17225766181946, "total_demand_area": 2298.54736328125, "share_DH": 13.635903040227006, "heat_density_DH": 4.9560329162400318, "heat_density": 41.791770241477273, "DH_supplied_households": 9.0, "DH_cells": [ [ 4512450, 3074150 ], [ 4512750, 3074350 ], [ 4512350, 3074450 ] ] }, "geometry": { "type": "Polygon", "coordinates": [ [ [ 4512350.0, 3074450.0 ], [ 4512750.0, 3074350.0 ], [ 4512450.0, 3074150.0 ], [ 4512350.0, 3074450.0 ] ] ] } },
{ "type": "Feature", "properties": { "ID": "Gersdorf_145240070_c1", "GEN": "Gersdorf", "ARS": "145240070", "LAN": "Sachsen", "area": 0.345, "centroid": "POINT (4512127.294686 3076061.111111)", "DH_demand": 513.40666512409985, "total_demand_cells": 1333.3289489746094, "total_demand_area": 5168.2138671875, "share_DH": 11.422509170586213, "heat_density_DH": 1.4881352612292749, "heat_density": 14.980330049818841, "DH_supplied_households": 28.0, "DH_cells": [ [ 4512150, 3075550 ], [ 4512650, 3075550 ], [ 4512150, 3076150 ], [ 4511850, 3076450 ], [ 4512050, 3076450 ], [ 4512150, 3076450 ], [ 4511650, 3076850 ], [ 4511650, 3076950 ] ] }, "geometry": { "type": "Polygon", "coordinates": [ [ [ 4511850.0, 3076450.0 ], [ 4511650.0, 3076850.0 ], [ 4511650.0, 3076950.0 ], [ 4512050.0, 3076450.0 ], [ 4512150.0, 3076450.0 ], [ 4512150.0, 3076150.0 ], [ 4512650.0, 3075550.0 ], [ 4512150.0, 3075550.0 ], [ 4511850.0, 3076450.0 ] ] ] } },
{ "type": "Feature", "properties": { "ID": "Glauchau_145240080_c0", "GEN": "Glauchau", "ARS": "145240080", "LAN": "Sachsen", "area": 3.11, "centroid": "POINT (4499852.893891 3081682.958199)", "DH_demand": 12904.555636055609, "total_demand_cells": 30998.679236352444, "total_demand_area": 103075.3203125, "share_DH": 14.395569522032911, "heat_density_DH": 4.149374802590228, "heat_density": 33.143189811093251, "DH_supplied_households": 1881.0, "DH_cells": [ [ 4500150, 3080350 ], [ 4500050, 3080550 ], [ 4500250, 3080550 ], [ 4499750, 3080650 ], [ 4500250, 3080650 ], [ 4500350, 3080650 ], [ 4500250, 3080750 ], [ 4500350, 3080750 ], [ 4500650, 3080750 ], [ 4499150, 3080850 ], [ 4499950, 3080850 ], [ 4500050, 3080850 ], [ 4500250, 3080850 ], [ 4500450, 3080850 ], [ 4500550, 3080850 ], [ 4500650, 3080850 ], [ 4499950, 3080950 ], [ 4500250, 3080950 ], [ 4500450, 3080950 ], [ 4500550, 3080950 ], [ 4500650, 3080950 ], [ 4499550, 3081050 ], [ 4499850, 3081050 ], [ 4500150, 3081050 ], [ 4500450, 3081050 ], [ 4500550, 3081050 ], [ 4500650, 3081050 ], [ 4500750, 3081050 ], [ 4499650, 3081150 ], [ 4499850, 3081150 ], [ 4500450, 3081150 ], [ 4500650, 3081150 ], [ 4500750, 3081150 ], [ 4498850, 3081350 ], [ 4499250, 3081350 ], [ 4500350, 3081350 ], [ 4500950, 3081350 ], [ 4500050, 3081450 ], [ 4500250, 3081450 ], [ 4500950, 3081450 ], [ 4497850, 3081550 ], [ 4499950, 3081550 ], [ 4500050, 3081550 ], [ 4500250, 3081550 ], [ 4500450, 3081550 ], [ 4500850, 3081550 ], [ 4500950, 3081550 ], [ 4499550, 3081650 ], [ 4499650, 3081650 ], [ 4499850, 3081650 ], [ 4500450, 3081650 ], [ 4500550, 3081650 ], [ 4500850, 3081650 ], [ 4500950, 3081650 ], [ 4501650, 3081650 ], [ 4498950, 3081750 ], [ 4499650, 3081750 ], [ 4500450, 3081750 ], [ 4498950, 3081850 ], [ 4499650, 3081850 ], [ 4500850, 3081850 ], [ 4501150, 3081850 ], [ 4498150, 3081950 ], [ 4498250, 3081950 ], [ 4498350, 3081950 ], [ 4498450, 3081950 ], [ 4500550, 3081950 ], [ 4498050, 3082050 ], [ 4498150, 3082050 ], [ 4498250, 3082050 ], [ 4498450, 3082050 ], [ 4498750, 3082050 ], [ 4498850, 3082050 ], [ 4498950, 3082050 ], [ 4500350, 3082050 ], [ 4498050, 3082150 ], [ 4498250, 3082150 ], [ 4498550, 3082150 ], [ 4498750, 3082150 ], [ 4499150, 3082150 ], [ 4498050, 3082250 ], [ 4498150, 3082250 ], [ 4498250, 3082250 ], [ 4498550, 3082250 ], [ 4498650, 3082250 ], [ 4499450, 3082250 ], [ 4499550, 3082250 ], [ 4499650, 3082250 ], [ 4500650, 3082250 ], [ 4498350, 3082350 ], [ 4498450, 3082350 ], [ 4498550, 3082350 ], [ 4498650, 3082350 ], [ 4499550, 3082350 ], [ 4500650, 3082350 ], [ 4498450, 3082450 ], [ 4498550, 3082450 ], [ 4499750, 3082450 ], [ 4500450, 3082550 ], [ 4500150, 3082650 ], [ 4500450, 3082650 ], [ 4498550, 3082850 ], [ 4498450, 3082950 ] ] }, "geometry": { "type": "Polygon", "coordinates": [ [ [ 4499250.0, 3081350.0 ], [ 4498850.0, 3081350.0 ], [ 4498950.0, 3081750.0 ], [ 4498950.0, 3081850.0 ], [ 4498950.0, 3082050.0 ], [ 4498850.0, 3082050.0 ], [ 4498750.0, 3082050.0 ], [ 4498750.0, 3082150.0 ], [ 4498650.0, 3082250.0 ], [ 4498550.0, 3082250.0 ], [ 4498550.0, 3082150.0 ], [ 4498450.0, 3082050.0 ], [ 4498450.0, 3081950.0 ], [ 4498350.0, 3081950.0 ], [ 4498250.0, 3081950.0 ], [ 4497850.0, 3081550.0 ], [ 4498150.0, 3081950.0 ], [ 4498150.0, 3082050.0 ], [ 4498050.0, 3082050.0 ], [ 4498050.0, 3082150.0 ], [ 4498050.0, 3082250.0 ], [ 4498150.0, 3082250.0 ], [ 4498250.0, 3082250.0 ], [ 4498350.0, 3082350.0 ], [ 4498450.0, 3082350.0 ], [ 4498450.0, 3082450.0 ], [ 4498450.0, 3082950.0 ], [ 4498550.0, 3082850.0 ], [ 4498550.0, 3082450.0 ], [ 4498550.0, 3082350.0 ], [ 4498650.0, 3082350.0 ], [ 4499150.0, 3082150.0 ], [ 4499450.0, 3082250.0 ], [ 4499550.0, 3082350.0 ], [ 4499650.0, 3082250.0 ], [ 4499750.0, 3082450.0 ], [ 4500150.0, 3082650.0 ], [ 4500450.0, 3082650.0 ], [ 4500450.0, 3082550.0 ], [ 4500650.0, 3082350.0 ], [ 4500650.0, 3082250.0 ], [ 4500350.0, 3082050.0 ], [ 4500550.0, 3081950.0 ], [ 4500850.0, 3081850.0 ], [ 4501150.0, 3081850.0 ], [ 4501650.0, 3081650.0 ], [ 4500950.0, 3081650.0 ], [ 4500950.0, 3081550.0 ], [ 4500950.0, 3081450.0 ], [ 4500950.0, 3081350.0 ], [ 4500750.0, 3081150.0 ], [ 4500750.0, 3081050.0 ], [ 4500650.0, 3081050.0 ], [ 4500650.0, 3080950.0 ], [ 4500650.0, 3080850.0 ], [ 4500650.0, 3080750.0 ], [ 4500550.0, 3080850.0 ], [ 4500450.0, 3080850.0 ], [ 4500350.0, 3080750.0 ], [ 4500350.0, 3080650.0 ], [ 4500250.0, 3080650.0 ], [ 4500250.0, 3080550.0 ], [ 4500150.0, 3080350.0 ], [ 4500050.0, 3080550.0 ], [ 4499750.0, 3080650.0 ], [ 4499950.0, 3080850.0 ], [ 4499950.0, 3080950.0 ], [ 4499850.0, 3081050.0 ], [ 4499850.0, 3081150.0 ], [ 4499650.0, 3081150.0 ], [ 4499550.0, 3081050.0 ], [ 4499150.0, 3080850.0 ], [ 4499250.0, 3081350.0 ] ] ] } },
{ "type": "Feature", "properties": { "ID": "Hartenstein_145240090_c0", "GEN": "Hartenstein", "ARS": "145240090", "LAN": "Sachsen", "area": 0.16, "centroid": "POINT (4509729.166667 3064508.333333)", "DH_demand": 289.530815356358, "total_demand_cells": 1079.6998977661133, "total_demand_area": 7896.4033203125, "share_DH": 4.2160520207651508, "heat_density_DH": 1.8095675959772375, "heat_density": 49.352520751953122, "DH_supplied_households": 18.0, "DH_cells": [ [ 4509550, 3064050 ], [ 4509950, 3064450 ], [ 4509650, 3064650 ], [ 4509650, 3065050 ] ] }, "geometry": { "type": "Polygon", "coordinates": [ [ [ 4509550.0, 3064050.0 ], [ 4509650.0, 3064650.0 ], [ 4509650.0, 3065050.0 ], [ 4509950.0, 3064450.0 ], [ 4509550.0, 3064050.0 ] ] ] } },
{ "type": "Feature", "properties": { "ID": "Hohenstein-Ernstthal_145240120_c0", "GEN": "Hohenstein-Ernstthal", "ARS": "145240120", "LAN": "Sachsen", "area": 2.115, "centroid": "POINT (4512864.420804 3080345.193065)", "DH_demand": 17836.125430923425, "total_demand_cells": 33813.366685390472, "total_demand_area": 82421.453125, "share_DH": 24.882885477237004, "heat_density_DH": 8.4331562321150955, "heat_density": 38.9699541962175, "DH_supplied_households": 2855.0, "DH_cells": [ [ 4511750, 3079450 ], [ 4510950, 3079550 ], [ 4511450, 3079550 ], [ 4510650, 3079650 ], [ 4510750, 3079650 ], [ 4510850, 3079650 ], [ 4510950, 3079650 ], [ 4511050, 3079650 ], [ 4511250, 3079650 ], [ 4510850, 3079750 ], [ 4510950, 3079750 ], [ 4511050, 3079750 ], [ 4511150, 3079750 ], [ 4511250, 3079750 ], [ 4511450, 3079750 ], [ 4510850, 3079850 ], [ 4510950, 3079850 ], [ 4511050, 3079850 ], [ 4511150, 3079850 ], [ 4512050, 3079850 ], [ 4512950, 3079850 ], [ 4513050, 3079850 ], [ 4513150, 3079850 ], [ 4513250, 3079850 ], [ 4513350, 3079850 ], [ 4513450, 3079850 ], [ 4513550, 3079850 ], [ 4513650, 3079850 ], [ 4510750, 3079950 ], [ 4510850, 3079950 ], [ 4510950, 3079950 ], [ 4511050, 3079950 ], [ 4511350, 3079950 ], [ 4511750, 3079950 ], [ 4512050, 3079950 ], [ 4513050, 3079950 ], [ 4513250, 3079950 ], [ 4513350, 3079950 ], [ 4513650, 3079950 ], [ 4510650, 3080050 ], [ 4510750, 3080050 ], [ 4510950, 3080050 ], [ 4511550, 3080050 ], [ 4512050, 3080050 ], [ 4512150, 3080050 ], [ 4512950, 3080050 ], [ 4513050, 3080050 ], [ 4513150, 3080050 ], [ 4513350, 3080050 ], [ 4513650, 3080050 ], [ 4510650, 3080150 ], [ 4510750, 3080150 ], [ 4510850, 3080150 ], [ 4510950, 3080150 ], [ 4511050, 3080150 ], [ 4511450, 3080150 ], [ 4512050, 3080150 ], [ 4512150, 3080150 ], [ 4512250, 3080150 ], [ 4512450, 3080150 ], [ 4513450, 3080150 ], [ 4510250, 3080250 ], [ 4510850, 3080250 ], [ 4510950, 3080250 ], [ 4511050, 3080250 ], [ 4511450, 3080250 ], [ 4511750, 3080250 ], [ 4511850, 3080250 ], [ 4512150, 3080250 ], [ 4512250, 3080250 ], [ 4512550, 3080250 ], [ 4512950, 3080250 ], [ 4513450, 3080250 ], [ 4510050, 3080350 ], [ 4510250, 3080350 ], [ 4511250, 3080350 ], [ 4511650, 3080350 ], [ 4511850, 3080350 ], [ 4512150, 3080350 ], [ 4512350, 3080450 ], [ 4512550, 3080450 ], [ 4513050, 3080450 ], [ 4513450, 3080450 ], [ 4513050, 3080550 ], [ 4513350, 3080550 ], [ 4511650, 3080650 ], [ 4513550, 3080650 ], [ 4513650, 3080650 ], [ 4513850, 3080650 ], [ 4513250, 3080750 ], [ 4513350, 3080750 ], [ 4513550, 3080750 ], [ 4513250, 3080850 ], [ 4513350, 3080850 ], [ 4513750, 3080850 ], [ 4514250, 3080850 ], [ 4515050, 3080850 ], [ 4515350, 3080850 ], [ 4514350, 3080950 ], [ 4514850, 3081050 ], [ 4516050, 3081250 ], [ 4515550, 3081350 ] ] }, "geometry": { "type": "Polygon", "coordinates": [ [ [ 4510850.0, 3079750.0 ], [ 4510850.0, 3079850.0 ], [ 4510850.0, 3079950.0 ], [ 4510750.0, 3079950.0 ], [ 4510750.0, 3080050.0 ], [ 4510650.0, 3080050.0 ], [ 4510650.0, 3080150.0 ], [ 4510250.0, 3080250.0 ], [ 4510050.0, 3080350.0 ], [ 4510250.0, 3080350.0 ], [ 4510750.0, 3080150.0 ], [ 4510850.0, 3080150.0 ], [ 4510850.0, 3080250.0 ], [ 4510950.0, 3080250.0 ], [ 4511050.0, 3080250.0 ], [ 4511250.0, 3080350.0 ], [ 4511450.0, 3080250.0 ], [ 4511650.0, 3080350.0 ], [ 4511650.0, 3080650.0 ], [ 4511850.0, 3080350.0 ], [ 4512150.0, 3080350.0 ], [ 4512150.0, 3080250.0 ], [ 4512250.0, 3080250.0 ], [ 4512350.0, 3080450.0 ], [ 4512550.0, 3080450.0 ], [ 4512550.0, 3080250.0 ], [ 4512950.0, 3080250.0 ], [ 4513050.0, 3080450.0 ], [ 4513050.0, 3080550.0 ], [ 4513250.0, 3080750.0 ], [ 4513250.0, 3080850.0 ], [ 4513350.0, 3080850.0 ], [ 4513350.0, 3080750.0 ], [ 4513550.0, 3080750.0 ], [ 4513550.0, 3080650.0 ], [ 4513650.0, 3080650.0 ], [ 4513750.0, 3080850.0 ], [ 4514250.0, 3080850.0 ], [ 4514350.0, 3080950.0 ], [ 4514850.0, 3081050.0 ], [ 4515550.0, 3081350.0 ], [ 4516050.0, 3081250.0 ], [ 4515350.0, 3080850.0 ], [ 4515050.0, 3080850.0 ], [ 4513850.0, 3080650.0 ], [ 4513450.0, 3080450.0 ], [ 4513450.0, 3080250.0 ], [ 4513450.0, 3080150.0 ], [ 4513650.0, 3080050.0 ], [ 4513650.0, 3079950.0 ], [ 4513650.0, 3079850.0 ], [ 4513550.0, 3079850.0 ], [ 4513450.0, 3079850.0 ], [ 4513350.0, 3079850.0 ], [ 4513250.0, 3079850.0 ], [ 4513150.0, 3079850.0 ], [ 4513050.0, 3079850.0 ], [ 4512950.0, 3079850.0 ], [ 4512950.0, 3080050.0 ], [ 4512450.0, 3080150.0 ], [ 4512250.0, 3080150.0 ], [ 4512150.0, 3080150.0 ], [ 4512150.0, 3080050.0 ], [ 4512050.0, 3080050.0 ], [ 4512050.0, 3079950.0 ], [ 4512050.0, 3079850.0 ], [ 4511750.0, 3079950.0 ], [ 4511750.0, 3079450.0 ], [ 4511450.0, 3079550.0 ], [ 4511250.0, 3079650.0 ], [ 4511250.0, 3079750.0 ], [ 4511150.0, 3079750.0 ], [ 4511050.0, 3079750.0 ], [ 4511050.0, 3079650.0 ], [ 4510950.0, 3079550.0 ], [ 4510850.0, 3079650.0 ], [ 4510750.0, 3079650.0 ], [ 4510650.0, 3079650.0 ], [ 4510850.0, 3079750.0 ] ] ] } },
{ "type": "Feature", "properties": { "ID": "Lichtentanne_145240170_c2", "GEN": "Lichtentanne", "ARS": "145240170", "LAN": "Sachsen", "area": 0.085, "centroid": "POINT (4491700.980392 3067818.627451)", "DH_demand": 396.93582555493981, "total_demand_cells": 1253.8409945964813, "total_demand_area": 6618.30615234375, "share_DH": 6.8962648944244638, "heat_density_DH": 4.6698332418228219, "heat_density": 77.862425321691191, "DH_supplied_households": 20.0, "DH_cells": [ [ 4491450, 3067550 ], [ 4491750, 3067750 ], [ 4491550, 3067850 ], [ 4491750, 3067950 ], [ 4492050, 3068050 ] ] }, "geometry": { "type": "Polygon", "coordinates": [ [ [ 4491450.0, 3067550.0 ], [ 4491550.0, 3067850.0 ], [ 4491750.0, 3067950.0 ], [ 4492050.0, 3068050.0 ], [ 4491750.0, 3067750.0 ], [ 4491450.0, 3067550.0 ] ] ] } },
{ "type": "Feature", "properties": { "ID": "Mülsen_145240200_c0", "GEN": "Mülsen", "ARS": "145240200", "LAN": "Sachsen", "area": 0.21, "centroid": "POINT (4507415.079365 3069752.380952)", "DH_demand": 225.37818171969474, "total_demand_cells": 882.41967010498047, "total_demand_area": 4440.060546875, "share_DH": 5.8366475424721749, "heat_density_DH": 1.0732294367604511, "heat_density": 21.143145461309523, "DH_supplied_households": 27.0, "DH_cells": [ [ 4507550, 3069450 ], [ 4506950, 3069550 ], [ 4507450, 3069550 ], [ 4507650, 3069850 ], [ 4507650, 3069950 ], [ 4507750, 3069950 ], [ 4507650, 3070150 ] ] }, "geometry": { "type": "Polygon", "coordinates": [ [ [ 4507450.0, 3069550.0 ], [ 4506950.0, 3069550.0 ], [ 4507650.0, 3070150.0 ], [ 4507650.0, 3069950.0 ], [ 4507750.0, 3069950.0 ], [ 4507650.0, 3069850.0 ], [ 4507550.0, 3069450.0 ], [ 4507450.0, 3069550.0 ] ] ] } },
{ "type": "Feature", "properties": { "ID": "Mülsen_145240200_c1", "GEN": "Mülsen", "ARS": "145240200", "LAN": "Sachsen", "area": 0.355, "centroid": "POINT (4504023.70892 3070646.244131)", "DH_demand": 429.46834568729815, "total_demand_cells": 983.76028442382812, "total_demand_area": 5587.45263671875, "share_DH": 8.838077276220444, "heat_density_DH": 1.209769987851544, "heat_density": 15.739303202024647, "DH_supplied_households": 21.0, "DH_cells": [ [ 4503750, 3070250 ], [ 4504250, 3070350 ], [ 4504250, 3070750 ], [ 4503750, 3070950 ], [ 4504550, 3070950 ] ] }, "geometry": { "type": "Polygon", "coordinates": [ [ [ 4503750.0, 3070250.0 ], [ 4503750.0, 3070950.0 ], [ 4504550.0, 3070950.0 ], [ 4504250.0, 3070750.0 ], [ 4504250.0, 3070350.0 ], [ 4503750.0, 3070250.0 ] ] ] } },
{ "type": "Feature", "properties": { "ID": "Mülsen_145240200_c2", "GEN": "Mülsen", "ARS": "145240200", "LAN": "Sachsen", "area": 0.73, "centroid": "POINT (4502739.269406 3072440.86758)", "DH_demand": 1241.8400804997857, "total_demand_cells": 3201.9666061401367, "total_demand_area": 10528.900390625, "share_DH": 13.561981435732228, "heat_density_DH": 1.7011507952051859, "heat_density": 14.423151220034246, "DH_supplied_households": 216.0, "DH_cells": [ [ 4503150, 3071150 ], [ 4503050, 3071250 ], [ 4503150, 3071250 ], [ 4503050, 3071350 ], [ 4503250, 3071450 ], [ 4503350, 3071550 ], [ 4502850, 3071750 ], [ 4503050, 3072050 ], [ 4502850, 3072350 ], [ 4502950, 3072350 ], [ 4502950, 3072450 ], [ 4503150, 3072450 ], [ 4502350, 3072550 ], [ 4502850, 3072650 ], [ 4502750, 3072750 ], [ 4502850, 3072750 ], [ 4502550, 3073150 ], [ 4502550, 3073650 ], [ 4502250, 3073950 ] ] }, "geometry": { "type": "Polygon", "coordinates": [ [ [ 4502550.0, 3073150.0 ], [ 4502250.0, 3073950.0 ], [ 4502550.0, 3073650.0 ], [ 4502750.0, 3072750.0 ], [ 4502850.0, 3072750.0 ], [ 4502850.0, 3072650.0 ], [ 4503150.0, 3072450.0 ], [ 4502950.0, 3072450.0 ], [ 4502950.0, 3072350.0 ], [ 4503050.0, 3072050.0 ], [ 4502850.0, 3071750.0 ], [ 4503350.0, 3071550.0 ], [ 4503250.0, 3071450.0 ], [ 4503150.0, 3071250.0 ], [ 4503150.0, 3071150.0 ], [ 4503050.0, 3071250.0 ], [ 4503050.0, 3071350.0 ], [ 4502350.0, 3072550.0 ], [ 4502550.0, 3073150.0 ] ] ] } },
{ "type": "Feature", "properties": { "ID": "Mülsen_145240200_c3", "GEN": "Mülsen", "ARS": "145240200", "LAN": "Sachsen", "area": 0.165, "centroid": "POINT (4500329.79798 3075858.080808)", "DH_demand": 1694.6539438326768, "total_demand_cells": 3805.6448745727539, "total_demand_area": 7477.380859375, "share_DH": 26.059856185453473, "heat_density_DH": 10.270629962622285, "heat_density": 45.317459753787887, "DH_supplied_households": 438.0, "DH_cells": [ [ 4500450, 3075250 ], [ 4500350, 3075350 ], [ 4500550, 3075350 ], [ 4500250, 3075450 ], [ 4500350, 3075450 ], [ 4500450, 3075450 ], [ 4500250, 3075550 ], [ 4500350, 3075550 ], [ 4500250, 3075650 ], [ 4500350, 3075650 ], [ 4500250, 3075950 ], [ 4500450, 3076250 ], [ 4500150, 3076350 ] ] }, "geometry": { "type": "Polygon", "coordinates": [ [ [ 4500250.0, 3075550.0 ], [ 4500250.0, 3075650.0 ], [ 4500250.0, 3075950.0 ], [ 4500150.0, 3076350.0 ], [ 4500450.0, 3076250.0 ], [ 4500350.0, 3075650.0 ], [ 4500350.0, 3075550.0 ], [ 4500450.0, 3075450.0 ], [ 4500550.0, 3075350.0 ], [ 4500450.0, 3075250.0 ], [ 4500350.0, 3075350.0 ], [ 4500350.0, 3075450.0 ], [ 4500250.0, 3075450.0 ], [ 4500250.0, 3075550.0 ] ] ] } },
{ "type": "Feature", "properties": { "ID": "Neukirchen/Pleiße_145240210_c0", "GEN": "Neukirchen/Pleiße", "ARS": "145240210", "LAN": "Sachsen", "area": 0.19, "centroid": "POINT (4488567.54386 3078214.912281)", "DH_demand": 254.77981034279534, "total_demand_cells": 1627.7901916503906, "total_demand_area": 6273.9619140625, "share_DH": 4.6694273414363243, "heat_density_DH": 1.3409463702252387, "heat_density": 33.020852179276318, "DH_supplied_households": 38.0, "DH_cells": [ [ 4488250, 3077750 ], [ 4488350, 3077750 ], [ 4488350, 3077850 ], [ 4488650, 3078150 ], [ 4488850, 3078350 ], [ 4489050, 3078350 ], [ 4488450, 3078550 ] ] }, "geometry": { "type": "Polygon", "coordinates": [ [ [ 4488250.0, 3077750.0 ], [ 4488350.0, 3077850.0 ], [ 4488450.0, 3078550.0 ], [ 4488850.0, 3078350.0 ], [ 4489050.0, 3078350.0 ], [ 4488650.0, 3078150.0 ], [ 4488350.0, 3077750.0 ], [ 4488250.0, 3077750.0 ] ] ] } },
{ "type": "Feature", "properties": { "ID": "Neukirchen/Pleiße_145240210_c1", "GEN": "Neukirchen/Pleiße", "ARS": "145240210", "LAN": "Sachsen", "area": 0.125, "centroid": "POINT (4489032.666667 3079415.333333)", "DH_demand": 198.37840227767936, "total_demand_cells": 748.19168090820312, "total_demand_area": 3674.41259765625, "share_DH": 6.2079320802981801, "heat_density_DH": 1.5870272182214349, "heat_density": 29.39530078125, "DH_supplied_households": 58.0, "DH_cells": [ [ 4489050, 3079050 ], [ 4489250, 3079250 ], [ 4488950, 3079350 ], [ 4488850, 3079750 ], [ 4488950, 3079750 ], [ 4488850, 3079850 ] ] }, "geometry": { "type": "Polygon", "coordinates": [ [ [ 4488850.0, 3079750.0 ], [ 4488850.0, 3079850.0 ], [ 4488950.0, 3079750.0 ], [ 4489250.0, 3079250.0 ], [ 4489050.0, 3079050.0 ], [ 4488950.0, 3079350.0 ], [ 4488850.0, 3079750.0 ] ] ] } },
{ "type": "Feature", "properties": { "ID": "Oberlungwitz_145240230_c0", "GEN": "Oberlungwitz", "ARS": "145240230", "LAN": "Sachsen", "area": 1.125, "centroid": "POINT (4513108.666667 3078563.185185)", "DH_demand": 5385.5733589148649, "total_demand_cells": 10243.458581924438, "total_demand_area": 28397.119140625, "share_DH": 21.807111913884746, "heat_density_DH": 4.7871763190354351, "heat_density": 25.241883680555556, "DH_supplied_households": 894.0, "DH_cells": [ [ 4512050, 3077750 ], [ 4511750, 3077850 ], [ 4511850, 3077850 ], [ 4512050, 3077850 ], [ 4511850, 3077950 ], [ 4511950, 3077950 ], [ 4512250, 3077950 ], [ 4512350, 3077950 ], [ 4512450, 3077950 ], [ 4512650, 3077950 ], [ 4512750, 3077950 ], [ 4511250, 3078050 ], [ 4512350, 3078050 ], [ 4512450, 3078050 ], [ 4512550, 3078050 ], [ 4512650, 3078050 ], [ 4512750, 3078050 ], [ 4512850, 3078050 ], [ 4512950, 3078050 ], [ 4510950, 3078150 ], [ 4512450, 3078150 ], [ 4512550, 3078150 ], [ 4512650, 3078150 ], [ 4512750, 3078150 ], [ 4512950, 3078150 ], [ 4512450, 3078250 ], [ 4512850, 3078250 ], [ 4510850, 3078450 ], [ 4513150, 3078450 ], [ 4513350, 3078450 ], [ 4513550, 3078450 ], [ 4512950, 3078550 ], [ 4513650, 3078650 ], [ 4513550, 3078750 ], [ 4513650, 3078750 ], [ 4513750, 3078850 ], [ 4513850, 3078850 ], [ 4514950, 3078950 ], [ 4515050, 3078950 ], [ 4514250, 3079050 ], [ 4514350, 3079050 ], [ 4514850, 3079050 ], [ 4514950, 3079150 ], [ 4514450, 3079250 ], [ 4514750, 3079250 ], [ 4514450, 3079350 ], [ 4514350, 3079450 ], [ 4514450, 3079450 ], [ 4514350, 3079550 ], [ 4514450, 3079550 ], [ 4515250, 3079550 ], [ 4514450, 3079650 ], [ 4515250, 3079650 ] ] }, "geometry": { "type": "Polygon", "coordinates": [ [ [ 4510850.0, 3078450.0 ], [ 4512350.0, 3078050.0 ], [ 4512450.0, 3078150.0 ], [ 4512450.0, 3078250.0 ], [ 4512550.0, 3078150.0 ], [ 4512650.0, 3078150.0 ], [ 4512750.0, 3078150.0 ], [ 4512950.0, 3078550.0 ], [ 4513550.0, 3078750.0 ], [ 4513650.0, 3078750.0 ], [ 4513750.0, 3078850.0 ], [ 4513850.0, 3078850.0 ], [ 4514250.0, 3079050.0 ], [ 4514350.0, 3079050.0 ], [ 4514450.0, 3079250.0 ], [ 4514350.0, 3079450.0 ], [ 4514350.0, 3079550.0 ], [ 4514450.0, 3079650.0 ], [ 4514450.0, 3079550.0 ], [ 4514450.0, 3079450.0 ], [ 4514450.0, 3079350.0 ], [ 4514750.0, 3079250.0 ], [ 4515250.0, 3079650.0 ], [ 4515250.0, 3079550.0 ], [ 4514950.0, 3079150.0 ], [ 4514850.0, 3079050.0 ], [ 4515050.0, 3078950.0 ], [ 4514950.0, 3078950.0 ], [ 4513650.0, 3078650.0 ], [ 4513550.0, 3078450.0 ], [ 4513350.0, 3078450.0 ], [ 4513150.0, 3078450.0 ], [ 4512850.0, 3078250.0 ], [ 4512950.0, 3078150.0 ], [ 4512950.0, 3078050.0 ], [ 4512850.0, 3078050.0 ], [ 4512750.0, 3078050.0 ], [ 4512750.0, 3077950.0 ], [ 4512650.0, 3077950.0 ], [ 4512650.0, 3078050.0 ], [ 4512550.0, 3078050.0 ], [ 4512450.0, 3078050.0 ], [ 4512450.0, 3077950.0 ], [ 4512350.0, 3077950.0 ], [ 4512250.0, 3077950.0 ], [ 4512050.0, 3077750.0 ], [ 4512050.0, 3077850.0 ], [ 4511950.0, 3077950.0 ], [ 4511850.0, 3077950.0 ], [ 4511850.0, 3077850.0 ], [ 4511750.0, 3077850.0 ], [ 4511250.0, 3078050.0 ], [ 4510950.0, 3078150.0 ], [ 4510850.0, 3078450.0 ] ] ] } },
{ "type": "Feature", "properties": { "ID": "Reinsdorf_145240250_c0", "GEN": "Reinsdorf", "ARS": "145240250", "LAN": "Sachsen", "area": 3.36, "centroid": "POINT (4500734.375 3067772.718254)", "DH_demand": 2959.5413318930441, "total_demand_cells": 7679.8177082538605, "total_demand_area": 33114.484375, "share_DH": 10.276539655961923, "heat_density_DH": 0.8808158725872155, "heat_density": 9.8555013020833329, "DH_supplied_households": 556.0, "DH_cells": [ [ 4499950, 3065750 ], [ 4500250, 3065850 ], [ 4500450, 3066050 ], [ 4500450, 3066150 ], [ 4500950, 3066450 ], [ 4500950, 3066550 ], [ 4501150, 3066750 ], [ 4501250, 3066750 ], [ 4500450, 3066950 ], [ 4500650, 3066950 ], [ 4500750, 3066950 ], [ 4500650, 3067050 ], [ 4500350, 3067450 ], [ 4500550, 3067450 ], [ 4500350, 3067650 ], [ 4500350, 3067750 ], [ 4499950, 3067850 ], [ 4500150, 3067850 ], [ 4499850, 3067950 ], [ 4501550, 3067950 ], [ 4501450, 3068050 ], [ 4501750, 3068050 ], [ 4501550, 3068150 ], [ 4501650, 3068150 ], [ 4502150, 3068250 ], [ 4499750, 3068450 ], [ 4499850, 3068550 ], [ 4499950, 3068550 ], [ 4501450, 3068550 ], [ 4499850, 3068650 ], [ 4499950, 3068650 ], [ 4500450, 3068650 ], [ 4499850, 3068750 ], [ 4501250, 3068750 ], [ 4499450, 3068850 ], [ 4499550, 3068850 ], [ 4501050, 3068850 ], [ 4500750, 3068950 ], [ 4500050, 3069150 ], [ 4499950, 3069250 ] ] }, "geometry": { "type": "Polygon", "coordinates": [ [ [ 4500450.0, 3066950.0 ], [ 4500650.0, 3066950.0 ], [ 4500650.0, 3067050.0 ], [ 4500550.0, 3067450.0 ], [ 4500350.0, 3067450.0 ], [ 4500350.0, 3067650.0 ], [ 4500350.0, 3067750.0 ], [ 4500150.0, 3067850.0 ], [ 4499950.0, 3067850.0 ], [ 4499850.0, 3067950.0 ], [ 4499750.0, 3068450.0 ], [ 4499850.0, 3068550.0 ], [ 4499850.0, 3068650.0 ], [ 4499450.0, 3068850.0 ], [ 4499550.0, 3068850.0 ], [ 4499850.0, 3068750.0 ], [ 4499950.0, 3069250.0 ], [ 4500050.0, 3069150.0 ], [ 4500450.0, 3068650.0 ], [ 4500750.0, 3068950.0 ], [ 4501050.0, 3068850.0 ], [ 4501250.0, 3068750.0 ], [ 4501450.0, 3068550.0 ], [ 4502150.0, 3068250.0 ], [ 4501750.0, 3068050.0 ], [ 4501650.0, 3068150.0 ], [ 4501550.0, 3068150.0 ], [ 4501450.0, 3068050.0 ], [ 4501550.0, 3067950.0 ], [ 4501250.0, 3066750.0 ], [ 4501150.0, 3066750.0 ], [ 4500950.0, 3066550.0 ], [ 4500950.0, 3066450.0 ], [ 4500450.0, 3066150.0 ], [ 4500450.0, 3066050.0 ], [ 4500250.0, 3065850.0 ], [ 4499950.0, 3065750.0 ], [ 4500450.0, 3066950.0 ] ] ] } },
{ "type": "Feature", "properties": { "ID": "Reinsdorf_145240250_c1", "GEN": "Reinsdorf", "ARS": "145240250", "LAN": "Sachsen", "area": 0.065, "centroid": "POINT (4502114.102564 3066488.461538)", "DH_demand": 498.300157643651, "total_demand_cells": 1667.7570037841797, "total_demand_area": 3623.808837890625, "share_DH": 15.811251059897705, "heat_density_DH": 7.6661562714407845, "heat_density": 55.750905198317305, "DH_supplied_households": 50.0, "DH_cells": [ [ 4502250, 3066150 ], [ 4502250, 3066250 ], [ 4502250, 3066450 ], [ 4501950, 3066650 ], [ 4502050, 3066650 ], [ 4501950, 3066750 ], [ 4501950, 3066850 ] ] }, "geometry": { "type": "Polygon", "coordinates": [ [ [ 4501950.0, 3066650.0 ], [ 4501950.0, 3066750.0 ], [ 4501950.0, 3066850.0 ], [ 4502050.0, 3066650.0 ], [ 4502250.0, 3066450.0 ], [ 4502250.0, 3066250.0 ], [ 4502250.0, 3066150.0 ], [ 4501950.0, 3066650.0 ] ] ] } },
{ "type": "Feature", "properties": { "ID": "Werdau_145240300_c0", "GEN": "Werdau", "ARS": "145240300", "LAN": "Sachsen", "area": 3.4, "centroid": "POINT (4488648.333333 3071500.392157)", "DH_demand": 20858.006808172857, "total_demand_cells": 38707.78596496582, "total_demand_area": 94617.984375, "share_DH": 25.347760948977793, "heat_density_DH": 6.1347078847567227, "heat_density": 27.828818933823531, "DH_supplied_households": 3106.0, "DH_cells": [ [ 4488150, 3069550 ], [ 4487750, 3069650 ], [ 4487850, 3069650 ], [ 4487950, 3069650 ], [ 4487750, 3069750 ], [ 4487850, 3069750 ], [ 4488550, 3069750 ], [ 4488550, 3069850 ], [ 4487950, 3069950 ], [ 4487550, 3070350 ], [ 4487650, 3070350 ], [ 4487750, 3070450 ], [ 4487850, 3070450 ], [ 4488650, 3070450 ], [ 4486450, 3070550 ], [ 4486550, 3070550 ], [ 4487150, 3070550 ], [ 4487450, 3070550 ], [ 4487850, 3070550 ], [ 4487650, 3070650 ], [ 4488650, 3070650 ], [ 4487850, 3070750 ], [ 4488250, 3070750 ], [ 4488350, 3070750 ], [ 4488350, 3071050 ], [ 4488350, 3071150 ], [ 4488450, 3071150 ], [ 4488550, 3071150 ], [ 4488550, 3071250 ], [ 4488850, 3071250 ], [ 4489450, 3071250 ], [ 4489550, 3071250 ], [ 4489650, 3071250 ], [ 4488250, 3071350 ], [ 4488350, 3071350 ], [ 4488650, 3071350 ], [ 4489150, 3071350 ], [ 4489450, 3071350 ], [ 4489550, 3071350 ], [ 4489650, 3071350 ], [ 4489750, 3071350 ], [ 4488950, 3071450 ], [ 4489050, 3071450 ], [ 4489250, 3071450 ], [ 4489350, 3071450 ], [ 4489550, 3071450 ], [ 4489650, 3071450 ], [ 4487850, 3071550 ], [ 4488150, 3071550 ], [ 4488450, 3071550 ], [ 4488850, 3071550 ], [ 4489150, 3071550 ], [ 4489250, 3071550 ], [ 4489350, 3071550 ], [ 4489450, 3071550 ], [ 4489550, 3071550 ], [ 4489650, 3071550 ], [ 4487850, 3071650 ], [ 4488650, 3071650 ], [ 4488750, 3071650 ], [ 4488850, 3071650 ], [ 4488950, 3071650 ], [ 4489150, 3071650 ], [ 4489250, 3071650 ], [ 4489350, 3071650 ], [ 4488150, 3071750 ], [ 4488850, 3071750 ], [ 4488950, 3071750 ], [ 4489050, 3071750 ], [ 4489150, 3071750 ], [ 4490450, 3071750 ], [ 4487950, 3071850 ], [ 4488650, 3071850 ], [ 4488750, 3071850 ], [ 4488850, 3071850 ], [ 4488950, 3071850 ], [ 4489050, 3071850 ], [ 4489550, 3071850 ], [ 4488650, 3071950 ], [ 4488750, 3071950 ], [ 4488850, 3071950 ], [ 4489250, 3071950 ], [ 4489350, 3071950 ], [ 4489450, 3071950 ], [ 4489550, 3071950 ], [ 4489950, 3071950 ], [ 4490250, 3071950 ], [ 4490350, 3071950 ], [ 4487650, 3072050 ], [ 4487950, 3072050 ], [ 4488650, 3072050 ], [ 4488750, 3072050 ], [ 4489250, 3072050 ], [ 4489350, 3072050 ], [ 4489450, 3072050 ], [ 4489550, 3072050 ], [ 4489650, 3072050 ], [ 4489950, 3072050 ], [ 4490050, 3072050 ], [ 4490150, 3072050 ], [ 4490250, 3072050 ], [ 4490350, 3072050 ], [ 4488550, 3072150 ], [ 4488650, 3072150 ], [ 4488750, 3072150 ], [ 4488850, 3072150 ], [ 4488950, 3072150 ], [ 4489050, 3072150 ], [ 4489150, 3072150 ], [ 4490050, 3072150 ], [ 4490150, 3072150 ], [ 4490250, 3072150 ], [ 4490350, 3072150 ], [ 4487950, 3072250 ], [ 4488650, 3072250 ], [ 4488750, 3072250 ], [ 4488950, 3072250 ], [ 4489050, 3072250 ], [ 4490650, 3072250 ], [ 4490850, 3072250 ], [ 4488550, 3072350 ], [ 4488750, 3072350 ], [ 4488850, 3072350 ], [ 4489150, 3072350 ], [ 4489250, 3072350 ], [ 4489550, 3072350 ], [ 4490650, 3072350 ], [ 4487850, 3072450 ], [ 4488750, 3072450 ], [ 4488850, 3072450 ], [ 4489350, 3072450 ], [ 4490850, 3072450 ], [ 4488250, 3072550 ], [ 4489350, 3072550 ], [ 4489050, 3072650 ], [ 4488750, 3072750 ], [ 4488850, 3072750 ], [ 4489250, 3072750 ], [ 4489450, 3072850 ], [ 4488750, 3072950 ], [ 4488750, 3073050 ], [ 4488950, 3073150 ], [ 4489050, 3073150 ] ] }, "geometry": { "type": "Polygon", "coordinates": [ [ [ 4487750.0, 3069750.0 ], [ 4487850.0, 3069750.0 ], [ 4487950.0, 3069950.0 ], [ 4487850.0, 3070450.0 ], [ 4487750.0, 3070450.0 ], [ 4487650.0, 3070350.0 ], [ 4487550.0, 3070350.0 ], [ 4487450.0, 3070550.0 ], [ 4487150.0, 3070550.0 ], [ 4486550.0, 3070550.0 ], [ 4486450.0, 3070550.0 ], [ 4487650.0, 3070650.0 ], [ 4487850.0, 3070750.0 ], [ 4488250.0, 3070750.0 ], [ 4488350.0, 3070750.0 ], [ 4488350.0, 3071050.0 ], [ 4488350.0, 3071150.0 ], [ 4488350.0, 3071350.0 ], [ 4488250.0, 3071350.0 ], [ 4488150.0, 3071550.0 ], [ 4487850.0, 3071550.0 ], [ 4487850.0, 3071650.0 ], [ 4487950.0, 3071850.0 ], [ 4487650.0, 3072050.0 ], [ 4487950.0, 3072250.0 ], [ 4487850.0, 3072450.0 ], [ 4488250.0, 3072550.0 ], [ 4488550.0, 3072350.0 ], [ 4488650.0, 3072250.0 ], [ 4488750.0, 3072250.0 ], [ 4488750.0, 3072350.0 ], [ 4488750.0, 3072450.0 ], [ 4488750.0, 3072750.0 ], [ 4488750.0, 3072950.0 ], [ 4488750.0, 3073050.0 ], [ 4488950.0, 3073150.0 ], [ 4489050.0, 3073150.0 ], [ 4489250.0, 3072750.0 ], [ 4489450.0, 3072850.0 ], [ 4489350.0, 3072550.0 ], [ 4489350.0, 3072450.0 ], [ 4489550.0, 3072350.0 ], [ 4489550.0, 3072050.0 ], [ 4490050.0, 3072150.0 ], [ 4490150.0, 3072150.0 ], [ 4490250.0, 3072150.0 ], [ 4490350.0, 3072150.0 ], [ 4490650.0, 3072350.0 ], [ 4490850.0, 3072450.0 ], [ 4490850.0, 3072250.0 ], [ 4490650.0, 3072250.0 ], [ 4490350.0, 3072050.0 ], [ 4490350.0, 3071950.0 ], [ 4490450.0, 3071750.0 ], [ 4490250.0, 3071950.0 ], [ 4490250.0, 3072050.0 ], [ 4490150.0, 3072050.0 ], [ 4490050.0, 3072050.0 ], [ 4489950.0, 3072050.0 ], [ 4489950.0, 3071950.0 ], [ 4489650.0, 3072050.0 ], [ 4489550.0, 3071950.0 ], [ 4489550.0, 3071850.0 ], [ 4489550.0, 3071550.0 ], [ 4489650.0, 3071550.0 ], [ 4489650.0, 3071450.0 ], [ 4489750.0, 3071350.0 ], [ 4489650.0, 3071250.0 ], [ 4489550.0, 3071250.0 ], [ 4489450.0, 3071250.0 ], [ 4489450.0, 3071350.0 ], [ 4489350.0, 3071450.0 ], [ 4489250.0, 3071450.0 ], [ 4489150.0, 3071350.0 ], [ 4489050.0, 3071450.0 ], [ 4488950.0, 3071450.0 ], [ 4488850.0, 3071250.0 ], [ 4488650.0, 3071350.0 ], [ 4488550.0, 3071250.0 ], [ 4488550.0, 3071150.0 ], [ 4488650.0, 3070650.0 ], [ 4488650.0, 3070450.0 ], [ 4488550.0, 3069850.0 ], [ 4488550.0, 3069750.0 ], [ 4488150.0, 3069550.0 ], [ 4487950.0, 3069650.0 ], [ 4487850.0, 3069650.0 ], [ 4487750.0, 3069650.0 ], [ 4487750.0, 3069750.0 ] ] ] } },
{ "type": "Feature", "properties": { "ID": "Wilkau-Haßlau_145240320_c2", "GEN": "Wilkau-Haßlau", "ARS": "145240320", "LAN": "Sachsen", "area": 0.875, "centroid": "POINT (4498637.809524 3065518.952381)", "DH_demand": 2367.3815274810363, "total_demand_cells": 8782.3509140014648, "total_demand_area": 35125.02734375, "share_DH": 7.7498281716609787, "heat_density_DH": 2.7055788885497556, "heat_density": 40.142888392857145, "DH_supplied_households": 313.0, "DH_cells": [ [ 4498150, 3064850 ], [ 4498050, 3064950 ], [ 4498150, 3064950 ], [ 4498250, 3064950 ], [ 4497950, 3065050 ], [ 4498050, 3065050 ], [ 4498650, 3065050 ], [ 4497850, 3065150 ], [ 4498150, 3065150 ], [ 4499250, 3065150 ], [ 4498150, 3065350 ], [ 4498650, 3065350 ], [ 4498050, 3065450 ], [ 4498450, 3065550 ], [ 4499050, 3065550 ], [ 4498350, 3065650 ], [ 4499350, 3065750 ], [ 4498650, 3065850 ], [ 4499050, 3065850 ], [ 4499150, 3065850 ], [ 4499250, 3065850 ], [ 4499650, 3065850 ], [ 4498750, 3065950 ], [ 4498450, 3066050 ], [ 4498750, 3066050 ], [ 4498950, 3066050 ], [ 4498350, 3066150 ], [ 4498450, 3066150 ], [ 4498350, 3066350 ], [ 4498450, 3066350 ] ] }, "geometry": { "type": "Polygon", "coordinates": [ [ [ 4498050.0, 3064950.0 ], [ 4498050.0, 3065050.0 ], [ 4497950.0, 3065050.0 ], [ 4497850.0, 3065150.0 ], [ 4498150.0, 3065150.0 ], [ 4498150.0, 3065350.0 ], [ 4498050.0, 3065450.0 ], [ 4498350.0, 3065650.0 ], [ 4498450.0, 3066050.0 ], [ 4498350.0, 3066150.0 ], [ 4498350.0, 3066350.0 ], [ 4498450.0, 3066350.0 ], [ 4498450.0, 3066150.0 ], [ 4498650.0, 3065850.0 ], [ 4498750.0, 3065950.0 ], [ 4498750.0, 3066050.0 ], [ 4498950.0, 3066050.0 ], [ 4499050.0, 3065850.0 ], [ 4499150.0, 3065850.0 ], [ 4499250.0, 3065850.0 ], [ 4499650.0, 3065850.0 ], [ 4499350.0, 3065750.0 ], [ 4499050.0, 3065550.0 ], [ 4499250.0, 3065150.0 ], [ 4498650.0, 3065350.0 ], [ 4498650.0, 3065050.0 ], [ 4498250.0, 3064950.0 ], [ 4498150.0, 3064850.0 ], [ 4498050.0, 3064950.0 ] ] ] } },
{ "type": "Feature", "properties": { "ID": "Zwickau_145240330_c0", "GEN": "Zwickau", "ARS": "145240330", "LAN": "Sachsen", "area": 4.72, "centroid": "POINT (4496059.427966 3066386.617232)", "DH_demand": 39129.00191171898, "total_demand_cells": 61951.24657201767, "total_demand_area": 154100.875, "share_DH": 29.196726087027063, "heat_density_DH": 8.2900427779065637, "heat_density": 32.648490466101698, "DH_supplied_households": 5831.0, "DH_cells": [ [ 4496150, 3064250 ], [ 4495950, 3064650 ], [ 4495250, 3064750 ], [ 4495550, 3064850 ], [ 4496050, 3064850 ], [ 4495850, 3064950 ], [ 4496150, 3065150 ], [ 4495250, 3065250 ], [ 4497050, 3065250 ], [ 4495450, 3065350 ], [ 4495550, 3065350 ], [ 4496050, 3065350 ], [ 4497150, 3065350 ], [ 4497150, 3065450 ], [ 4495750, 3065650 ], [ 4495350, 3065750 ], [ 4496050, 3065750 ], [ 4496050, 3065850 ], [ 4496250, 3065850 ], [ 4496650, 3065850 ], [ 4497350, 3065850 ], [ 4495550, 3065950 ], [ 4496650, 3065950 ], [ 4496050, 3066050 ], [ 4495850, 3066250 ], [ 4497050, 3066250 ], [ 4496050, 3066350 ], [ 4497150, 3066350 ], [ 4495750, 3066450 ], [ 4497250, 3066450 ], [ 4495550, 3066550 ], [ 4497650, 3066550 ], [ 4497750, 3066650 ], [ 4495750, 3066750 ], [ 4495050, 3066850 ], [ 4495250, 3066850 ], [ 4495350, 3066850 ], [ 4495550, 3066950 ], [ 4495950, 3066950 ], [ 4494950, 3067050 ], [ 4495050, 3067050 ], [ 4495150, 3067050 ], [ 4495250, 3067050 ], [ 4495350, 3067050 ], [ 4495950, 3067050 ], [ 4496550, 3067050 ], [ 4494850, 3067150 ], [ 4494950, 3067150 ], [ 4495050, 3067150 ], [ 4495150, 3067150 ], [ 4495250, 3067150 ], [ 4495350, 3067150 ], [ 4495450, 3067150 ], [ 4496050, 3067150 ], [ 4496250, 3067150 ], [ 4494850, 3067250 ], [ 4494950, 3067250 ], [ 4495050, 3067250 ], [ 4495150, 3067250 ], [ 4495250, 3067250 ], [ 4495350, 3067250 ], [ 4495550, 3067250 ], [ 4495750, 3067250 ], [ 4494850, 3067350 ], [ 4495150, 3067350 ], [ 4495250, 3067350 ], [ 4495450, 3067350 ], [ 4495650, 3067350 ], [ 4496350, 3067350 ], [ 4494550, 3067450 ], [ 4494650, 3067450 ], [ 4494750, 3067450 ], [ 4494850, 3067450 ], [ 4495450, 3067450 ], [ 4495550, 3067450 ], [ 4494550, 3067550 ], [ 4494650, 3067550 ], [ 4494750, 3067550 ], [ 4494850, 3067550 ], [ 4494950, 3067550 ], [ 4495250, 3067550 ], [ 4495350, 3067550 ], [ 4495550, 3067550 ], [ 4495650, 3067550 ], [ 4495950, 3067550 ], [ 4494650, 3067650 ], [ 4494750, 3067650 ], [ 4494850, 3067650 ], [ 4494950, 3067650 ], [ 4495050, 3067650 ], [ 4495150, 3067650 ], [ 4495250, 3067650 ], [ 4495350, 3067650 ], [ 4495550, 3067650 ], [ 4495850, 3067650 ], [ 4495950, 3067650 ], [ 4494850, 3067750 ], [ 4494950, 3067750 ], [ 4495250, 3067750 ], [ 4495450, 3067750 ], [ 4495650, 3067750 ], [ 4495750, 3067750 ], [ 4495850, 3067750 ], [ 4495950, 3067750 ], [ 4494550, 3067850 ], [ 4494650, 3067850 ], [ 4494850, 3067850 ], [ 4495250, 3067850 ], [ 4494550, 3067950 ], [ 4494650, 3067950 ], [ 4494750, 3067950 ], [ 4494850, 3067950 ], [ 4494950, 3067950 ], [ 4494650, 3068050 ], [ 4494750, 3068050 ], [ 4494850, 3068050 ], [ 4494950, 3068050 ], [ 4495050, 3068050 ], [ 4494750, 3068150 ], [ 4494850, 3068150 ], [ 4495050, 3068150 ], [ 4495150, 3068150 ], [ 4494750, 3068250 ], [ 4494850, 3068250 ], [ 4494950, 3068250 ], [ 4495050, 3068250 ], [ 4495150, 3068250 ], [ 4494950, 3068350 ] ] }, "geometry": { "type": "Polygon", "coordinates": [ [ [ 4495250.0, 3065250.0 ], [ 4495450.0, 3065350.0 ], [ 4495350.0, 3065750.0 ], [ 4495550.0, 3065950.0 ], [ 4495850.0, 3066250.0 ], [ 4495750.0, 3066450.0 ], [ 4495550.0, 3066550.0 ], [ 4495750.0, 3066750.0 ], [ 4495550.0, 3066950.0 ], [ 4495350.0, 3066850.0 ], [ 4495250.0, 3066850.0 ], [ 4495050.0, 3066850.0 ], [ 4495050.0, 3067050.0 ], [ 4494950.0, 3067050.0 ], [ 4494950.0, 3067150.0 ], [ 4494850.0, 3067150.0 ], [ 4494850.0, 3067250.0 ], [ 4494850.0, 3067350.0 ], [ 4494850.0, 3067450.0 ], [ 4494750.0, 3067450.0 ], [ 4494650.0, 3067450.0 ], [ 4494550.0, 3067450.0 ], [ 4494550.0, 3067550.0 ], [ 4494650.0, 3067550.0 ], [ 4494650.0, 3067650.0 ], [ 4494650.0, 3067850.0 ], [ 4494550.0, 3067850.0 ], [ 4494550.0, 3067950.0 ], [ 4494650.0, 3067950.0 ], [ 4494650.0, 3068050.0 ], [ 4494750.0, 3068050.0 ], [ 4494750.0, 3068150.0 ], [ 4494750.0, 3068250.0 ], [ 4494850.0, 3068250.0 ], [ 4494950.0, 3068350.0 ], [ 4495050.0, 3068250.0 ], [ 4495150.0, 3068250.0 ], [ 4495150.0, 3068150.0 ], [ 4495050.0, 3068150.0 ], [ 4495050.0, 3068050.0 ], [ 4495250.0, 3067850.0 ], [ 4495250.0, 3067750.0 ], [ 4495250.0, 3067650.0 ], [ 4495350.0, 3067650.0 ], [ 4495450.0, 3067750.0 ], [ 4495550.0, 3067650.0 ], [ 4495650.0, 3067750.0 ], [ 4495750.0, 3067750.0 ], [ 4495850.0, 3067750.0 ], [ 4495950.0, 3067750.0 ], [ 4495950.0, 3067650.0 ], [ 4495950.0, 3067550.0 ], [ 4496350.0, 3067350.0 ], [ 4496250.0, 3067150.0 ], [ 4496550.0, 3067050.0 ], [ 4497750.0, 3066650.0 ], [ 4497650.0, 3066550.0 ], [ 4497250.0, 3066450.0 ], [ 4497150.0, 3066350.0 ], [ 4497050.0, 3066250.0 ], [ 4497350.0, 3065850.0 ], [ 4497150.0, 3065450.0 ], [ 4497150.0, 3065350.0 ], [ 4497050.0, 3065250.0 ], [ 4496150.0, 3065150.0 ], [ 4496050.0, 3064850.0 ], [ 4496150.0, 3064250.0 ], [ 4495950.0, 3064650.0 ], [ 4495850.0, 3064950.0 ], [ 4495550.0, 3064850.0 ], [ 4495250.0, 3064750.0 ], [ 4495250.0, 3065250.0 ] ] ] } },
{ "type": "Feature", "properties": { "ID": "Zwickau_145240330_c1", "GEN": "Zwickau", "ARS": "145240330", "LAN": "Sachsen", "area": 0.285, "centroid": "POINT (4498759.94152 3068138.888889)", "DH_demand": 355.40005892995356, "total_demand_cells": 1551.9558792114258, "total_demand_area": 8791.1826171875, "share_DH": 4.6484769713642313, "heat_density_DH": 1.247017750631416, "heat_density": 30.846254797149122, "DH_supplied_households": 42.0, "DH_cells": [ [ 4499150, 3067550 ], [ 4498850, 3068050 ], [ 4498150, 3068150 ], [ 4498750, 3068150 ], [ 4499150, 3068150 ], [ 4498650, 3068350 ], [ 4498850, 3068350 ], [ 4498350, 3068450 ] ] }, "geometry": { "type": "Polygon", "coordinates": [ [ [ 4498850.0, 3068050.0 ], [ 4498750.0, 3068150.0 ], [ 4498150.0, 3068150.0 ], [ 4498350.0, 3068450.0 ], [ 4498650.0, 3068350.0 ], [ 4498850.0, 3068350.0 ], [ 4499150.0, 3068150.0 ], [ 4499150.0, 3067550.0 ], [ 4498850.0, 3068050.0 ] ] ] } },
{ "type": "Feature", "properties": { "ID": "Zwickau_145240330_c2", "GEN": "Zwickau", "ARS": "145240330", "LAN": "Sachsen", "area": 0.17, "centroid": "POINT (4496924.509804 3068297.058824)", "DH_demand": 486.28337620967926, "total_demand_cells": 2685.2582550048828, "total_demand_area": 6977.56201171875, "share_DH": 8.0135732004502298, "heat_density_DH": 2.8604904482922313, "heat_density": 41.04448242187501, "DH_supplied_households": 60.0, "DH_cells": [ [ 4496850, 3067950 ], [ 4496950, 3068050 ], [ 4496750, 3068150 ], [ 4497050, 3068150 ], [ 4497150, 3068150 ], [ 4496650, 3068250 ], [ 4496750, 3068250 ], [ 4496950, 3068250 ], [ 4496950, 3068350 ], [ 4497150, 3068350 ], [ 4496450, 3068450 ], [ 4496550, 3068550 ], [ 4497450, 3068750 ] ] }, "geometry": { "type": "Polygon", "coordinates": [ [ [ 4496750.0, 3068150.0 ], [ 4496650.0, 3068250.0 ], [ 4496450.0, 3068450.0 ], [ 4496550.0, 3068550.0 ], [ 4496750.0, 3068250.0 ], [ 4496950.0, 3068250.0 ], [ 4496950.0, 3068350.0 ], [ 4497450.0, 3068750.0 ], [ 4497150.0, 3068350.0 ], [ 4497150.0, 3068150.0 ], [ 4497050.0, 3068150.0 ], [ 4496950.0, 3068050.0 ], [ 4496850.0, 3067950.0 ], [ 4496750.0, 3068150.0 ] ] ] } },
{ "type": "Feature", "properties": { "ID": "Zwickau_145240330_c3", "GEN": "Zwickau", "ARS": "145240330", "LAN": "Sachsen", "area": 8.725, "centroid": "POINT (4497385.281757 3071377.984718)", "DH_demand": 79368.524096335794, "total_demand_cells": 144302.87174284458, "total_demand_area": 297336.25, "share_DH": 30.693112737432237, "heat_density_DH": 9.0966789795227267, "heat_density": 34.078653295128937, "DH_supplied_households": 10874.0, "DH_cells": [ [ 4495250, 3069250 ], [ 4495250, 3069350 ], [ 4497450, 3069450 ], [ 4497350, 3069550 ], [ 4497750, 3069550 ], [ 4495750, 3069650 ], [ 4495850, 3069650 ], [ 4497350, 3069650 ], [ 4497450, 3069650 ], [ 4496350, 3069750 ], [ 4497250, 3069750 ], [ 4497650, 3069750 ], [ 4497850, 3069750 ], [ 4496250, 3069850 ], [ 4496350, 3069850 ], [ 4496450, 3069850 ], [ 4496650, 3069850 ], [ 4497250, 3069850 ], [ 4497350, 3069850 ], [ 4496250, 3069950 ], [ 4496350, 3069950 ], [ 4496550, 3069950 ], [ 4497150, 3069950 ], [ 4497250, 3069950 ], [ 4497350, 3069950 ], [ 4496550, 3070050 ], [ 4497150, 3070050 ], [ 4497350, 3070050 ], [ 4498450, 3070050 ], [ 4496150, 3070150 ], [ 4496250, 3070150 ], [ 4496350, 3070150 ], [ 4496450, 3070150 ], [ 4496550, 3070150 ], [ 4497350, 3070150 ], [ 4497450, 3070150 ], [ 4496150, 3070250 ], [ 4496250, 3070250 ], [ 4496350, 3070250 ], [ 4496450, 3070250 ], [ 4496550, 3070250 ], [ 4497150, 3070250 ], [ 4497250, 3070250 ], [ 4497350, 3070250 ], [ 4497450, 3070250 ], [ 4497550, 3070250 ], [ 4497650, 3070250 ], [ 4496050, 3070350 ], [ 4496150, 3070350 ], [ 4496250, 3070350 ], [ 4496350, 3070350 ], [ 4496450, 3070350 ], [ 4496550, 3070350 ], [ 4496650, 3070350 ], [ 4496950, 3070350 ], [ 4497050, 3070350 ], [ 4497150, 3070350 ], [ 4497250, 3070350 ], [ 4497350, 3070350 ], [ 4497450, 3070350 ], [ 4496150, 3070450 ], [ 4496250, 3070450 ], [ 4496350, 3070450 ], [ 4496450, 3070450 ], [ 4496550, 3070450 ], [ 4496850, 3070450 ], [ 4496950, 3070450 ], [ 4497050, 3070450 ], [ 4497150, 3070450 ], [ 4497250, 3070450 ], [ 4497350, 3070450 ], [ 4497450, 3070450 ], [ 4497550, 3070450 ], [ 4496050, 3070550 ], [ 4496150, 3070550 ], [ 4496250, 3070550 ], [ 4496750, 3070550 ], [ 4496850, 3070550 ], [ 4496950, 3070550 ], [ 4497050, 3070550 ], [ 4497250, 3070550 ], [ 4497350, 3070550 ], [ 4497450, 3070550 ], [ 4497550, 3070550 ], [ 4498150, 3070550 ], [ 4495850, 3070650 ], [ 4495950, 3070650 ], [ 4496050, 3070650 ], [ 4496450, 3070650 ], [ 4496550, 3070650 ], [ 4496850, 3070650 ], [ 4496950, 3070650 ], [ 4497050, 3070650 ], [ 4497150, 3070650 ], [ 4497250, 3070650 ], [ 4497350, 3070650 ], [ 4497450, 3070650 ], [ 4497550, 3070650 ], [ 4496450, 3070750 ], [ 4497050, 3070750 ], [ 4497150, 3070750 ], [ 4497250, 3070750 ], [ 4497350, 3070750 ], [ 4497450, 3070750 ], [ 4498650, 3070750 ], [ 4496550, 3070850 ], [ 4496750, 3070850 ], [ 4496850, 3070850 ], [ 4497050, 3070850 ], [ 4497250, 3070850 ], [ 4497350, 3070850 ], [ 4498550, 3070850 ], [ 4498950, 3070850 ], [ 4495950, 3070950 ], [ 4496850, 3070950 ], [ 4497050, 3070950 ], [ 4497150, 3070950 ], [ 4497250, 3070950 ], [ 4497350, 3070950 ], [ 4495750, 3071050 ], [ 4497150, 3071050 ], [ 4497250, 3071050 ], [ 4498650, 3071050 ], [ 4496950, 3071150 ], [ 4497050, 3071150 ], [ 4497150, 3071150 ], [ 4497250, 3071150 ], [ 4497350, 3071150 ], [ 4497650, 3071150 ], [ 4498750, 3071150 ], [ 4499250, 3071150 ], [ 4497050, 3071250 ], [ 4497150, 3071250 ], [ 4498350, 3071250 ], [ 4496450, 3071350 ], [ 4496550, 3071350 ], [ 4497050, 3071350 ], [ 4497150, 3071350 ], [ 4497850, 3071350 ], [ 4498950, 3071350 ], [ 4496350, 3071450 ], [ 4496550, 3071450 ], [ 4496650, 3071450 ], [ 4497250, 3071450 ], [ 4496450, 3071550 ], [ 4496750, 3071550 ], [ 4497050, 3071550 ], [ 4497150, 3071550 ], [ 4496550, 3071650 ], [ 4496650, 3071650 ], [ 4496750, 3071650 ], [ 4496950, 3071650 ], [ 4497050, 3071650 ], [ 4497150, 3071650 ], [ 4497250, 3071650 ], [ 4496550, 3071750 ], [ 4496650, 3071750 ], [ 4496750, 3071750 ], [ 4496950, 3071750 ], [ 4497150, 3071750 ], [ 4497450, 3071750 ], [ 4497750, 3071750 ], [ 4497950, 3071750 ], [ 4499150, 3071750 ], [ 4499250, 3071750 ], [ 4499450, 3071750 ], [ 4496450, 3071850 ], [ 4496550, 3071850 ], [ 4496650, 3071850 ], [ 4496750, 3071850 ], [ 4496850, 3071850 ], [ 4496950, 3071850 ], [ 4497050, 3071850 ], [ 4497150, 3071850 ], [ 4497550, 3071850 ], [ 4497750, 3071850 ], [ 4497950, 3071850 ], [ 4498950, 3071850 ], [ 4499050, 3071850 ], [ 4499150, 3071850 ], [ 4499350, 3071850 ], [ 4499450, 3071850 ], [ 4496550, 3071950 ], [ 4496650, 3071950 ], [ 4496850, 3071950 ], [ 4496950, 3071950 ], [ 4497050, 3071950 ], [ 4498750, 3071950 ], [ 4498850, 3071950 ], [ 4498950, 3071950 ], [ 4499050, 3071950 ], [ 4499250, 3071950 ], [ 4499350, 3071950 ], [ 4496650, 3072050 ], [ 4496750, 3072050 ], [ 4496850, 3072050 ], [ 4496950, 3072050 ], [ 4498350, 3072050 ], [ 4498650, 3072050 ], [ 4499250, 3072050 ], [ 4499350, 3072050 ], [ 4499550, 3072050 ], [ 4495850, 3072150 ], [ 4496750, 3072150 ], [ 4496850, 3072150 ], [ 4496950, 3072150 ], [ 4497950, 3072150 ], [ 4498050, 3072150 ], [ 4498150, 3072150 ], [ 4498250, 3072150 ], [ 4498350, 3072150 ], [ 4498450, 3072150 ], [ 4498550, 3072150 ], [ 4498650, 3072150 ], [ 4498750, 3072150 ], [ 4498850, 3072150 ], [ 4498950, 3072150 ], [ 4499050, 3072150 ], [ 4499250, 3072150 ], [ 4498050, 3072250 ], [ 4498150, 3072250 ], [ 4498250, 3072250 ], [ 4498350, 3072250 ], [ 4498450, 3072250 ], [ 4498550, 3072250 ], [ 4498650, 3072250 ], [ 4498850, 3072250 ], [ 4498950, 3072250 ], [ 4499050, 3072250 ], [ 4499150, 3072250 ], [ 4499250, 3072250 ], [ 4495850, 3072350 ], [ 4496650, 3072350 ], [ 4497650, 3072350 ], [ 4497750, 3072350 ], [ 4497850, 3072350 ], [ 4497950, 3072350 ], [ 4498050, 3072350 ], [ 4498150, 3072350 ], [ 4498250, 3072350 ], [ 4498350, 3072350 ], [ 4498450, 3072350 ], [ 4498550, 3072350 ], [ 4498650, 3072350 ], [ 4498750, 3072350 ], [ 4498850, 3072350 ], [ 4498950, 3072350 ], [ 4499050, 3072350 ], [ 4499150, 3072350 ], [ 4499550, 3072350 ], [ 4495350, 3072450 ], [ 4496650, 3072450 ], [ 4496750, 3072450 ], [ 4497050, 3072450 ], [ 4497650, 3072450 ], [ 4497750, 3072450 ], [ 4497850, 3072450 ], [ 4497950, 3072450 ], [ 4498050, 3072450 ], [ 4498150, 3072450 ], [ 4498250, 3072450 ], [ 4498550, 3072450 ], [ 4498650, 3072450 ], [ 4498950, 3072450 ], [ 4499050, 3072450 ], [ 4499150, 3072450 ], [ 4499250, 3072450 ], [ 4495850, 3072550 ], [ 4496750, 3072550 ], [ 4496950, 3072550 ], [ 4497050, 3072550 ], [ 4497250, 3072550 ], [ 4497650, 3072550 ], [ 4497750, 3072550 ], [ 4497850, 3072550 ], [ 4497950, 3072550 ], [ 4498050, 3072550 ], [ 4498150, 3072550 ], [ 4498250, 3072550 ], [ 4495350, 3072650 ], [ 4495450, 3072650 ], [ 4496550, 3072650 ], [ 4496650, 3072650 ], [ 4497650, 3072650 ], [ 4497750, 3072650 ], [ 4497850, 3072650 ], [ 4497950, 3072650 ], [ 4498050, 3072650 ], [ 4498150, 3072650 ], [ 4498250, 3072650 ], [ 4495850, 3072750 ], [ 4495950, 3072750 ], [ 4496450, 3072750 ], [ 4496550, 3072750 ], [ 4496950, 3072750 ], [ 4498250, 3072750 ], [ 4495450, 3072850 ], [ 4496450, 3072850 ], [ 4496350, 3072950 ], [ 4497250, 3072950 ], [ 4495350, 3073050 ], [ 4495550, 3073050 ], [ 4495850, 3073050 ], [ 4496450, 3073050 ], [ 4496550, 3073050 ], [ 4495350, 3073150 ], [ 4495650, 3073150 ], [ 4495350, 3073250 ], [ 4496350, 3073250 ], [ 4496550, 3073350 ], [ 4496550, 3073450 ] ] }, "geometry": { "type": "Polygon", "coordinates": [ [ [ 4497350.0, 3069550.0 ], [ 4497350.0, 3069650.0 ], [ 4497250.0, 3069750.0 ], [ 4497250.0, 3069850.0 ], [ 4497250.0, 3069950.0 ], [ 4497150.0, 3069950.0 ], [ 4496650.0, 3069850.0 ], [ 4496550.0, 3069950.0 ], [ 4496450.0, 3069850.0 ], [ 4496350.0, 3069750.0 ], [ 4496250.0, 3069850.0 ], [ 4495850.0, 3069650.0 ], [ 4495750.0, 3069650.0 ], [ 4495250.0, 3069250.0 ], [ 4495250.0, 3069350.0 ], [ 4496150.0, 3070150.0 ], [ 4496150.0, 3070250.0 ], [ 4496050.0, 3070350.0 ], [ 4496150.0, 3070450.0 ], [ 4496150.0, 3070550.0 ], [ 4496050.0, 3070550.0 ], [ 4496050.0, 3070650.0 ], [ 4495950.0, 3070650.0 ], [ 4495850.0, 3070650.0 ], [ 4495950.0, 3070950.0 ], [ 4495750.0, 3071050.0 ], [ 4496350.0, 3071450.0 ], [ 4496450.0, 3071550.0 ], [ 4496550.0, 3071650.0 ], [ 4496550.0, 3071750.0 ], [ 4496550.0, 3071850.0 ], [ 4496450.0, 3071850.0 ], [ 4495850.0, 3072150.0 ], [ 4495850.0, 3072350.0 ], [ 4495850.0, 3072550.0 ], [ 4495350.0, 3072450.0 ], [ 4495350.0, 3072650.0 ], [ 4495450.0, 3072650.0 ], [ 4495450.0, 3072850.0 ], [ 4495350.0, 3073050.0 ], [ 4495350.0, 3073150.0 ], [ 4495350.0, 3073250.0 ], [ 4495550.0, 3073050.0 ], [ 4495650.0, 3073150.0 ], [ 4495850.0, 3073050.0 ], [ 4495850.0, 3072750.0 ], [ 4495950.0, 3072750.0 ], [ 4496350.0, 3072950.0 ], [ 4496450.0, 3073050.0 ], [ 4496350.0, 3073250.0 ], [ 4496550.0, 3073350.0 ], [ 4496550.0, 3073450.0 ], [ 4496650.0, 3072650.0 ], [ 4496750.0, 3072550.0 ], [ 4496950.0, 3072550.0 ], [ 4496950.0, 3072750.0 ], [ 4497250.0, 3072950.0 ], [ 4497650.0, 3072650.0 ], [ 4497750.0, 3072650.0 ], [ 4497850.0, 3072650.0 ], [ 4497950.0, 3072650.0 ], [ 4498050.0, 3072650.0 ], [ 4498150.0, 3072650.0 ], [ 4498250.0, 3072650.0 ], [ 4498250.0, 3072750.0 ], [ 4498350.0, 3072350.0 ], [ 4498450.0, 3072350.0 ], [ 4498550.0, 3072350.0 ], [ 4498550.0, 3072450.0 ], [ 4498650.0, 3072450.0 ], [ 4498650.0, 3072350.0 ], [ 4498750.0, 3072350.0 ], [ 4498850.0, 3072350.0 ], [ 4498950.0, 3072350.0 ], [ 4498950.0, 3072450.0 ], [ 4499050.0, 3072450.0 ], [ 4499150.0, 3072450.0 ], [ 4499250.0, 3072450.0 ], [ 4499250.0, 3072250.0 ], [ 4499550.0, 3072350.0 ], [ 4499550.0, 3072050.0 ], [ 4499350.0, 3072050.0 ], [ 4499350.0, 3071950.0 ], [ 4499350.0, 3071850.0 ], [ 4499450.0, 3071850.0 ], [ 4499450.0, 3071750.0 ], [ 4499250.0, 3071750.0 ], [ 4499150.0, 3071750.0 ], [ 4498950.0, 3071350.0 ], [ 4499250.0, 3071150.0 ], [ 4498950.0, 3070850.0 ], [ 4498650.0, 3070750.0 ], [ 4498450.0, 3070050.0 ], [ 4497850.0, 3069750.0 ], [ 4497750.0, 3069550.0 ], [ 4497650.0, 3069750.0 ], [ 4497450.0, 3069650.0 ], [ 4497450.0, 3069450.0 ], [ 4497350.0, 3069550.0 ] ] ] } },
{ "type": "Feature", "properties": { "ID": "Zwickau_145240330_c4", "GEN": "Zwickau", "ARS": "145240330", "LAN": "Sachsen", "area": 0.595, "centroid": "POINT (4494685.854342 3070587.254902)", "DH_demand": 6182.0651714443748, "total_demand_cells": 18492.141050815582, "total_demand_area": 40945.4453125, "share_DH": 17.360749486047439, "heat_density_DH": 10.390025498225841, "heat_density": 68.815874474789922, "DH_supplied_households": 719.0, "DH_cells": [ [ 4494450, 3070050 ], [ 4494550, 3070150 ], [ 4494550, 3070250 ], [ 4494650, 3070250 ], [ 4494150, 3070350 ], [ 4494650, 3070350 ], [ 4494750, 3070350 ], [ 4494850, 3070350 ], [ 4495250, 3070350 ], [ 4494250, 3070450 ], [ 4494650, 3070450 ], [ 4494950, 3070450 ], [ 4495050, 3070450 ], [ 4493950, 3070550 ], [ 4494250, 3070550 ], [ 4494350, 3070550 ], [ 4494450, 3070550 ], [ 4494850, 3070550 ], [ 4495250, 3070550 ], [ 4494350, 3070650 ], [ 4494450, 3070650 ], [ 4494550, 3070650 ], [ 4494650, 3070650 ], [ 4494750, 3070650 ], [ 4495050, 3070650 ], [ 4495150, 3070650 ], [ 4494350, 3070750 ], [ 4494450, 3070750 ], [ 4494550, 3070750 ], [ 4494450, 3070850 ], [ 4494550, 3070850 ], [ 4494650, 3070850 ], [ 4494750, 3070850 ], [ 4495150, 3070850 ], [ 4495050, 3070950 ], [ 4494850, 3071050 ], [ 4495050, 3071450 ], [ 4495150, 3071450 ] ] }, "geometry": { "type": "MultiPolygon", "coordinates": [ [ [ [ 4494250.0, 3070550.0 ], [ 4494350.0, 3070550.0 ], [ 4494350.0, 3070650.0 ], [ 4494350.0, 3070750.0 ], [ 4494450.0, 3070750.0 ], [ 4494450.0, 3070850.0 ], [ 4494550.0, 3070850.0 ], [ 4494650.0, 3070850.0 ], [ 4494750.0, 3070850.0 ], [ 4494850.0, 3071050.0 ], [ 4495050.0, 3070950.0 ], [ 4495150.0, 3070850.0 ], [ 4495150.0, 3070650.0 ], [ 4495250.0, 3070550.0 ], [ 4495250.0, 3070350.0 ], [ 4495050.0, 3070450.0 ], [ 4494950.0, 3070450.0 ], [ 4494850.0, 3070350.0 ], [ 4494750.0, 3070350.0 ], [ 4494650.0, 3070350.0 ], [ 4494650.0, 3070250.0 ], [ 4494550.0, 3070250.0 ], [ 4494550.0, 3070150.0 ], [ 4494450.0, 3070050.0 ], [ 4494150.0, 3070350.0 ], [ 4493950.0, 3070550.0 ], [ 4494250.0, 3070550.0 ] ] ], [ [ [ 4495150.0, 3071450.0 ], [ 4494850.0, 3071050.0 ], [ 4495050.0, 3071450.0 ], [ 4495150.0, 3071450.0 ] ] ] ] } },
{ "type": "Feature", "properties": { "ID": "Zwickau_145240330_c5", "GEN": "Zwickau", "ARS": "145240330", "LAN": "Sachsen", "area": 0.875, "centroid": "POINT (4493060.095238 3070996.47619)", "DH_demand": 984.86300140219623, "total_demand_cells": 4142.2839405536652, "total_demand_area": 19704.529296875, "share_DH": 5.747119765649793, "heat_density_DH": 1.1255577158882242, "heat_density": 22.519462053571427, "DH_supplied_households": 164.0, "DH_cells": [ [ 4493150, 3069650 ], [ 4492750, 3070150 ], [ 4492950, 3070150 ], [ 4492750, 3070350 ], [ 4493050, 3070450 ], [ 4493250, 3070450 ], [ 4493150, 3070550 ], [ 4493250, 3070550 ], [ 4493250, 3070750 ], [ 4493350, 3070750 ], [ 4493350, 3070950 ], [ 4492550, 3071050 ], [ 4492950, 3071050 ], [ 4493350, 3071350 ], [ 4493650, 3071550 ], [ 4493750, 3071550 ], [ 4492850, 3071650 ], [ 4492650, 3071750 ], [ 4493050, 3071750 ] ] }, "geometry": { "type": "Polygon", "coordinates": [ [ [ 4492750.0, 3070350.0 ], [ 4493050.0, 3070450.0 ], [ 4493150.0, 3070550.0 ], [ 4492950.0, 3071050.0 ], [ 4492550.0, 3071050.0 ], [ 4492650.0, 3071750.0 ], [ 4492850.0, 3071650.0 ], [ 4493050.0, 3071750.0 ], [ 4493350.0, 3071350.0 ], [ 4493650.0, 3071550.0 ], [ 4493750.0, 3071550.0 ], [ 4493350.0, 3070950.0 ], [ 4493350.0, 3070750.0 ], [ 4493250.0, 3070750.0 ], [ 4493250.0, 3070550.0 ], [ 4493250.0, 3070450.0 ], [ 4493150.0, 3069650.0 ], [ 4492950.0, 3070150.0 ], [ 4492750.0, 3070150.0 ], [ 4492750.0, 3070350.0 ] ] ] } },
{ "type": "Feature", "properties": { "ID": "Zwickau_145240330_c7", "GEN": "Zwickau", "ARS": "145240330", "LAN": "Sachsen", "area": 0.33, "centroid": "POINT (4495836.868687 3077438.888889)", "DH_demand": 381.64559816083846, "total_demand_cells": 1421.9104919433594, "total_demand_area": 9141.23828125, "share_DH": 4.8006021792688545, "heat_density_DH": 1.1565018126086015, "heat_density": 27.700722064393943, "DH_supplied_households": 86.0, "DH_cells": [ [ 4495550, 3077050 ], [ 4495550, 3077150 ], [ 4496050, 3077250 ], [ 4495450, 3077550 ], [ 4496150, 3077750 ], [ 4496250, 3077750 ], [ 4496150, 3077850 ], [ 4496250, 3077850 ] ] }, "geometry": { "type": "Polygon", "coordinates": [ [ [ 4495550.0, 3077150.0 ], [ 4495450.0, 3077550.0 ], [ 4496150.0, 3077750.0 ], [ 4496150.0, 3077850.0 ], [ 4496250.0, 3077850.0 ], [ 4496250.0, 3077750.0 ], [ 4496050.0, 3077250.0 ], [ 4495550.0, 3077050.0 ], [ 4495550.0, 3077150.0 ] ] ] } },
{ "type": "Feature", "properties": { "ID": "Crimmitschau-Dennheritz_145245104_c0", "GEN": "Crimmitschau-Dennheritz", "ARS": "145245104", "LAN": "Sachsen", "area": 3.285, "centroid": "POINT (4489324.987316 3081041.933029)", "DH_demand": 18786.680187860555, "total_demand_cells": 41288.46945309639, "total_demand_area": 99777.5390625, "share_DH": 21.649992191965531, "heat_density_DH": 5.7189285198966688, "heat_density": 30.373680079908681, "DH_supplied_households": 3559.0, "DH_cells": [ [ 4489350, 3079850 ], [ 4489150, 3080050 ], [ 4489450, 3080050 ], [ 4490550, 3080050 ], [ 4488850, 3080150 ], [ 4489050, 3080150 ], [ 4489250, 3080250 ], [ 4489550, 3080250 ], [ 4489650, 3080250 ], [ 4490150, 3080250 ], [ 4488450, 3080350 ], [ 4488550, 3080350 ], [ 4488750, 3080350 ], [ 4489150, 3080350 ], [ 4488250, 3080450 ], [ 4488350, 3080450 ], [ 4488450, 3080450 ], [ 4488550, 3080450 ], [ 4488650, 3080450 ], [ 4489250, 3080450 ], [ 4488150, 3080550 ], [ 4488250, 3080550 ], [ 4488350, 3080550 ], [ 4488450, 3080550 ], [ 4488550, 3080550 ], [ 4489550, 3080550 ], [ 4488550, 3080650 ], [ 4488550, 3080750 ], [ 4488550, 3080850 ], [ 4488650, 3080850 ], [ 4489150, 3080850 ], [ 4489250, 3080850 ], [ 4487750, 3080950 ], [ 4487850, 3080950 ], [ 4488350, 3080950 ], [ 4488650, 3080950 ], [ 4488750, 3080950 ], [ 4488850, 3080950 ], [ 4489150, 3080950 ], [ 4489250, 3080950 ], [ 4490450, 3080950 ], [ 4487750, 3081050 ], [ 4487850, 3081050 ], [ 4487950, 3081050 ], [ 4488150, 3081050 ], [ 4488250, 3081050 ], [ 4488350, 3081050 ], [ 4488450, 3081050 ], [ 4488550, 3081050 ], [ 4488650, 3081050 ], [ 4489050, 3081050 ], [ 4489150, 3081050 ], [ 4489250, 3081050 ], [ 4489350, 3081050 ], [ 4489450, 3081050 ], [ 4488150, 3081150 ], [ 4488250, 3081150 ], [ 4488350, 3081150 ], [ 4488450, 3081150 ], [ 4489050, 3081150 ], [ 4489150, 3081150 ], [ 4489250, 3081150 ], [ 4489350, 3081150 ], [ 4488250, 3081250 ], [ 4488450, 3081250 ], [ 4488550, 3081250 ], [ 4489150, 3081250 ], [ 4489250, 3081250 ], [ 4489350, 3081250 ], [ 4489450, 3081250 ], [ 4489750, 3081250 ], [ 4489950, 3081250 ], [ 4490150, 3081250 ], [ 4490250, 3081250 ], [ 4489150, 3081350 ], [ 4489250, 3081350 ], [ 4489350, 3081350 ], [ 4489450, 3081350 ], [ 4490250, 3081350 ], [ 4490350, 3081350 ], [ 4490450, 3081350 ], [ 4490550, 3081350 ], [ 4489150, 3081450 ], [ 4489250, 3081450 ], [ 4489350, 3081450 ], [ 4488950, 3081550 ], [ 4489150, 3081550 ], [ 4489250, 3081550 ], [ 4489350, 3081550 ], [ 4489150, 3081650 ], [ 4488850, 3081750 ], [ 4489050, 3081750 ], [ 4489150, 3081750 ], [ 4489250, 3081750 ], [ 4489650, 3081750 ], [ 4488650, 3081850 ], [ 4488850, 3081850 ], [ 4489050, 3081850 ], [ 4489150, 3081850 ], [ 4489650, 3081850 ], [ 4488350, 3081950 ], [ 4488650, 3081950 ], [ 4488750, 3081950 ], [ 4488850, 3081950 ], [ 4489150, 3081950 ], [ 4489250, 3081950 ], [ 4489350, 3081950 ], [ 4488650, 3082050 ], [ 4488750, 3082050 ], [ 4488850, 3082050 ], [ 4489150, 3082050 ], [ 4489250, 3082050 ], [ 4489350, 3082050 ], [ 4490050, 3082050 ], [ 4488950, 3082150 ], [ 4488950, 3082250 ], [ 4489050, 3082250 ], [ 4489350, 3082250 ], [ 4489650, 3082250 ], [ 4489750, 3082250 ], [ 4489450, 3082350 ] ] }, "geometry": { "type": "Polygon", "coordinates": [ [ [ 4488250.0, 3080550.0 ], [ 4488150.0, 3080550.0 ], [ 4488550.0, 3080650.0 ], [ 4488550.0, 3080750.0 ], [ 4488550.0, 3080850.0 ], [ 4488350.0, 3080950.0 ], [ 4488350.0, 3081050.0 ], [ 4488250.0, 3081050.0 ], [ 4488150.0, 3081050.0 ], [ 4487850.0, 3080950.0 ], [ 4487750.0, 3080950.0 ], [ 4487750.0, 3081050.0 ], [ 4487850.0, 3081050.0 ], [ 4487950.0, 3081050.0 ], [ 4488150.0, 3081150.0 ], [ 4488250.0, 3081150.0 ], [ 4488250.0, 3081250.0 ], [ 4488450.0, 3081250.0 ], [ 4488350.0, 3081950.0 ], [ 4488650.0, 3081950.0 ], [ 4488650.0, 3082050.0 ], [ 4488750.0, 3082050.0 ], [ 4488850.0, 3082050.0 ], [ 4488950.0, 3082150.0 ], [ 4488950.0, 3082250.0 ], [ 4489050.0, 3082250.0 ], [ 4489350.0, 3082250.0 ], [ 4489450.0, 3082350.0 ], [ 4489650.0, 3082250.0 ], [ 4489750.0, 3082250.0 ], [ 4490050.0, 3082050.0 ], [ 4489650.0, 3081850.0 ], [ 4489650.0, 3081750.0 ], [ 4489350.0, 3081950.0 ], [ 4489250.0, 3081950.0 ], [ 4489150.0, 3081950.0 ], [ 4489150.0, 3081850.0 ], [ 4489250.0, 3081750.0 ], [ 4489150.0, 3081650.0 ], [ 4489150.0, 3081550.0 ], [ 4489250.0, 3081550.0 ], [ 4489350.0, 3081550.0 ], [ 4489350.0, 3081450.0 ], [ 4489350.0, 3081350.0 ], [ 4489450.0, 3081350.0 ], [ 4489450.0, 3081250.0 ], [ 4489750.0, 3081250.0 ], [ 4489950.0, 3081250.0 ], [ 4490150.0, 3081250.0 ], [ 4490250.0, 3081250.0 ], [ 4490250.0, 3081350.0 ], [ 4490350.0, 3081350.0 ], [ 4490450.0, 3081350.0 ], [ 4490550.0, 3081350.0 ], [ 4490450.0, 3080950.0 ], [ 4490550.0, 3080050.0 ], [ 4490150.0, 3080250.0 ], [ 4489650.0, 3080250.0 ], [ 4489550.0, 3080250.0 ], [ 4489450.0, 3080050.0 ], [ 4489350.0, 3079850.0 ], [ 4489150.0, 3080050.0 ], [ 4489050.0, 3080150.0 ], [ 4488850.0, 3080150.0 ], [ 4488750.0, 3080350.0 ], [ 4488650.0, 3080450.0 ], [ 4488550.0, 3080450.0 ], [ 4488550.0, 3080350.0 ], [ 4488450.0, 3080350.0 ], [ 4488450.0, 3080450.0 ], [ 4488350.0, 3080450.0 ], [ 4488250.0, 3080450.0 ], [ 4488250.0, 3080550.0 ] ] ] } },
{ "type": "Feature", "properties": { "ID": "Crimmitschau-Dennheritz_145245104_c1", "GEN": "Crimmitschau-Dennheritz", "ARS": "145245104", "LAN": "Sachsen", "area": 0.015, "centroid": "POINT (4491994.444444 3080016.666667)", "DH_demand": 256.62454867914607, "total_demand_cells": 779.88330078125, "total_demand_area": 900.83758544921875, "share_DH": 32.75610018186844, "heat_density_DH": 17.108303245276407, "heat_density": 60.055839029947919, "DH_supplied_households": 40.0, "DH_cells": [ [ 4491950, 3079850 ], [ 4491950, 3080050 ], [ 4492050, 3080050 ], [ 4492050, 3080150 ] ] }, "geometry": { "type": "Polygon", "coordinates": [ [ [ 4491950.0, 3079850.0 ], [ 4491950.0, 3080050.0 ], [ 4492050.0, 3080150.0 ], [ 4492050.0, 3080050.0 ], [ 4491950.0, 3079850.0 ] ] ] } },
{ "type": "Feature", "properties": { "ID": "Kirchberg_145245111_c1", "GEN": "Kirchberg", "ARS": "145245111", "LAN": "Sachsen", "area": 0.59, "centroid": "POINT (4499355.649718 3059782.768362)", "DH_demand": 5754.9863731011674, "total_demand_cells": 9767.2031378746033, "total_demand_area": 29163.3125, "share_DH": 22.690702304245519, "heat_density_DH": 9.7542141916968941, "heat_density": 49.429343220338986, "DH_supplied_households": 1006.0, "DH_cells": [ [ 4500650, 3059050 ], [ 4498950, 3059150 ], [ 4499050, 3059150 ], [ 4499150, 3059150 ], [ 4498950, 3059250 ], [ 4499050, 3059250 ], [ 4499150, 3059250 ], [ 4499050, 3059350 ], [ 4499150, 3059350 ], [ 4500350, 3059350 ], [ 4498950, 3059450 ], [ 4498650, 3059550 ], [ 4498850, 3059550 ], [ 4498950, 3059550 ], [ 4499050, 3059550 ], [ 4499350, 3059550 ], [ 4499950, 3059550 ], [ 4498650, 3059650 ], [ 4498850, 3059650 ], [ 4498950, 3059650 ], [ 4499850, 3059650 ], [ 4499950, 3059650 ], [ 4498650, 3059750 ], [ 4498950, 3059750 ], [ 4499050, 3059750 ], [ 4499650, 3059750 ], [ 4498750, 3059850 ], [ 4499850, 3059850 ], [ 4499350, 3060050 ], [ 4499650, 3060050 ], [ 4499250, 3060350 ], [ 4499150, 3060750 ] ] }, "geometry": { "type": "Polygon", "coordinates": [ [ [ 4498950.0, 3059250.0 ], [ 4499050.0, 3059250.0 ], [ 4499050.0, 3059350.0 ], [ 4498950.0, 3059450.0 ], [ 4498950.0, 3059550.0 ], [ 4498850.0, 3059550.0 ], [ 4498650.0, 3059550.0 ], [ 4498650.0, 3059650.0 ], [ 4498650.0, 3059750.0 ], [ 4498750.0, 3059850.0 ], [ 4498850.0, 3059650.0 ], [ 4498950.0, 3059650.0 ], [ 4498950.0, 3059750.0 ], [ 4499050.0, 3059750.0 ], [ 4499350.0, 3060050.0 ], [ 4499250.0, 3060350.0 ], [ 4499150.0, 3060750.0 ], [ 4499650.0, 3060050.0 ], [ 4499850.0, 3059850.0 ], [ 4499850.0, 3059650.0 ], [ 4499950.0, 3059650.0 ], [ 4499950.0, 3059550.0 ], [ 4500350.0, 3059350.0 ], [ 4500650.0, 3059050.0 ], [ 4499650.0, 3059750.0 ], [ 4499350.0, 3059550.0 ], [ 4499150.0, 3059350.0 ], [ 4499150.0, 3059250.0 ], [ 4499150.0, 3059150.0 ], [ 4499050.0, 3059150.0 ], [ 4498950.0, 3059150.0 ], [ 4498950.0, 3059250.0 ] ] ] } },
{ "type": "Feature", "properties": { "ID": "Limbach-Oberfrohna_145245114_c1", "GEN": "Limbach-Oberfrohna", "ARS": "145245114", "LAN": "Sachsen", "area": 0.16, "centroid": "POINT (4516413.541667 3085193.75)", "DH_demand": 249.84712726156215, "total_demand_cells": 1004.6630859375, "total_demand_area": 3658.22119140625, "share_DH": 7.8531680144718505, "heat_density_DH": 1.5615445453847634, "heat_density": 22.863882446289061, "DH_supplied_households": 18.0, "DH_cells": [ [ 4516150, 3084850 ], [ 4516350, 3084950 ], [ 4516250, 3085250 ], [ 4516650, 3085250 ], [ 4516250, 3085350 ], [ 4516750, 3085450 ] ] }, "geometry": { "type": "Polygon", "coordinates": [ [ [ 4516150.0, 3084850.0 ], [ 4516250.0, 3085250.0 ], [ 4516250.0, 3085350.0 ], [ 4516750.0, 3085450.0 ], [ 4516650.0, 3085250.0 ], [ 4516350.0, 3084950.0 ], [ 4516150.0, 3084850.0 ] ] ] } },
{ "type": "Feature", "properties": { "ID": "Limbach-Oberfrohna_145245114_c3", "GEN": "Limbach-Oberfrohna", "ARS": "145245114", "LAN": "Sachsen", "area": 3.125, "centroid": "POINT (4515896.56 3086780.186667)", "DH_demand": 9948.1713303019824, "total_demand_cells": 23018.946022033691, "total_demand_area": 101562.0703125, "share_DH": 11.262951161237597, "heat_density_DH": 3.1834148256966341, "heat_density": 32.4998625, "DH_supplied_households": 1935.0, "DH_cells": [ [ 4515450, 3085850 ], [ 4517650, 3085850 ], [ 4517750, 3085850 ], [ 4515350, 3085950 ], [ 4515450, 3085950 ], [ 4515550, 3085950 ], [ 4516050, 3085950 ], [ 4517750, 3085950 ], [ 4515350, 3086050 ], [ 4515450, 3086050 ], [ 4515550, 3086050 ], [ 4515650, 3086050 ], [ 4515750, 3086050 ], [ 4515850, 3086050 ], [ 4516350, 3086050 ], [ 4515450, 3086150 ], [ 4515650, 3086150 ], [ 4515750, 3086150 ], [ 4517050, 3086150 ], [ 4515350, 3086250 ], [ 4515450, 3086250 ], [ 4515750, 3086250 ], [ 4515850, 3086250 ], [ 4516450, 3086250 ], [ 4517250, 3086250 ], [ 4515250, 3086350 ], [ 4515350, 3086350 ], [ 4515850, 3086350 ], [ 4515950, 3086350 ], [ 4515850, 3086450 ], [ 4516050, 3086450 ], [ 4516250, 3086450 ], [ 4516350, 3086450 ], [ 4517350, 3086450 ], [ 4517650, 3086450 ], [ 4515250, 3086550 ], [ 4516350, 3086550 ], [ 4517550, 3086550 ], [ 4515050, 3086650 ], [ 4514050, 3086750 ], [ 4516050, 3086750 ], [ 4516350, 3086750 ], [ 4515050, 3086850 ], [ 4515350, 3086850 ], [ 4514150, 3086950 ], [ 4516050, 3086950 ], [ 4517050, 3086950 ], [ 4513550, 3087050 ], [ 4515550, 3087050 ], [ 4516950, 3087050 ], [ 4514350, 3087150 ], [ 4514750, 3087150 ], [ 4515050, 3087150 ], [ 4515550, 3087150 ], [ 4515650, 3087150 ], [ 4516550, 3087150 ], [ 4513950, 3087250 ], [ 4514650, 3087250 ], [ 4514950, 3087250 ], [ 4515550, 3087250 ], [ 4515650, 3087250 ], [ 4514550, 3087350 ], [ 4514650, 3087350 ], [ 4514750, 3087350 ], [ 4514850, 3087350 ], [ 4514950, 3087350 ], [ 4515850, 3087350 ], [ 4515950, 3087350 ], [ 4513950, 3087450 ], [ 4514350, 3087450 ], [ 4514450, 3087450 ], [ 4514850, 3087450 ], [ 4514950, 3087450 ], [ 4515950, 3087450 ], [ 4514350, 3087550 ], [ 4514450, 3087550 ], [ 4514350, 3087650 ], [ 4514450, 3087650 ], [ 4516150, 3087650 ], [ 4514550, 3088050 ], [ 4514450, 3088350 ] ] }, "geometry": { "type": "Polygon", "coordinates": [ [ [ 4515350.0, 3085950.0 ], [ 4515350.0, 3086050.0 ], [ 4515450.0, 3086050.0 ], [ 4515450.0, 3086150.0 ], [ 4515450.0, 3086250.0 ], [ 4515350.0, 3086250.0 ], [ 4515350.0, 3086350.0 ], [ 4515250.0, 3086350.0 ], [ 4515250.0, 3086550.0 ], [ 4515050.0, 3086650.0 ], [ 4515050.0, 3086850.0 ], [ 4514750.0, 3087150.0 ], [ 4514650.0, 3087250.0 ], [ 4514650.0, 3087350.0 ], [ 4514550.0, 3087350.0 ], [ 4514350.0, 3087150.0 ], [ 4514050.0, 3086750.0 ], [ 4514150.0, 3086950.0 ], [ 4513550.0, 3087050.0 ], [ 4513950.0, 3087250.0 ], [ 4513950.0, 3087450.0 ], [ 4514350.0, 3087450.0 ], [ 4514350.0, 3087550.0 ], [ 4514350.0, 3087650.0 ], [ 4514450.0, 3087650.0 ], [ 4514550.0, 3088050.0 ], [ 4514450.0, 3088350.0 ], [ 4514850.0, 3087450.0 ], [ 4514950.0, 3087450.0 ], [ 4514950.0, 3087350.0 ], [ 4514950.0, 3087250.0 ], [ 4515050.0, 3087150.0 ], [ 4515550.0, 3087150.0 ], [ 4515550.0, 3087250.0 ], [ 4515650.0, 3087250.0 ], [ 4515850.0, 3087350.0 ], [ 4515950.0, 3087350.0 ], [ 4515950.0, 3087450.0 ], [ 4516150.0, 3087650.0 ], [ 4516550.0, 3087150.0 ], [ 4516950.0, 3087050.0 ], [ 4517050.0, 3086950.0 ], [ 4517350.0, 3086450.0 ], [ 4517550.0, 3086550.0 ], [ 4517650.0, 3086450.0 ], [ 4517750.0, 3085950.0 ], [ 4517750.0, 3085850.0 ], [ 4517650.0, 3085850.0 ], [ 4517250.0, 3086250.0 ], [ 4517050.0, 3086150.0 ], [ 4516450.0, 3086250.0 ], [ 4516350.0, 3086050.0 ], [ 4516050.0, 3085950.0 ], [ 4515850.0, 3086050.0 ], [ 4515750.0, 3086050.0 ], [ 4515650.0, 3086050.0 ], [ 4515550.0, 3086050.0 ], [ 4515550.0, 3085950.0 ], [ 4515450.0, 3085850.0 ], [ 4515350.0, 3085950.0 ] ] ] } },
{ "type": "Feature", "properties": { "ID": "Meerane-Schönberg_145245118_c0", "GEN": "Meerane-Schönberg", "ARS": "145245118", "LAN": "Sachsen", "area": 1.605, "centroid": "POINT (4494481.775701 3084702.544133)", "DH_demand": 7611.4020244513604, "total_demand_cells": 19763.940987408161, "total_demand_area": 69113.7734375, "share_DH": 12.663114867405945, "heat_density_DH": 4.7423065572905676, "heat_density": 43.06154108255452, "DH_supplied_households": 1977.0, "DH_cells": [ [ 4493650, 3083550 ], [ 4493750, 3083550 ], [ 4493850, 3083550 ], [ 4493650, 3083650 ], [ 4493750, 3083650 ], [ 4493850, 3083650 ], [ 4493950, 3083650 ], [ 4493750, 3083750 ], [ 4493850, 3083750 ], [ 4493950, 3083750 ], [ 4493850, 3083850 ], [ 4494350, 3084050 ], [ 4493650, 3084150 ], [ 4493850, 3084150 ], [ 4493750, 3084250 ], [ 4494150, 3084250 ], [ 4494250, 3084250 ], [ 4494150, 3084350 ], [ 4494250, 3084350 ], [ 4494350, 3084350 ], [ 4494950, 3084350 ], [ 4495550, 3084350 ], [ 4494250, 3084450 ], [ 4495050, 3084450 ], [ 4495350, 3084450 ], [ 4495450, 3084450 ], [ 4495650, 3084450 ], [ 4495850, 3084450 ], [ 4495950, 3084450 ], [ 4494050, 3084550 ], [ 4494150, 3084550 ], [ 4495650, 3084550 ], [ 4495750, 3084550 ], [ 4495850, 3084550 ], [ 4495950, 3084550 ], [ 4496050, 3084550 ], [ 4495350, 3084650 ], [ 4495450, 3084650 ], [ 4495550, 3084650 ], [ 4495650, 3084650 ], [ 4495750, 3084650 ], [ 4495250, 3084750 ], [ 4495650, 3084750 ], [ 4493650, 3084850 ], [ 4494350, 3084850 ], [ 4494450, 3084850 ], [ 4494850, 3084850 ], [ 4495050, 3084850 ], [ 4494350, 3084950 ], [ 4495250, 3084950 ], [ 4493550, 3085050 ], [ 4494850, 3085050 ], [ 4494150, 3085150 ], [ 4494250, 3085150 ], [ 4494050, 3085250 ], [ 4494150, 3085250 ], [ 4494150, 3085350 ], [ 4494250, 3085350 ], [ 4494650, 3085550 ], [ 4494750, 3085650 ] ] }, "geometry": { "type": "Polygon", "coordinates": [ [ [ 4493650.0, 3083650.0 ], [ 4493750.0, 3083650.0 ], [ 4493750.0, 3083750.0 ], [ 4493850.0, 3083750.0 ], [ 4493850.0, 3083850.0 ], [ 4493650.0, 3084150.0 ], [ 4493750.0, 3084250.0 ], [ 4493850.0, 3084150.0 ], [ 4494150.0, 3084250.0 ], [ 4494150.0, 3084350.0 ], [ 4494250.0, 3084350.0 ], [ 4494250.0, 3084450.0 ], [ 4494150.0, 3084550.0 ], [ 4494050.0, 3084550.0 ], [ 4493650.0, 3084850.0 ], [ 4493550.0, 3085050.0 ], [ 4494050.0, 3085250.0 ], [ 4494150.0, 3085250.0 ], [ 4494150.0, 3085350.0 ], [ 4494250.0, 3085350.0 ], [ 4494650.0, 3085550.0 ], [ 4494750.0, 3085650.0 ], [ 4494850.0, 3085050.0 ], [ 4494850.0, 3084850.0 ], [ 4495050.0, 3084850.0 ], [ 4495250.0, 3084950.0 ], [ 4495250.0, 3084750.0 ], [ 4495350.0, 3084650.0 ], [ 4495450.0, 3084650.0 ], [ 4495550.0, 3084650.0 ], [ 4495650.0, 3084750.0 ], [ 4495750.0, 3084650.0 ], [ 4495850.0, 3084550.0 ], [ 4495950.0, 3084550.0 ], [ 4496050.0, 3084550.0 ], [ 4495950.0, 3084450.0 ], [ 4495850.0, 3084450.0 ], [ 4495750.0, 3084550.0 ], [ 4495650.0, 3084550.0 ], [ 4495650.0, 3084450.0 ], [ 4495550.0, 3084350.0 ], [ 4495450.0, 3084450.0 ], [ 4495350.0, 3084450.0 ], [ 4495050.0, 3084450.0 ], [ 4494950.0, 3084350.0 ], [ 4494350.0, 3084350.0 ], [ 4494250.0, 3084250.0 ], [ 4494350.0, 3084050.0 ], [ 4493950.0, 3083750.0 ], [ 4493950.0, 3083650.0 ], [ 4493850.0, 3083650.0 ], [ 4493850.0, 3083550.0 ], [ 4493750.0, 3083550.0 ], [ 4493650.0, 3083550.0 ], [ 4493650.0, 3083650.0 ] ] ] } },
{ "type": "Feature", "properties": { "ID": "Rund um den Auersberg_145245128_c0", "GEN": "Rund um den Auersberg", "ARS": "145245128", "LAN": "Sachsen", "area": 0.065, "centroid": "POINT (4508483.333333 3073450)", "DH_demand": 214.63972703471623, "total_demand_cells": 692.6331787109375, "total_demand_area": 2194.891845703125, "share_DH": 11.244430701558484, "heat_density_DH": 3.3021496466879419, "heat_density": 33.76756685697115, "DH_supplied_households": 12.0, "DH_cells": [ [ 4508750, 3073150 ], [ 4508250, 3073550 ], [ 4508450, 3073650 ] ] }, "geometry": { "type": "Polygon", "coordinates": [ [ [ 4508250.0, 3073550.0 ], [ 4508450.0, 3073650.0 ], [ 4508750.0, 3073150.0 ], [ 4508250.0, 3073550.0 ] ] ] } },
{ "type": "Feature", "properties": { "ID": "Rund um den Auersberg_145245128_c1", "GEN": "Rund um den Auersberg", "ARS": "145245128", "LAN": "Sachsen", "area": 1.585, "centroid": "POINT (4506154.311251 3074744.637224)", "DH_demand": 9695.7823501947842, "total_demand_cells": 17779.092629671097, "total_demand_area": 56739.48046875, "share_DH": 19.648888717778071, "heat_density_DH": 6.1172128392396115, "heat_density": 35.797779475552048, "DH_supplied_households": 1867.0, "DH_cells": [ [ 4505950, 3073850 ], [ 4506550, 3073850 ], [ 4506050, 3074050 ], [ 4506150, 3074150 ], [ 4505550, 3074250 ], [ 4506250, 3074350 ], [ 4506550, 3074350 ], [ 4505450, 3074550 ], [ 4505550, 3074550 ], [ 4505850, 3074550 ], [ 4505950, 3074550 ], [ 4505650, 3074750 ], [ 4505750, 3074750 ], [ 4505850, 3074750 ], [ 4505350, 3074850 ], [ 4505450, 3074850 ], [ 4505750, 3074850 ], [ 4505850, 3074850 ], [ 4505950, 3074850 ], [ 4506050, 3074850 ], [ 4507150, 3074850 ], [ 4505350, 3074950 ], [ 4505450, 3074950 ], [ 4505550, 3074950 ], [ 4505650, 3074950 ], [ 4505750, 3074950 ], [ 4505850, 3074950 ], [ 4505950, 3074950 ], [ 4506850, 3074950 ], [ 4506950, 3074950 ], [ 4505450, 3075050 ], [ 4505650, 3075050 ], [ 4505750, 3075050 ], [ 4505850, 3075050 ], [ 4505950, 3075050 ], [ 4506650, 3075050 ], [ 4506750, 3075050 ], [ 4507250, 3075050 ], [ 4505750, 3075150 ], [ 4505850, 3075150 ], [ 4505950, 3075150 ], [ 4506050, 3075150 ], [ 4506050, 3075250 ], [ 4505950, 3075350 ], [ 4506050, 3075350 ], [ 4506150, 3075350 ], [ 4505950, 3075450 ], [ 4506050, 3075450 ], [ 4506150, 3075450 ], [ 4506450, 3075450 ], [ 4505950, 3075550 ], [ 4506450, 3075550 ], [ 4506550, 3075550 ], [ 4505850, 3075650 ], [ 4505950, 3075650 ], [ 4505950, 3075750 ], [ 4506050, 3075750 ], [ 4505950, 3075850 ], [ 4506050, 3075850 ], [ 4506050, 3075950 ], [ 4506250, 3076050 ] ] }, "geometry": { "type": "Polygon", "coordinates": [ [ [ 4505550.0, 3074550.0 ], [ 4505450.0, 3074550.0 ], [ 4505450.0, 3074850.0 ], [ 4505350.0, 3074850.0 ], [ 4505350.0, 3074950.0 ], [ 4505450.0, 3074950.0 ], [ 4505450.0, 3075050.0 ], [ 4505650.0, 3075050.0 ], [ 4505750.0, 3075050.0 ], [ 4505750.0, 3075150.0 ], [ 4505850.0, 3075150.0 ], [ 4505950.0, 3075150.0 ], [ 4506050.0, 3075150.0 ], [ 4506050.0, 3075250.0 ], [ 4506050.0, 3075350.0 ], [ 4505950.0, 3075350.0 ], [ 4505950.0, 3075450.0 ], [ 4505950.0, 3075550.0 ], [ 4505850.0, 3075650.0 ], [ 4505950.0, 3075750.0 ], [ 4505950.0, 3075850.0 ], [ 4506050.0, 3075850.0 ], [ 4506050.0, 3075950.0 ], [ 4506250.0, 3076050.0 ], [ 4506050.0, 3075750.0 ], [ 4505950.0, 3075650.0 ], [ 4506050.0, 3075450.0 ], [ 4506150.0, 3075450.0 ], [ 4506450.0, 3075450.0 ], [ 4506450.0, 3075550.0 ], [ 4506550.0, 3075550.0 ], [ 4506650.0, 3075050.0 ], [ 4506750.0, 3075050.0 ], [ 4507250.0, 3075050.0 ], [ 4507150.0, 3074850.0 ], [ 4506950.0, 3074950.0 ], [ 4506850.0, 3074950.0 ], [ 4506550.0, 3074350.0 ], [ 4506550.0, 3073850.0 ], [ 4506150.0, 3074150.0 ], [ 4506050.0, 3074050.0 ], [ 4505950.0, 3073850.0 ], [ 4505550.0, 3074250.0 ], [ 4505550.0, 3074550.0 ] ] ] } },
{ "type": "Feature", "properties": { "ID": "Waldenburg_145245135_c0", "GEN": "Waldenburg", "ARS": "145245135", "LAN": "Sachsen", "area": 0.345, "centroid": "POINT (4504470.289855 3087893.478261)", "DH_demand": 435.00955743520643, "total_demand_cells": 2068.1667098999023, "total_demand_area": 8975.595703125, "share_DH": 5.5728327167843235, "heat_density_DH": 1.2608972679281345, "heat_density": 26.016219429347824, "DH_supplied_households": 37.0, "DH_cells": [ [ 4504850, 3087350 ], [ 4505150, 3087350 ], [ 4504750, 3087750 ], [ 4504950, 3087750 ], [ 4504250, 3088050 ], [ 4503650, 3088250 ], [ 4503950, 3088250 ], [ 4503950, 3088450 ], [ 4503950, 3088550 ], [ 4504050, 3088650 ] ] }, "geometry": { "type": "Polygon", "coordinates": [ [ [ 4503950.0, 3088250.0 ], [ 4503650.0, 3088250.0 ], [ 4503950.0, 3088450.0 ], [ 4503950.0, 3088550.0 ], [ 4504050.0, 3088650.0 ], [ 4504250.0, 3088050.0 ], [ 4504750.0, 3087750.0 ], [ 4504950.0, 3087750.0 ], [ 4505150.0, 3087350.0 ], [ 4504850.0, 3087350.0 ], [ 4503950.0, 3088250.0 ] ] ] } },
{ "type": "Feature", "properties": { "ID": "Waldenburg_145245135_c1", "GEN": "Waldenburg", "ARS": "145245135", "LAN": "Sachsen", "area": 0.01, "centroid": "POINT (4499416.666667 3089783.333333)", "DH_demand": 204.79167915785828, "total_demand_cells": 385.81782150268555, "total_demand_area": 758.72430419921875, "share_DH": 31.036218511891256, "heat_density_DH": 20.47916791578583, "heat_density": 75.872430419921869, "DH_supplied_households": 20.0, "DH_cells": [ [ 4499350, 3089650 ], [ 4499350, 3089750 ], [ 4499550, 3089950 ] ] }, "geometry": { "type": "Polygon", "coordinates": [ [ [ 4499350.0, 3089650.0 ], [ 4499350.0, 3089750.0 ], [ 4499550.0, 3089950.0 ], [ 4499350.0, 3089650.0 ] ] ] } },
{ "type": "Feature", "properties": { "ID": "Dresden_146120000_c0", "GEN": "Dresden", "ARS": "146120000", "LAN": "Sachsen", "area": 102.965, "centroid": "POINT (4584831.255767 3110080.940935)", "DH_demand": 907332.66975389747, "total_demand_cells": 1551524.2070739865, "total_demand_area": 3064862.5, "share_DH": 34.040508822460581, "heat_density_DH": 8.8120494318836258, "heat_density": 29.766061282960234, "DH_supplied_households": 153406.0, "DH_cells": [ [ 4588250, 3103950 ], [ 4589950, 3104050 ], [ 4587450, 3104250 ], [ 4587550, 3104250 ], [ 4587650, 3104250 ], [ 4587950, 3104250 ], [ 4587350, 3104350 ], [ 4587450, 3104350 ], [ 4588050, 3104350 ], [ 4589550, 3104350 ], [ 4586850, 3104450 ], [ 4586950, 3104450 ], [ 4587050, 3104450 ], [ 4587150, 3104450 ], [ 4587250, 3104450 ], [ 4587350, 3104450 ], [ 4587450, 3104450 ], [ 4588450, 3104450 ], [ 4586750, 3104550 ], [ 4586850, 3104550 ], [ 4586950, 3104550 ], [ 4587050, 3104550 ], [ 4587150, 3104550 ], [ 4587250, 3104550 ], [ 4587350, 3104550 ], [ 4587450, 3104550 ], [ 4589550, 3104550 ], [ 4586750, 3104650 ], [ 4586850, 3104650 ], [ 4586950, 3104650 ], [ 4587150, 3104650 ], [ 4587250, 3104650 ], [ 4587450, 3104650 ], [ 4587650, 3104650 ], [ 4588550, 3104650 ], [ 4586850, 3104750 ], [ 4586950, 3104750 ], [ 4587450, 3104750 ], [ 4587750, 3104750 ], [ 4588150, 3104750 ], [ 4586250, 3104950 ], [ 4586750, 3104950 ], [ 4586850, 3104950 ], [ 4586950, 3104950 ], [ 4589350, 3104950 ], [ 4592250, 3104950 ], [ 4587150, 3105150 ], [ 4589350, 3105150 ], [ 4589650, 3105150 ], [ 4589750, 3105150 ], [ 4589850, 3105150 ], [ 4592350, 3105150 ], [ 4586650, 3105250 ], [ 4589350, 3105250 ], [ 4589450, 3105250 ], [ 4589550, 3105250 ], [ 4592150, 3105250 ], [ 4586650, 3105350 ], [ 4586750, 3105350 ], [ 4588350, 3105350 ], [ 4589250, 3105350 ], [ 4589750, 3105350 ], [ 4592150, 3105350 ], [ 4586750, 3105450 ], [ 4587050, 3105450 ], [ 4589150, 3105450 ], [ 4589350, 3105450 ], [ 4589450, 3105450 ], [ 4589650, 3105450 ], [ 4589750, 3105450 ], [ 4591850, 3105450 ], [ 4592350, 3105450 ], [ 4586850, 3105550 ], [ 4589250, 3105550 ], [ 4591450, 3105550 ], [ 4591950, 3105550 ], [ 4586850, 3105650 ], [ 4590350, 3105650 ], [ 4590450, 3105650 ], [ 4590850, 3105650 ], [ 4591350, 3105650 ], [ 4591750, 3105650 ], [ 4592350, 3105650 ], [ 4586750, 3105750 ], [ 4588050, 3105750 ], [ 4589450, 3105750 ], [ 4589750, 3105750 ], [ 4590250, 3105750 ], [ 4590350, 3105750 ], [ 4590450, 3105750 ], [ 4591550, 3105750 ], [ 4587650, 3105850 ], [ 4589150, 3105850 ], [ 4589250, 3105850 ], [ 4589950, 3105850 ], [ 4590050, 3105850 ], [ 4590150, 3105850 ], [ 4590250, 3105850 ], [ 4590550, 3105850 ], [ 4591350, 3105850 ], [ 4587250, 3105950 ], [ 4587350, 3105950 ], [ 4587450, 3105950 ], [ 4587550, 3105950 ], [ 4587650, 3105950 ], [ 4587750, 3105950 ], [ 4589050, 3105950 ], [ 4589150, 3105950 ], [ 4589850, 3105950 ], [ 4589950, 3105950 ], [ 4590050, 3105950 ], [ 4590150, 3105950 ], [ 4590250, 3105950 ], [ 4591150, 3105950 ], [ 4591350, 3105950 ], [ 4591450, 3105950 ], [ 4584750, 3106050 ], [ 4585050, 3106050 ], [ 4585150, 3106050 ], [ 4585350, 3106050 ], [ 4587150, 3106050 ], [ 4587250, 3106050 ], [ 4587350, 3106050 ], [ 4587450, 3106050 ], [ 4587550, 3106050 ], [ 4587650, 3106050 ], [ 4587750, 3106050 ], [ 4589050, 3106050 ], [ 4590150, 3106050 ], [ 4590250, 3106050 ], [ 4590350, 3106050 ], [ 4591450, 3106050 ], [ 4591650, 3106050 ], [ 4585350, 3106150 ], [ 4585550, 3106150 ], [ 4587150, 3106150 ], [ 4587250, 3106150 ], [ 4587350, 3106150 ], [ 4587450, 3106150 ], [ 4587550, 3106150 ], [ 4587650, 3106150 ], [ 4587750, 3106150 ], [ 4587850, 3106150 ], [ 4587950, 3106150 ], [ 4589050, 3106150 ], [ 4590150, 3106150 ], [ 4590250, 3106150 ], [ 4590350, 3106150 ], [ 4590450, 3106150 ], [ 4590650, 3106150 ], [ 4584850, 3106250 ], [ 4587150, 3106250 ], [ 4587250, 3106250 ], [ 4587350, 3106250 ], [ 4587550, 3106250 ], [ 4587650, 3106250 ], [ 4587750, 3106250 ], [ 4587850, 3106250 ], [ 4587950, 3106250 ], [ 4589350, 3106250 ], [ 4589450, 3106250 ], [ 4589550, 3106250 ], [ 4590150, 3106250 ], [ 4590250, 3106250 ], [ 4590350, 3106250 ], [ 4590950, 3106250 ], [ 4591650, 3106250 ], [ 4579550, 3106350 ], [ 4587050, 3106350 ], [ 4587150, 3106350 ], [ 4587250, 3106350 ], [ 4587350, 3106350 ], [ 4587450, 3106350 ], [ 4587550, 3106350 ], [ 4587650, 3106350 ], [ 4587750, 3106350 ], [ 4587850, 3106350 ], [ 4587950, 3106350 ], [ 4588050, 3106350 ], [ 4589150, 3106350 ], [ 4589350, 3106350 ], [ 4589450, 3106350 ], [ 4590250, 3106350 ], [ 4590350, 3106350 ], [ 4590450, 3106350 ], [ 4591050, 3106350 ], [ 4587150, 3106450 ], [ 4587250, 3106450 ], [ 4587350, 3106450 ], [ 4587450, 3106450 ], [ 4587550, 3106450 ], [ 4587650, 3106450 ], [ 4587750, 3106450 ], [ 4587850, 3106450 ], [ 4587950, 3106450 ], [ 4589050, 3106450 ], [ 4589150, 3106450 ], [ 4589350, 3106450 ], [ 4589450, 3106450 ], [ 4589550, 3106450 ], [ 4590250, 3106450 ], [ 4590350, 3106450 ], [ 4590450, 3106450 ], [ 4590550, 3106450 ], [ 4590650, 3106450 ], [ 4590850, 3106450 ], [ 4591950, 3106450 ], [ 4592050, 3106450 ], [ 4579750, 3106550 ], [ 4585250, 3106550 ], [ 4585550, 3106550 ], [ 4586050, 3106550 ], [ 4587050, 3106550 ], [ 4587150, 3106550 ], [ 4587250, 3106550 ], [ 4587450, 3106550 ], [ 4587550, 3106550 ], [ 4587650, 3106550 ], [ 4587850, 3106550 ], [ 4589050, 3106550 ], [ 4589150, 3106550 ], [ 4589250, 3106550 ], [ 4589350, 3106550 ], [ 4589450, 3106550 ], [ 4589550, 3106550 ], [ 4589650, 3106550 ], [ 4590150, 3106550 ], [ 4590350, 3106550 ], [ 4590450, 3106550 ], [ 4590550, 3106550 ], [ 4590650, 3106550 ], [ 4591050, 3106550 ], [ 4591150, 3106550 ], [ 4591250, 3106550 ], [ 4591450, 3106550 ], [ 4583550, 3106650 ], [ 4583950, 3106650 ], [ 4584050, 3106650 ], [ 4584550, 3106650 ], [ 4585350, 3106650 ], [ 4586350, 3106650 ], [ 4587050, 3106650 ], [ 4587150, 3106650 ], [ 4587250, 3106650 ], [ 4587350, 3106650 ], [ 4587450, 3106650 ], [ 4587550, 3106650 ], [ 4587650, 3106650 ], [ 4587850, 3106650 ], [ 4588950, 3106650 ], [ 4589050, 3106650 ], [ 4589150, 3106650 ], [ 4589250, 3106650 ], [ 4589350, 3106650 ], [ 4590050, 3106650 ], [ 4590350, 3106650 ], [ 4590450, 3106650 ], [ 4590550, 3106650 ], [ 4590650, 3106650 ], [ 4591550, 3106650 ], [ 4579850, 3106750 ], [ 4584650, 3106750 ], [ 4584850, 3106750 ], [ 4585650, 3106750 ], [ 4586150, 3106750 ], [ 4586250, 3106750 ], [ 4586450, 3106750 ], [ 4586950, 3106750 ], [ 4587050, 3106750 ], [ 4587150, 3106750 ], [ 4587250, 3106750 ], [ 4587350, 3106750 ], [ 4587450, 3106750 ], [ 4587550, 3106750 ], [ 4589050, 3106750 ], [ 4589150, 3106750 ], [ 4589250, 3106750 ], [ 4589350, 3106750 ], [ 4589450, 3106750 ], [ 4590350, 3106750 ], [ 4590450, 3106750 ], [ 4590550, 3106750 ], [ 4590650, 3106750 ], [ 4591450, 3106750 ], [ 4580250, 3106850 ], [ 4582450, 3106850 ], [ 4584850, 3106850 ], [ 4585050, 3106850 ], [ 4585150, 3106850 ], [ 4585650, 3106850 ], [ 4585750, 3106850 ], [ 4585850, 3106850 ], [ 4585950, 3106850 ], [ 4586050, 3106850 ], [ 4586150, 3106850 ], [ 4586650, 3106850 ], [ 4586850, 3106850 ], [ 4586950, 3106850 ], [ 4587050, 3106850 ], [ 4587150, 3106850 ], [ 4587250, 3106850 ], [ 4587350, 3106850 ], [ 4588550, 3106850 ], [ 4588750, 3106850 ], [ 4588850, 3106850 ], [ 4588950, 3106850 ], [ 4589050, 3106850 ], [ 4589150, 3106850 ], [ 4589250, 3106850 ], [ 4589350, 3106850 ], [ 4589450, 3106850 ], [ 4589550, 3106850 ], [ 4589750, 3106850 ], [ 4589950, 3106850 ], [ 4591150, 3106850 ], [ 4591450, 3106850 ], [ 4580850, 3106950 ], [ 4583850, 3106950 ], [ 4584950, 3106950 ], [ 4585550, 3106950 ], [ 4585650, 3106950 ], [ 4585750, 3106950 ], [ 4585850, 3106950 ], [ 4585950, 3106950 ], [ 4586050, 3106950 ], [ 4586650, 3106950 ], [ 4586750, 3106950 ], [ 4586850, 3106950 ], [ 4586950, 3106950 ], [ 4587050, 3106950 ], [ 4587150, 3106950 ], [ 4587250, 3106950 ], [ 4587350, 3106950 ], [ 4587550, 3106950 ], [ 4588550, 3106950 ], [ 4588650, 3106950 ], [ 4588750, 3106950 ], [ 4588850, 3106950 ], [ 4588950, 3106950 ], [ 4589050, 3106950 ], [ 4589150, 3106950 ], [ 4589250, 3106950 ], [ 4589350, 3106950 ], [ 4589550, 3106950 ], [ 4590250, 3106950 ], [ 4591250, 3106950 ], [ 4580450, 3107050 ], [ 4580550, 3107050 ], [ 4580750, 3107050 ], [ 4585650, 3107050 ], [ 4585750, 3107050 ], [ 4586050, 3107050 ], [ 4586250, 3107050 ], [ 4586350, 3107050 ], [ 4586450, 3107050 ], [ 4586550, 3107050 ], [ 4586650, 3107050 ], [ 4586750, 3107050 ], [ 4586850, 3107050 ], [ 4586950, 3107050 ], [ 4587050, 3107050 ], [ 4587150, 3107050 ], [ 4587250, 3107050 ], [ 4587550, 3107050 ], [ 4588350, 3107050 ], [ 4588450, 3107050 ], [ 4588550, 3107050 ], [ 4588650, 3107050 ], [ 4588750, 3107050 ], [ 4588850, 3107050 ], [ 4588950, 3107050 ], [ 4589050, 3107050 ], [ 4589150, 3107050 ], [ 4589250, 3107050 ], [ 4589350, 3107050 ], [ 4589450, 3107050 ], [ 4589550, 3107050 ], [ 4589750, 3107050 ], [ 4591150, 3107050 ], [ 4591250, 3107050 ], [ 4580250, 3107150 ], [ 4581950, 3107150 ], [ 4582050, 3107150 ], [ 4582150, 3107150 ], [ 4583350, 3107150 ], [ 4583450, 3107150 ], [ 4584250, 3107150 ], [ 4585050, 3107150 ], [ 4586150, 3107150 ], [ 4586250, 3107150 ], [ 4586350, 3107150 ], [ 4586450, 3107150 ], [ 4586550, 3107150 ], [ 4586650, 3107150 ], [ 4586750, 3107150 ], [ 4586850, 3107150 ], [ 4587050, 3107150 ], [ 4587150, 3107150 ], [ 4587250, 3107150 ], [ 4588350, 3107150 ], [ 4588550, 3107150 ], [ 4588650, 3107150 ], [ 4588750, 3107150 ], [ 4588850, 3107150 ], [ 4588950, 3107150 ], [ 4589050, 3107150 ], [ 4589150, 3107150 ], [ 4589250, 3107150 ], [ 4589750, 3107150 ], [ 4580750, 3107250 ], [ 4581850, 3107250 ], [ 4581950, 3107250 ], [ 4582050, 3107250 ], [ 4582150, 3107250 ], [ 4582250, 3107250 ], [ 4582350, 3107250 ], [ 4582450, 3107250 ], [ 4584150, 3107250 ], [ 4584450, 3107250 ], [ 4584550, 3107250 ], [ 4584650, 3107250 ], [ 4584750, 3107250 ], [ 4584850, 3107250 ], [ 4584950, 3107250 ], [ 4585050, 3107250 ], [ 4585150, 3107250 ], [ 4585250, 3107250 ], [ 4585350, 3107250 ], [ 4585450, 3107250 ], [ 4585950, 3107250 ], [ 4586050, 3107250 ], [ 4586250, 3107250 ], [ 4586350, 3107250 ], [ 4586450, 3107250 ], [ 4586550, 3107250 ], [ 4586650, 3107250 ], [ 4586750, 3107250 ], [ 4587150, 3107250 ], [ 4588750, 3107250 ], [ 4588850, 3107250 ], [ 4588950, 3107250 ], [ 4591250, 3107250 ], [ 4580550, 3107350 ], [ 4580650, 3107350 ], [ 4580750, 3107350 ], [ 4580850, 3107350 ], [ 4581850, 3107350 ], [ 4581950, 3107350 ], [ 4582050, 3107350 ], [ 4582150, 3107350 ], [ 4582250, 3107350 ], [ 4582350, 3107350 ], [ 4582450, 3107350 ], [ 4582950, 3107350 ], [ 4583050, 3107350 ], [ 4584250, 3107350 ], [ 4584350, 3107350 ], [ 4584450, 3107350 ], [ 4584750, 3107350 ], [ 4584850, 3107350 ], [ 4584950, 3107350 ], [ 4585050, 3107350 ], [ 4585250, 3107350 ], [ 4585350, 3107350 ], [ 4585450, 3107350 ], [ 4585950, 3107350 ], [ 4586050, 3107350 ], [ 4586350, 3107350 ], [ 4586450, 3107350 ], [ 4586550, 3107350 ], [ 4586650, 3107350 ], [ 4588750, 3107350 ], [ 4589250, 3107350 ], [ 4591850, 3107350 ], [ 4578950, 3107450 ], [ 4580050, 3107450 ], [ 4580450, 3107450 ], [ 4581850, 3107450 ], [ 4581950, 3107450 ], [ 4582050, 3107450 ], [ 4582150, 3107450 ], [ 4582350, 3107450 ], [ 4582450, 3107450 ], [ 4582950, 3107450 ], [ 4584350, 3107450 ], [ 4584850, 3107450 ], [ 4584950, 3107450 ], [ 4585250, 3107450 ], [ 4585750, 3107450 ], [ 4585850, 3107450 ], [ 4585950, 3107450 ], [ 4586050, 3107450 ], [ 4586150, 3107450 ], [ 4586250, 3107450 ], [ 4586350, 3107450 ], [ 4586450, 3107450 ], [ 4586550, 3107450 ], [ 4586650, 3107450 ], [ 4588250, 3107450 ], [ 4588350, 3107450 ], [ 4588550, 3107450 ], [ 4591950, 3107450 ], [ 4581750, 3107550 ], [ 4581950, 3107550 ], [ 4582050, 3107550 ], [ 4582150, 3107550 ], [ 4582350, 3107550 ], [ 4582450, 3107550 ], [ 4583450, 3107550 ], [ 4583650, 3107550 ], [ 4584850, 3107550 ], [ 4584950, 3107550 ], [ 4585250, 3107550 ], [ 4585350, 3107550 ], [ 4585650, 3107550 ], [ 4585750, 3107550 ], [ 4585850, 3107550 ], [ 4585950, 3107550 ], [ 4586050, 3107550 ], [ 4586150, 3107550 ], [ 4586250, 3107550 ], [ 4586350, 3107550 ], [ 4586450, 3107550 ], [ 4586550, 3107550 ], [ 4588050, 3107550 ], [ 4588150, 3107550 ], [ 4588250, 3107550 ], [ 4588350, 3107550 ], [ 4588450, 3107550 ], [ 4588550, 3107550 ], [ 4588650, 3107550 ], [ 4591750, 3107550 ], [ 4592750, 3107550 ], [ 4581450, 3107650 ], [ 4581650, 3107650 ], [ 4581750, 3107650 ], [ 4581850, 3107650 ], [ 4581950, 3107650 ], [ 4582750, 3107650 ], [ 4582850, 3107650 ], [ 4582950, 3107650 ], [ 4583050, 3107650 ], [ 4584250, 3107650 ], [ 4584550, 3107650 ], [ 4584750, 3107650 ], [ 4584850, 3107650 ], [ 4584950, 3107650 ], [ 4585550, 3107650 ], [ 4585650, 3107650 ], [ 4585750, 3107650 ], [ 4586150, 3107650 ], [ 4586250, 3107650 ], [ 4588150, 3107650 ], [ 4588250, 3107650 ], [ 4588350, 3107650 ], [ 4588450, 3107650 ], [ 4588550, 3107650 ], [ 4590550, 3107650 ], [ 4592250, 3107650 ], [ 4581150, 3107750 ], [ 4581350, 3107750 ], [ 4581450, 3107750 ], [ 4581550, 3107750 ], [ 4581650, 3107750 ], [ 4581750, 3107750 ], [ 4582750, 3107750 ], [ 4582850, 3107750 ], [ 4582950, 3107750 ], [ 4583050, 3107750 ], [ 4584150, 3107750 ], [ 4584650, 3107750 ], [ 4584850, 3107750 ], [ 4584950, 3107750 ], [ 4585150, 3107750 ], [ 4585250, 3107750 ], [ 4585650, 3107750 ], [ 4588050, 3107750 ], [ 4588150, 3107750 ], [ 4588350, 3107750 ], [ 4590050, 3107750 ], [ 4590150, 3107750 ], [ 4590250, 3107750 ], [ 4590350, 3107750 ], [ 4590550, 3107750 ], [ 4591850, 3107750 ], [ 4580150, 3107850 ], [ 4580250, 3107850 ], [ 4580350, 3107850 ], [ 4582750, 3107850 ], [ 4582850, 3107850 ], [ 4582950, 3107850 ], [ 4583050, 3107850 ], [ 4583250, 3107850 ], [ 4583350, 3107850 ], [ 4584950, 3107850 ], [ 4585050, 3107850 ], [ 4585150, 3107850 ], [ 4585650, 3107850 ], [ 4588050, 3107850 ], [ 4588150, 3107850 ], [ 4588250, 3107850 ], [ 4589550, 3107850 ], [ 4589750, 3107850 ], [ 4589850, 3107850 ], [ 4590150, 3107850 ], [ 4590250, 3107850 ], [ 4590350, 3107850 ], [ 4590450, 3107850 ], [ 4592050, 3107850 ], [ 4579150, 3107950 ], [ 4579250, 3107950 ], [ 4579550, 3107950 ], [ 4583150, 3107950 ], [ 4583250, 3107950 ], [ 4583450, 3107950 ], [ 4583550, 3107950 ], [ 4583750, 3107950 ], [ 4583850, 3107950 ], [ 4584050, 3107950 ], [ 4584150, 3107950 ], [ 4584650, 3107950 ], [ 4584750, 3107950 ], [ 4584850, 3107950 ], [ 4585150, 3107950 ], [ 4587050, 3107950 ], [ 4589650, 3107950 ], [ 4590050, 3107950 ], [ 4590150, 3107950 ], [ 4590250, 3107950 ], [ 4590350, 3107950 ], [ 4591850, 3107950 ], [ 4581050, 3108050 ], [ 4581250, 3108050 ], [ 4583150, 3108050 ], [ 4583250, 3108050 ], [ 4583350, 3108050 ], [ 4583450, 3108050 ], [ 4583550, 3108050 ], [ 4583650, 3108050 ], [ 4583750, 3108050 ], [ 4583850, 3108050 ], [ 4583950, 3108050 ], [ 4584050, 3108050 ], [ 4584750, 3108050 ], [ 4584850, 3108050 ], [ 4584950, 3108050 ], [ 4587050, 3108050 ], [ 4587750, 3108050 ], [ 4587850, 3108050 ], [ 4588350, 3108050 ], [ 4588450, 3108050 ], [ 4589750, 3108050 ], [ 4589850, 3108050 ], [ 4589950, 3108050 ], [ 4591750, 3108050 ], [ 4591850, 3108050 ], [ 4581050, 3108150 ], [ 4581450, 3108150 ], [ 4583850, 3108150 ], [ 4583950, 3108150 ], [ 4584350, 3108150 ], [ 4584450, 3108150 ], [ 4587250, 3108150 ], [ 4587650, 3108150 ], [ 4587750, 3108150 ], [ 4588350, 3108150 ], [ 4588450, 3108150 ], [ 4589450, 3108150 ], [ 4589650, 3108150 ], [ 4590250, 3108150 ], [ 4590350, 3108150 ], [ 4591650, 3108150 ], [ 4591750, 3108150 ], [ 4579550, 3108250 ], [ 4581350, 3108250 ], [ 4582750, 3108250 ], [ 4583350, 3108250 ], [ 4583450, 3108250 ], [ 4583550, 3108250 ], [ 4583650, 3108250 ], [ 4583750, 3108250 ], [ 4583850, 3108250 ], [ 4583950, 3108250 ], [ 4584250, 3108250 ], [ 4584450, 3108250 ], [ 4584550, 3108250 ], [ 4585150, 3108250 ], [ 4585450, 3108250 ], [ 4585550, 3108250 ], [ 4587050, 3108250 ], [ 4587250, 3108250 ], [ 4587450, 3108250 ], [ 4587550, 3108250 ], [ 4587650, 3108250 ], [ 4587750, 3108250 ], [ 4588350, 3108250 ], [ 4588450, 3108250 ], [ 4589550, 3108250 ], [ 4591650, 3108250 ], [ 4580950, 3108350 ], [ 4581050, 3108350 ], [ 4581150, 3108350 ], [ 4581650, 3108350 ], [ 4581750, 3108350 ], [ 4581850, 3108350 ], [ 4581950, 3108350 ], [ 4582250, 3108350 ], [ 4582650, 3108350 ], [ 4582750, 3108350 ], [ 4583450, 3108350 ], [ 4583550, 3108350 ], [ 4583750, 3108350 ], [ 4583850, 3108350 ], [ 4583950, 3108350 ], [ 4584050, 3108350 ], [ 4584550, 3108350 ], [ 4584750, 3108350 ], [ 4584950, 3108350 ], [ 4585050, 3108350 ], [ 4585550, 3108350 ], [ 4586850, 3108350 ], [ 4586950, 3108350 ], [ 4587050, 3108350 ], [ 4587150, 3108350 ], [ 4587250, 3108350 ], [ 4587450, 3108350 ], [ 4587550, 3108350 ], [ 4587650, 3108350 ], [ 4587850, 3108350 ], [ 4587950, 3108350 ], [ 4589950, 3108350 ], [ 4590050, 3108350 ], [ 4591650, 3108350 ], [ 4581350, 3108450 ], [ 4581450, 3108450 ], [ 4581550, 3108450 ], [ 4581650, 3108450 ], [ 4581750, 3108450 ], [ 4581850, 3108450 ], [ 4581950, 3108450 ], [ 4582550, 3108450 ], [ 4582650, 3108450 ], [ 4582750, 3108450 ], [ 4582850, 3108450 ], [ 4583050, 3108450 ], [ 4583650, 3108450 ], [ 4583750, 3108450 ], [ 4583850, 3108450 ], [ 4583950, 3108450 ], [ 4584050, 3108450 ], [ 4584350, 3108450 ], [ 4584550, 3108450 ], [ 4584850, 3108450 ], [ 4584950, 3108450 ], [ 4585150, 3108450 ], [ 4585250, 3108450 ], [ 4585350, 3108450 ], [ 4586850, 3108450 ], [ 4586950, 3108450 ], [ 4587050, 3108450 ], [ 4587150, 3108450 ], [ 4587350, 3108450 ], [ 4587450, 3108450 ], [ 4587550, 3108450 ], [ 4587650, 3108450 ], [ 4587850, 3108450 ], [ 4587950, 3108450 ], [ 4589250, 3108450 ], [ 4589350, 3108450 ], [ 4589750, 3108450 ], [ 4590050, 3108450 ], [ 4579350, 3108550 ], [ 4580850, 3108550 ], [ 4581050, 3108550 ], [ 4581250, 3108550 ], [ 4581650, 3108550 ], [ 4581750, 3108550 ], [ 4581850, 3108550 ], [ 4581950, 3108550 ], [ 4582750, 3108550 ], [ 4582850, 3108550 ], [ 4583450, 3108550 ], [ 4583650, 3108550 ], [ 4583850, 3108550 ], [ 4583950, 3108550 ], [ 4584150, 3108550 ], [ 4584450, 3108550 ], [ 4584750, 3108550 ], [ 4584850, 3108550 ], [ 4584950, 3108550 ], [ 4585250, 3108550 ], [ 4585350, 3108550 ], [ 4586850, 3108550 ], [ 4586950, 3108550 ], [ 4587350, 3108550 ], [ 4587450, 3108550 ], [ 4587550, 3108550 ], [ 4587650, 3108550 ], [ 4587750, 3108550 ], [ 4587850, 3108550 ], [ 4587950, 3108550 ], [ 4588050, 3108550 ], [ 4589350, 3108550 ], [ 4589550, 3108550 ], [ 4589650, 3108550 ], [ 4589950, 3108550 ], [ 4590050, 3108550 ], [ 4591450, 3108550 ], [ 4580150, 3108650 ], [ 4580350, 3108650 ], [ 4580450, 3108650 ], [ 4580950, 3108650 ], [ 4581250, 3108650 ], [ 4581350, 3108650 ], [ 4581450, 3108650 ], [ 4581750, 3108650 ], [ 4581850, 3108650 ], [ 4581950, 3108650 ], [ 4583450, 3108650 ], [ 4583550, 3108650 ], [ 4583650, 3108650 ], [ 4583850, 3108650 ], [ 4583950, 3108650 ], [ 4584050, 3108650 ], [ 4584250, 3108650 ], [ 4584350, 3108650 ], [ 4584450, 3108650 ], [ 4584550, 3108650 ], [ 4584750, 3108650 ], [ 4584850, 3108650 ], [ 4585750, 3108650 ], [ 4585850, 3108650 ], [ 4586650, 3108650 ], [ 4586750, 3108650 ], [ 4587250, 3108650 ], [ 4587450, 3108650 ], [ 4587550, 3108650 ], [ 4587650, 3108650 ], [ 4587950, 3108650 ], [ 4588050, 3108650 ], [ 4588150, 3108650 ], [ 4588750, 3108650 ], [ 4589150, 3108650 ], [ 4589250, 3108650 ], [ 4589550, 3108650 ], [ 4590050, 3108650 ], [ 4579250, 3108750 ], [ 4579350, 3108750 ], [ 4579550, 3108750 ], [ 4580450, 3108750 ], [ 4580550, 3108750 ], [ 4580950, 3108750 ], [ 4581050, 3108750 ], [ 4581550, 3108750 ], [ 4581650, 3108750 ], [ 4581750, 3108750 ], [ 4581850, 3108750 ], [ 4581950, 3108750 ], [ 4582050, 3108750 ], [ 4582150, 3108750 ], [ 4582250, 3108750 ], [ 4582350, 3108750 ], [ 4582850, 3108750 ], [ 4583150, 3108750 ], [ 4583750, 3108750 ], [ 4583850, 3108750 ], [ 4583950, 3108750 ], [ 4584350, 3108750 ], [ 4584450, 3108750 ], [ 4584550, 3108750 ], [ 4584650, 3108750 ], [ 4584750, 3108750 ], [ 4585250, 3108750 ], [ 4585750, 3108750 ], [ 4585850, 3108750 ], [ 4585950, 3108750 ], [ 4586650, 3108750 ], [ 4587250, 3108750 ], [ 4587350, 3108750 ], [ 4587450, 3108750 ], [ 4587650, 3108750 ], [ 4587750, 3108750 ], [ 4587850, 3108750 ], [ 4587950, 3108750 ], [ 4588050, 3108750 ], [ 4588150, 3108750 ], [ 4588550, 3108750 ], [ 4588650, 3108750 ], [ 4588750, 3108750 ], [ 4588850, 3108750 ], [ 4589250, 3108750 ], [ 4589450, 3108750 ], [ 4589550, 3108750 ], [ 4589650, 3108750 ], [ 4589850, 3108750 ], [ 4590150, 3108750 ], [ 4591050, 3108750 ], [ 4580350, 3108850 ], [ 4580450, 3108850 ], [ 4580650, 3108850 ], [ 4580950, 3108850 ], [ 4581050, 3108850 ], [ 4581150, 3108850 ], [ 4581250, 3108850 ], [ 4581450, 3108850 ], [ 4581650, 3108850 ], [ 4581750, 3108850 ], [ 4581950, 3108850 ], [ 4582150, 3108850 ], [ 4582350, 3108850 ], [ 4583750, 3108850 ], [ 4583850, 3108850 ], [ 4584350, 3108850 ], [ 4584550, 3108850 ], [ 4585050, 3108850 ], [ 4585150, 3108850 ], [ 4585250, 3108850 ], [ 4585350, 3108850 ], [ 4585650, 3108850 ], [ 4585850, 3108850 ], [ 4585950, 3108850 ], [ 4587250, 3108850 ], [ 4587850, 3108850 ], [ 4587950, 3108850 ], [ 4588450, 3108850 ], [ 4588550, 3108850 ], [ 4588650, 3108850 ], [ 4588750, 3108850 ], [ 4588850, 3108850 ], [ 4589450, 3108850 ], [ 4589550, 3108850 ], [ 4589650, 3108850 ], [ 4589750, 3108850 ], [ 4589850, 3108850 ], [ 4590950, 3108850 ], [ 4578750, 3108950 ], [ 4580550, 3108950 ], [ 4580950, 3108950 ], [ 4581050, 3108950 ], [ 4581350, 3108950 ], [ 4581550, 3108950 ], [ 4581650, 3108950 ], [ 4581950, 3108950 ], [ 4582050, 3108950 ], [ 4582250, 3108950 ], [ 4582650, 3108950 ], [ 4582750, 3108950 ], [ 4583250, 3108950 ], [ 4583650, 3108950 ], [ 4584450, 3108950 ], [ 4584850, 3108950 ], [ 4584950, 3108950 ], [ 4585050, 3108950 ], [ 4585150, 3108950 ], [ 4585250, 3108950 ], [ 4585650, 3108950 ], [ 4585950, 3108950 ], [ 4586250, 3108950 ], [ 4586350, 3108950 ], [ 4586450, 3108950 ], [ 4586750, 3108950 ], [ 4586850, 3108950 ], [ 4586950, 3108950 ], [ 4587050, 3108950 ], [ 4587850, 3108950 ], [ 4587950, 3108950 ], [ 4588450, 3108950 ], [ 4588550, 3108950 ], [ 4588650, 3108950 ], [ 4588850, 3108950 ], [ 4590750, 3108950 ], [ 4579350, 3109050 ], [ 4581050, 3109050 ], [ 4581350, 3109050 ], [ 4581450, 3109050 ], [ 4581550, 3109050 ], [ 4581650, 3109050 ], [ 4581850, 3109050 ], [ 4581950, 3109050 ], [ 4582050, 3109050 ], [ 4582150, 3109050 ], [ 4582250, 3109050 ], [ 4582350, 3109050 ], [ 4582450, 3109050 ], [ 4582650, 3109050 ], [ 4582850, 3109050 ], [ 4583050, 3109050 ], [ 4583150, 3109050 ], [ 4583750, 3109050 ], [ 4583850, 3109050 ], [ 4583950, 3109050 ], [ 4584650, 3109050 ], [ 4584750, 3109050 ], [ 4584850, 3109050 ], [ 4584950, 3109050 ], [ 4585050, 3109050 ], [ 4585550, 3109050 ], [ 4586050, 3109050 ], [ 4586150, 3109050 ], [ 4586250, 3109050 ], [ 4586350, 3109050 ], [ 4586550, 3109050 ], [ 4586750, 3109050 ], [ 4586850, 3109050 ], [ 4586950, 3109050 ], [ 4587050, 3109050 ], [ 4588350, 3109050 ], [ 4588450, 3109050 ], [ 4588550, 3109050 ], [ 4588650, 3109050 ], [ 4588750, 3109050 ], [ 4588850, 3109050 ], [ 4588950, 3109050 ], [ 4589750, 3109050 ], [ 4589950, 3109050 ], [ 4590750, 3109050 ], [ 4578450, 3109150 ], [ 4578750, 3109150 ], [ 4578950, 3109150 ], [ 4580150, 3109150 ], [ 4580350, 3109150 ], [ 4580550, 3109150 ], [ 4581350, 3109150 ], [ 4581450, 3109150 ], [ 4581550, 3109150 ], [ 4581650, 3109150 ], [ 4581750, 3109150 ], [ 4581850, 3109150 ], [ 4581950, 3109150 ], [ 4582050, 3109150 ], [ 4582150, 3109150 ], [ 4582250, 3109150 ], [ 4582350, 3109150 ], [ 4582450, 3109150 ], [ 4582650, 3109150 ], [ 4582750, 3109150 ], [ 4582850, 3109150 ], [ 4582950, 3109150 ], [ 4583050, 3109150 ], [ 4583150, 3109150 ], [ 4583250, 3109150 ], [ 4583350, 3109150 ], [ 4583450, 3109150 ], [ 4583550, 3109150 ], [ 4583650, 3109150 ], [ 4583750, 3109150 ], [ 4583950, 3109150 ], [ 4584050, 3109150 ], [ 4584150, 3109150 ], [ 4584550, 3109150 ], [ 4584750, 3109150 ], [ 4585650, 3109150 ], [ 4585850, 3109150 ], [ 4585950, 3109150 ], [ 4586150, 3109150 ], [ 4586350, 3109150 ], [ 4586750, 3109150 ], [ 4586850, 3109150 ], [ 4586950, 3109150 ], [ 4587950, 3109150 ], [ 4588050, 3109150 ], [ 4588250, 3109150 ], [ 4588350, 3109150 ], [ 4588450, 3109150 ], [ 4588550, 3109150 ], [ 4588650, 3109150 ], [ 4588750, 3109150 ], [ 4588850, 3109150 ], [ 4590650, 3109150 ], [ 4578450, 3109250 ], [ 4580350, 3109250 ], [ 4580450, 3109250 ], [ 4580550, 3109250 ], [ 4580650, 3109250 ], [ 4580950, 3109250 ], [ 4581350, 3109250 ], [ 4581450, 3109250 ], [ 4581550, 3109250 ], [ 4581650, 3109250 ], [ 4581750, 3109250 ], [ 4581850, 3109250 ], [ 4581950, 3109250 ], [ 4582050, 3109250 ], [ 4582150, 3109250 ], [ 4582250, 3109250 ], [ 4582350, 3109250 ], [ 4582450, 3109250 ], [ 4582650, 3109250 ], [ 4582750, 3109250 ], [ 4582850, 3109250 ], [ 4582950, 3109250 ], [ 4583050, 3109250 ], [ 4583150, 3109250 ], [ 4583450, 3109250 ], [ 4584050, 3109250 ], [ 4584250, 3109250 ], [ 4584350, 3109250 ], [ 4584450, 3109250 ], [ 4584550, 3109250 ], [ 4584650, 3109250 ], [ 4585850, 3109250 ], [ 4585950, 3109250 ], [ 4586050, 3109250 ], [ 4586150, 3109250 ], [ 4586250, 3109250 ], [ 4586350, 3109250 ], [ 4586450, 3109250 ], [ 4586550, 3109250 ], [ 4586650, 3109250 ], [ 4586950, 3109250 ], [ 4587050, 3109250 ], [ 4587150, 3109250 ], [ 4587250, 3109250 ], [ 4587350, 3109250 ], [ 4587850, 3109250 ], [ 4587950, 3109250 ], [ 4588050, 3109250 ], [ 4588450, 3109250 ], [ 4588550, 3109250 ], [ 4588650, 3109250 ], [ 4588750, 3109250 ], [ 4588850, 3109250 ], [ 4588950, 3109250 ], [ 4589050, 3109250 ], [ 4589550, 3109250 ], [ 4590650, 3109250 ], [ 4590850, 3109250 ], [ 4578450, 3109350 ], [ 4580350, 3109350 ], [ 4580450, 3109350 ], [ 4580550, 3109350 ], [ 4580850, 3109350 ], [ 4581450, 3109350 ], [ 4581550, 3109350 ], [ 4581650, 3109350 ], [ 4581750, 3109350 ], [ 4581850, 3109350 ], [ 4581950, 3109350 ], [ 4582050, 3109350 ], [ 4582150, 3109350 ], [ 4582250, 3109350 ], [ 4582350, 3109350 ], [ 4582450, 3109350 ], [ 4582650, 3109350 ], [ 4582750, 3109350 ], [ 4582850, 3109350 ], [ 4583450, 3109350 ], [ 4583550, 3109350 ], [ 4584250, 3109350 ], [ 4584350, 3109350 ], [ 4584450, 3109350 ], [ 4585850, 3109350 ], [ 4585950, 3109350 ], [ 4586050, 3109350 ], [ 4586150, 3109350 ], [ 4586250, 3109350 ], [ 4586350, 3109350 ], [ 4586450, 3109350 ], [ 4586650, 3109350 ], [ 4586750, 3109350 ], [ 4586850, 3109350 ], [ 4586950, 3109350 ], [ 4587050, 3109350 ], [ 4587150, 3109350 ], [ 4587250, 3109350 ], [ 4587350, 3109350 ], [ 4587650, 3109350 ], [ 4587750, 3109350 ], [ 4587850, 3109350 ], [ 4587950, 3109350 ], [ 4588050, 3109350 ], [ 4588550, 3109350 ], [ 4588650, 3109350 ], [ 4588750, 3109350 ], [ 4588850, 3109350 ], [ 4589050, 3109350 ], [ 4589150, 3109350 ], [ 4578950, 3109450 ], [ 4579550, 3109450 ], [ 4579650, 3109450 ], [ 4580050, 3109450 ], [ 4580250, 3109450 ], [ 4580450, 3109450 ], [ 4580650, 3109450 ], [ 4580750, 3109450 ], [ 4581550, 3109450 ], [ 4581650, 3109450 ], [ 4581750, 3109450 ], [ 4581850, 3109450 ], [ 4581950, 3109450 ], [ 4582050, 3109450 ], [ 4582150, 3109450 ], [ 4582250, 3109450 ], [ 4582350, 3109450 ], [ 4582450, 3109450 ], [ 4582550, 3109450 ], [ 4582650, 3109450 ], [ 4582750, 3109450 ], [ 4583050, 3109450 ], [ 4583150, 3109450 ], [ 4583750, 3109450 ], [ 4584250, 3109450 ], [ 4584350, 3109450 ], [ 4585850, 3109450 ], [ 4585950, 3109450 ], [ 4586050, 3109450 ], [ 4586150, 3109450 ], [ 4586250, 3109450 ], [ 4586350, 3109450 ], [ 4586450, 3109450 ], [ 4586550, 3109450 ], [ 4586650, 3109450 ], [ 4586750, 3109450 ], [ 4586850, 3109450 ], [ 4586950, 3109450 ], [ 4587150, 3109450 ], [ 4587250, 3109450 ], [ 4587350, 3109450 ], [ 4587450, 3109450 ], [ 4587550, 3109450 ], [ 4587650, 3109450 ], [ 4587750, 3109450 ], [ 4587850, 3109450 ], [ 4587950, 3109450 ], [ 4588150, 3109450 ], [ 4588950, 3109450 ], [ 4589050, 3109450 ], [ 4589150, 3109450 ], [ 4590950, 3109450 ], [ 4577750, 3109550 ], [ 4577950, 3109550 ], [ 4578850, 3109550 ], [ 4578950, 3109550 ], [ 4579550, 3109550 ], [ 4579650, 3109550 ], [ 4579750, 3109550 ], [ 4580250, 3109550 ], [ 4580350, 3109550 ], [ 4580450, 3109550 ], [ 4581550, 3109550 ], [ 4581650, 3109550 ], [ 4581750, 3109550 ], [ 4581850, 3109550 ], [ 4581950, 3109550 ], [ 4582150, 3109550 ], [ 4582250, 3109550 ], [ 4582350, 3109550 ], [ 4582450, 3109550 ], [ 4582550, 3109550 ], [ 4582750, 3109550 ], [ 4582950, 3109550 ], [ 4583050, 3109550 ], [ 4583150, 3109550 ], [ 4583950, 3109550 ], [ 4585850, 3109550 ], [ 4585950, 3109550 ], [ 4586050, 3109550 ], [ 4586150, 3109550 ], [ 4586250, 3109550 ], [ 4586350, 3109550 ], [ 4586450, 3109550 ], [ 4586550, 3109550 ], [ 4586650, 3109550 ], [ 4586750, 3109550 ], [ 4586850, 3109550 ], [ 4586950, 3109550 ], [ 4587050, 3109550 ], [ 4587150, 3109550 ], [ 4587250, 3109550 ], [ 4587350, 3109550 ], [ 4587450, 3109550 ], [ 4587550, 3109550 ], [ 4587650, 3109550 ], [ 4587750, 3109550 ], [ 4587850, 3109550 ], [ 4587950, 3109550 ], [ 4588050, 3109550 ], [ 4588150, 3109550 ], [ 4588250, 3109550 ], [ 4588550, 3109550 ], [ 4577650, 3109650 ], [ 4577950, 3109650 ], [ 4578050, 3109650 ], [ 4579150, 3109650 ], [ 4579550, 3109650 ], [ 4579650, 3109650 ], [ 4580450, 3109650 ], [ 4580550, 3109650 ], [ 4580650, 3109650 ], [ 4580750, 3109650 ], [ 4581650, 3109650 ], [ 4581750, 3109650 ], [ 4581850, 3109650 ], [ 4581950, 3109650 ], [ 4582050, 3109650 ], [ 4582150, 3109650 ], [ 4582250, 3109650 ], [ 4582350, 3109650 ], [ 4582450, 3109650 ], [ 4582550, 3109650 ], [ 4583950, 3109650 ], [ 4585950, 3109650 ], [ 4586050, 3109650 ], [ 4586150, 3109650 ], [ 4586250, 3109650 ], [ 4586350, 3109650 ], [ 4586450, 3109650 ], [ 4586550, 3109650 ], [ 4586650, 3109650 ], [ 4586750, 3109650 ], [ 4586850, 3109650 ], [ 4586950, 3109650 ], [ 4587050, 3109650 ], [ 4587150, 3109650 ], [ 4587250, 3109650 ], [ 4587350, 3109650 ], [ 4587450, 3109650 ], [ 4587550, 3109650 ], [ 4587850, 3109650 ], [ 4587950, 3109650 ], [ 4588050, 3109650 ], [ 4588150, 3109650 ], [ 4588250, 3109650 ], [ 4588350, 3109650 ], [ 4588650, 3109650 ], [ 4589050, 3109650 ], [ 4577650, 3109750 ], [ 4577750, 3109750 ], [ 4577850, 3109750 ], [ 4578050, 3109750 ], [ 4578150, 3109750 ], [ 4578250, 3109750 ], [ 4578750, 3109750 ], [ 4579050, 3109750 ], [ 4579550, 3109750 ], [ 4579650, 3109750 ], [ 4579750, 3109750 ], [ 4580450, 3109750 ], [ 4580550, 3109750 ], [ 4581750, 3109750 ], [ 4581850, 3109750 ], [ 4581950, 3109750 ], [ 4582050, 3109750 ], [ 4582150, 3109750 ], [ 4582250, 3109750 ], [ 4582350, 3109750 ], [ 4582450, 3109750 ], [ 4583250, 3109750 ], [ 4583350, 3109750 ], [ 4583450, 3109750 ], [ 4583550, 3109750 ], [ 4585950, 3109750 ], [ 4586050, 3109750 ], [ 4586150, 3109750 ], [ 4586350, 3109750 ], [ 4586450, 3109750 ], [ 4586550, 3109750 ], [ 4586650, 3109750 ], [ 4586750, 3109750 ], [ 4586850, 3109750 ], [ 4586950, 3109750 ], [ 4587050, 3109750 ], [ 4587150, 3109750 ], [ 4587250, 3109750 ], [ 4587350, 3109750 ], [ 4587450, 3109750 ], [ 4587650, 3109750 ], [ 4587750, 3109750 ], [ 4587950, 3109750 ], [ 4588050, 3109750 ], [ 4588150, 3109750 ], [ 4588250, 3109750 ], [ 4588350, 3109750 ], [ 4590050, 3109750 ], [ 4591050, 3109750 ], [ 4591150, 3109750 ], [ 4577650, 3109850 ], [ 4577750, 3109850 ], [ 4577950, 3109850 ], [ 4578050, 3109850 ], [ 4578150, 3109850 ], [ 4578250, 3109850 ], [ 4578350, 3109850 ], [ 4578450, 3109850 ], [ 4578550, 3109850 ], [ 4578650, 3109850 ], [ 4578750, 3109850 ], [ 4579150, 3109850 ], [ 4579550, 3109850 ], [ 4579650, 3109850 ], [ 4579750, 3109850 ], [ 4579850, 3109850 ], [ 4580250, 3109850 ], [ 4580450, 3109850 ], [ 4580550, 3109850 ], [ 4581750, 3109850 ], [ 4581850, 3109850 ], [ 4581950, 3109850 ], [ 4582050, 3109850 ], [ 4582150, 3109850 ], [ 4582350, 3109850 ], [ 4582450, 3109850 ], [ 4583150, 3109850 ], [ 4583250, 3109850 ], [ 4585650, 3109850 ], [ 4585750, 3109850 ], [ 4585850, 3109850 ], [ 4586150, 3109850 ], [ 4586350, 3109850 ], [ 4586450, 3109850 ], [ 4586550, 3109850 ], [ 4586650, 3109850 ], [ 4586750, 3109850 ], [ 4586850, 3109850 ], [ 4587350, 3109850 ], [ 4587450, 3109850 ], [ 4587550, 3109850 ], [ 4587650, 3109850 ], [ 4587750, 3109850 ], [ 4587850, 3109850 ], [ 4587950, 3109850 ], [ 4588050, 3109850 ], [ 4589750, 3109850 ], [ 4590850, 3109850 ], [ 4590950, 3109850 ], [ 4577550, 3109950 ], [ 4577650, 3109950 ], [ 4577750, 3109950 ], [ 4577850, 3109950 ], [ 4578050, 3109950 ], [ 4578150, 3109950 ], [ 4578250, 3109950 ], [ 4578350, 3109950 ], [ 4578450, 3109950 ], [ 4578550, 3109950 ], [ 4578650, 3109950 ], [ 4578750, 3109950 ], [ 4579150, 3109950 ], [ 4579250, 3109950 ], [ 4579550, 3109950 ], [ 4580250, 3109950 ], [ 4580350, 3109950 ], [ 4581850, 3109950 ], [ 4581950, 3109950 ], [ 4582050, 3109950 ], [ 4582150, 3109950 ], [ 4582250, 3109950 ], [ 4583050, 3109950 ], [ 4583150, 3109950 ], [ 4583250, 3109950 ], [ 4583350, 3109950 ], [ 4585450, 3109950 ], [ 4585550, 3109950 ], [ 4585650, 3109950 ], [ 4585750, 3109950 ], [ 4585850, 3109950 ], [ 4585950, 3109950 ], [ 4586250, 3109950 ], [ 4586350, 3109950 ], [ 4586450, 3109950 ], [ 4586550, 3109950 ], [ 4586650, 3109950 ], [ 4586750, 3109950 ], [ 4586850, 3109950 ], [ 4586950, 3109950 ], [ 4587050, 3109950 ], [ 4587450, 3109950 ], [ 4587550, 3109950 ], [ 4587650, 3109950 ], [ 4587750, 3109950 ], [ 4587850, 3109950 ], [ 4587950, 3109950 ], [ 4588050, 3109950 ], [ 4589750, 3109950 ], [ 4590450, 3109950 ], [ 4591150, 3109950 ], [ 4577650, 3110050 ], [ 4578050, 3110050 ], [ 4578350, 3110050 ], [ 4578450, 3110050 ], [ 4578550, 3110050 ], [ 4578650, 3110050 ], [ 4578750, 3110050 ], [ 4578850, 3110050 ], [ 4579350, 3110050 ], [ 4579650, 3110050 ], [ 4579750, 3110050 ], [ 4579850, 3110050 ], [ 4580250, 3110050 ], [ 4580350, 3110050 ], [ 4580450, 3110050 ], [ 4580550, 3110050 ], [ 4580650, 3110050 ], [ 4580850, 3110050 ], [ 4580950, 3110050 ], [ 4581850, 3110050 ], [ 4582150, 3110050 ], [ 4582250, 3110050 ], [ 4582650, 3110050 ], [ 4582750, 3110050 ], [ 4582950, 3110050 ], [ 4583050, 3110050 ], [ 4583150, 3110050 ], [ 4583250, 3110050 ], [ 4583350, 3110050 ], [ 4585250, 3110050 ], [ 4585350, 3110050 ], [ 4585450, 3110050 ], [ 4585550, 3110050 ], [ 4585650, 3110050 ], [ 4585750, 3110050 ], [ 4586150, 3110050 ], [ 4586250, 3110050 ], [ 4586350, 3110050 ], [ 4586450, 3110050 ], [ 4586550, 3110050 ], [ 4586650, 3110050 ], [ 4586850, 3110050 ], [ 4586950, 3110050 ], [ 4587050, 3110050 ], [ 4587450, 3110050 ], [ 4587550, 3110050 ], [ 4587650, 3110050 ], [ 4587750, 3110050 ], [ 4587950, 3110050 ], [ 4589450, 3110050 ], [ 4591050, 3110050 ], [ 4591350, 3110050 ], [ 4591450, 3110050 ], [ 4577450, 3110150 ], [ 4577650, 3110150 ], [ 4578350, 3110150 ], [ 4578450, 3110150 ], [ 4578550, 3110150 ], [ 4578650, 3110150 ], [ 4579050, 3110150 ], [ 4579850, 3110150 ], [ 4580050, 3110150 ], [ 4580250, 3110150 ], [ 4580350, 3110150 ], [ 4580450, 3110150 ], [ 4580550, 3110150 ], [ 4580750, 3110150 ], [ 4580850, 3110150 ], [ 4580950, 3110150 ], [ 4581950, 3110150 ], [ 4582550, 3110150 ], [ 4582650, 3110150 ], [ 4582750, 3110150 ], [ 4582850, 3110150 ], [ 4582950, 3110150 ], [ 4583050, 3110150 ], [ 4583150, 3110150 ], [ 4583250, 3110150 ], [ 4583350, 3110150 ], [ 4585150, 3110150 ], [ 4585250, 3110150 ], [ 4585350, 3110150 ], [ 4585450, 3110150 ], [ 4585550, 3110150 ], [ 4585650, 3110150 ], [ 4585750, 3110150 ], [ 4586150, 3110150 ], [ 4586250, 3110150 ], [ 4586350, 3110150 ], [ 4586450, 3110150 ], [ 4586550, 3110150 ], [ 4586650, 3110150 ], [ 4586950, 3110150 ], [ 4587050, 3110150 ], [ 4587350, 3110150 ], [ 4587450, 3110150 ], [ 4587550, 3110150 ], [ 4587650, 3110150 ], [ 4587750, 3110150 ], [ 4587950, 3110150 ], [ 4588050, 3110150 ], [ 4588250, 3110150 ], [ 4591250, 3110150 ], [ 4577150, 3110250 ], [ 4577250, 3110250 ], [ 4578350, 3110250 ], [ 4578450, 3110250 ], [ 4578550, 3110250 ], [ 4578650, 3110250 ], [ 4579050, 3110250 ], [ 4579150, 3110250 ], [ 4579650, 3110250 ], [ 4579750, 3110250 ], [ 4579850, 3110250 ], [ 4579950, 3110250 ], [ 4580050, 3110250 ], [ 4580250, 3110250 ], [ 4580350, 3110250 ], [ 4580450, 3110250 ], [ 4580550, 3110250 ], [ 4580850, 3110250 ], [ 4580950, 3110250 ], [ 4581050, 3110250 ], [ 4582450, 3110250 ], [ 4582550, 3110250 ], [ 4582650, 3110250 ], [ 4582950, 3110250 ], [ 4583050, 3110250 ], [ 4583150, 3110250 ], [ 4583250, 3110250 ], [ 4584950, 3110250 ], [ 4585150, 3110250 ], [ 4585250, 3110250 ], [ 4585350, 3110250 ], [ 4585450, 3110250 ], [ 4585550, 3110250 ], [ 4585650, 3110250 ], [ 4585750, 3110250 ], [ 4585850, 3110250 ], [ 4586150, 3110250 ], [ 4586250, 3110250 ], [ 4586350, 3110250 ], [ 4586450, 3110250 ], [ 4586550, 3110250 ], [ 4586650, 3110250 ], [ 4586950, 3110250 ], [ 4587050, 3110250 ], [ 4587150, 3110250 ], [ 4587450, 3110250 ], [ 4587650, 3110250 ], [ 4587750, 3110250 ], [ 4588050, 3110250 ], [ 4590250, 3110250 ], [ 4590650, 3110250 ], [ 4591350, 3110250 ], [ 4577150, 3110350 ], [ 4577250, 3110350 ], [ 4577350, 3110350 ], [ 4577450, 3110350 ], [ 4577850, 3110350 ], [ 4577950, 3110350 ], [ 4578250, 3110350 ], [ 4578350, 3110350 ], [ 4578450, 3110350 ], [ 4578550, 3110350 ], [ 4578650, 3110350 ], [ 4578750, 3110350 ], [ 4579050, 3110350 ], [ 4579150, 3110350 ], [ 4579250, 3110350 ], [ 4579650, 3110350 ], [ 4579750, 3110350 ], [ 4579950, 3110350 ], [ 4580050, 3110350 ], [ 4580150, 3110350 ], [ 4580450, 3110350 ], [ 4580650, 3110350 ], [ 4581050, 3110350 ], [ 4582150, 3110350 ], [ 4582450, 3110350 ], [ 4582550, 3110350 ], [ 4582650, 3110350 ], [ 4582950, 3110350 ], [ 4583050, 3110350 ], [ 4583150, 3110350 ], [ 4583250, 3110350 ], [ 4584750, 3110350 ], [ 4584850, 3110350 ], [ 4584950, 3110350 ], [ 4585050, 3110350 ], [ 4585150, 3110350 ], [ 4585350, 3110350 ], [ 4585450, 3110350 ], [ 4585650, 3110350 ], [ 4585750, 3110350 ], [ 4585850, 3110350 ], [ 4585950, 3110350 ], [ 4586250, 3110350 ], [ 4586350, 3110350 ], [ 4586450, 3110350 ], [ 4586550, 3110350 ], [ 4586650, 3110350 ], [ 4586750, 3110350 ], [ 4586950, 3110350 ], [ 4587050, 3110350 ], [ 4587350, 3110350 ], [ 4587450, 3110350 ], [ 4587650, 3110350 ], [ 4587750, 3110350 ], [ 4587850, 3110350 ], [ 4588150, 3110350 ], [ 4589250, 3110350 ], [ 4577050, 3110450 ], [ 4577250, 3110450 ], [ 4577350, 3110450 ], [ 4577450, 3110450 ], [ 4577550, 3110450 ], [ 4577850, 3110450 ], [ 4577950, 3110450 ], [ 4578150, 3110450 ], [ 4578250, 3110450 ], [ 4578350, 3110450 ], [ 4578450, 3110450 ], [ 4578550, 3110450 ], [ 4578650, 3110450 ], [ 4578750, 3110450 ], [ 4579350, 3110450 ], [ 4579450, 3110450 ], [ 4579750, 3110450 ], [ 4579850, 3110450 ], [ 4579950, 3110450 ], [ 4580050, 3110450 ], [ 4580150, 3110450 ], [ 4580250, 3110450 ], [ 4580450, 3110450 ], [ 4580550, 3110450 ], [ 4580650, 3110450 ], [ 4581250, 3110450 ], [ 4582050, 3110450 ], [ 4582150, 3110450 ], [ 4582250, 3110450 ], [ 4582450, 3110450 ], [ 4582550, 3110450 ], [ 4582650, 3110450 ], [ 4582850, 3110450 ], [ 4582950, 3110450 ], [ 4583050, 3110450 ], [ 4583150, 3110450 ], [ 4583250, 3110450 ], [ 4584550, 3110450 ], [ 4584650, 3110450 ], [ 4584750, 3110450 ], [ 4584850, 3110450 ], [ 4584950, 3110450 ], [ 4585050, 3110450 ], [ 4585150, 3110450 ], [ 4585250, 3110450 ], [ 4585350, 3110450 ], [ 4585450, 3110450 ], [ 4585550, 3110450 ], [ 4585650, 3110450 ], [ 4585750, 3110450 ], [ 4585850, 3110450 ], [ 4585950, 3110450 ], [ 4586250, 3110450 ], [ 4586350, 3110450 ], [ 4586450, 3110450 ], [ 4586550, 3110450 ], [ 4586650, 3110450 ], [ 4586750, 3110450 ], [ 4586950, 3110450 ], [ 4587050, 3110450 ], [ 4587150, 3110450 ], [ 4587250, 3110450 ], [ 4587350, 3110450 ], [ 4587450, 3110450 ], [ 4587550, 3110450 ], [ 4587650, 3110450 ], [ 4588150, 3110450 ], [ 4588350, 3110450 ], [ 4589150, 3110450 ], [ 4589850, 3110450 ], [ 4576950, 3110550 ], [ 4577050, 3110550 ], [ 4577150, 3110550 ], [ 4577450, 3110550 ], [ 4577750, 3110550 ], [ 4577850, 3110550 ], [ 4577950, 3110550 ], [ 4578150, 3110550 ], [ 4578350, 3110550 ], [ 4578450, 3110550 ], [ 4578550, 3110550 ], [ 4578650, 3110550 ], [ 4578750, 3110550 ], [ 4578850, 3110550 ], [ 4579850, 3110550 ], [ 4580050, 3110550 ], [ 4580150, 3110550 ], [ 4580350, 3110550 ], [ 4580450, 3110550 ], [ 4581450, 3110550 ], [ 4581950, 3110550 ], [ 4582050, 3110550 ], [ 4582150, 3110550 ], [ 4582250, 3110550 ], [ 4582350, 3110550 ], [ 4582450, 3110550 ], [ 4582550, 3110550 ], [ 4582650, 3110550 ], [ 4582950, 3110550 ], [ 4584050, 3110550 ], [ 4584150, 3110550 ], [ 4584450, 3110550 ], [ 4584550, 3110550 ], [ 4584650, 3110550 ], [ 4584750, 3110550 ], [ 4584850, 3110550 ], [ 4584950, 3110550 ], [ 4585050, 3110550 ], [ 4585150, 3110550 ], [ 4585250, 3110550 ], [ 4585350, 3110550 ], [ 4585450, 3110550 ], [ 4585550, 3110550 ], [ 4585650, 3110550 ], [ 4585750, 3110550 ], [ 4585850, 3110550 ], [ 4585950, 3110550 ], [ 4586250, 3110550 ], [ 4586350, 3110550 ], [ 4586450, 3110550 ], [ 4586550, 3110550 ], [ 4586650, 3110550 ], [ 4586750, 3110550 ], [ 4586850, 3110550 ], [ 4587050, 3110550 ], [ 4587150, 3110550 ], [ 4587250, 3110550 ], [ 4587350, 3110550 ], [ 4587450, 3110550 ], [ 4587650, 3110550 ], [ 4587750, 3110550 ], [ 4587850, 3110550 ], [ 4587950, 3110550 ], [ 4577150, 3110650 ], [ 4577250, 3110650 ], [ 4577350, 3110650 ], [ 4577450, 3110650 ], [ 4578450, 3110650 ], [ 4578550, 3110650 ], [ 4578650, 3110650 ], [ 4578750, 3110650 ], [ 4578850, 3110650 ], [ 4579250, 3110650 ], [ 4579450, 3110650 ], [ 4579750, 3110650 ], [ 4579850, 3110650 ], [ 4580150, 3110650 ], [ 4580350, 3110650 ], [ 4581950, 3110650 ], [ 4582050, 3110650 ], [ 4582150, 3110650 ], [ 4582250, 3110650 ], [ 4582350, 3110650 ], [ 4582450, 3110650 ], [ 4582550, 3110650 ], [ 4582650, 3110650 ], [ 4583950, 3110650 ], [ 4584050, 3110650 ], [ 4584350, 3110650 ], [ 4584450, 3110650 ], [ 4584650, 3110650 ], [ 4584750, 3110650 ], [ 4584850, 3110650 ], [ 4584950, 3110650 ], [ 4585050, 3110650 ], [ 4585150, 3110650 ], [ 4585250, 3110650 ], [ 4585350, 3110650 ], [ 4585450, 3110650 ], [ 4585550, 3110650 ], [ 4585650, 3110650 ], [ 4585750, 3110650 ], [ 4585850, 3110650 ], [ 4585950, 3110650 ], [ 4586150, 3110650 ], [ 4586350, 3110650 ], [ 4586450, 3110650 ], [ 4586550, 3110650 ], [ 4586650, 3110650 ], [ 4586750, 3110650 ], [ 4586850, 3110650 ], [ 4586950, 3110650 ], [ 4587050, 3110650 ], [ 4587150, 3110650 ], [ 4587250, 3110650 ], [ 4587350, 3110650 ], [ 4587450, 3110650 ], [ 4587550, 3110650 ], [ 4587750, 3110650 ], [ 4577150, 3110750 ], [ 4577250, 3110750 ], [ 4577350, 3110750 ], [ 4577450, 3110750 ], [ 4577550, 3110750 ], [ 4577750, 3110750 ], [ 4577850, 3110750 ], [ 4577950, 3110750 ], [ 4578950, 3110750 ], [ 4579150, 3110750 ], [ 4579550, 3110750 ], [ 4579850, 3110750 ], [ 4580050, 3110750 ], [ 4580150, 3110750 ], [ 4581050, 3110750 ], [ 4581150, 3110750 ], [ 4581450, 3110750 ], [ 4582050, 3110750 ], [ 4582150, 3110750 ], [ 4582250, 3110750 ], [ 4582350, 3110750 ], [ 4582450, 3110750 ], [ 4582550, 3110750 ], [ 4582650, 3110750 ], [ 4582750, 3110750 ], [ 4582850, 3110750 ], [ 4582950, 3110750 ], [ 4583050, 3110750 ], [ 4583750, 3110750 ], [ 4583950, 3110750 ], [ 4584050, 3110750 ], [ 4584150, 3110750 ], [ 4584350, 3110750 ], [ 4584850, 3110750 ], [ 4584950, 3110750 ], [ 4585050, 3110750 ], [ 4585150, 3110750 ], [ 4585250, 3110750 ], [ 4585450, 3110750 ], [ 4585550, 3110750 ], [ 4585650, 3110750 ], [ 4585750, 3110750 ], [ 4585850, 3110750 ], [ 4585950, 3110750 ], [ 4586050, 3110750 ], [ 4586150, 3110750 ], [ 4586250, 3110750 ], [ 4586350, 3110750 ], [ 4586450, 3110750 ], [ 4586550, 3110750 ], [ 4586650, 3110750 ], [ 4586750, 3110750 ], [ 4586850, 3110750 ], [ 4586950, 3110750 ], [ 4587050, 3110750 ], [ 4587350, 3110750 ], [ 4587450, 3110750 ], [ 4587550, 3110750 ], [ 4587650, 3110750 ], [ 4587750, 3110750 ], [ 4587950, 3110750 ], [ 4588050, 3110750 ], [ 4588450, 3110750 ], [ 4589250, 3110750 ], [ 4589350, 3110750 ], [ 4577250, 3110850 ], [ 4577350, 3110850 ], [ 4577450, 3110850 ], [ 4577750, 3110850 ], [ 4577850, 3110850 ], [ 4577950, 3110850 ], [ 4578750, 3110850 ], [ 4578850, 3110850 ], [ 4578950, 3110850 ], [ 4579750, 3110850 ], [ 4580850, 3110850 ], [ 4580950, 3110850 ], [ 4581050, 3110850 ], [ 4581150, 3110850 ], [ 4582150, 3110850 ], [ 4582250, 3110850 ], [ 4582350, 3110850 ], [ 4582450, 3110850 ], [ 4582550, 3110850 ], [ 4582650, 3110850 ], [ 4582750, 3110850 ], [ 4582950, 3110850 ], [ 4583050, 3110850 ], [ 4583150, 3110850 ], [ 4583250, 3110850 ], [ 4583350, 3110850 ], [ 4583650, 3110850 ], [ 4583750, 3110850 ], [ 4583850, 3110850 ], [ 4583950, 3110850 ], [ 4584050, 3110850 ], [ 4584150, 3110850 ], [ 4584350, 3110850 ], [ 4584650, 3110850 ], [ 4584750, 3110850 ], [ 4584850, 3110850 ], [ 4584950, 3110850 ], [ 4585050, 3110850 ], [ 4585150, 3110850 ], [ 4585250, 3110850 ], [ 4585350, 3110850 ], [ 4585450, 3110850 ], [ 4585550, 3110850 ], [ 4585650, 3110850 ], [ 4585750, 3110850 ], [ 4585850, 3110850 ], [ 4585950, 3110850 ], [ 4586050, 3110850 ], [ 4586150, 3110850 ], [ 4586250, 3110850 ], [ 4586350, 3110850 ], [ 4586450, 3110850 ], [ 4586650, 3110850 ], [ 4586750, 3110850 ], [ 4586850, 3110850 ], [ 4586950, 3110850 ], [ 4587050, 3110850 ], [ 4587250, 3110850 ], [ 4587350, 3110850 ], [ 4587450, 3110850 ], [ 4587550, 3110850 ], [ 4587650, 3110850 ], [ 4587850, 3110850 ], [ 4577250, 3110950 ], [ 4577350, 3110950 ], [ 4577450, 3110950 ], [ 4577750, 3110950 ], [ 4577850, 3110950 ], [ 4577950, 3110950 ], [ 4578750, 3110950 ], [ 4578950, 3110950 ], [ 4579150, 3110950 ], [ 4579750, 3110950 ], [ 4579850, 3110950 ], [ 4580750, 3110950 ], [ 4580850, 3110950 ], [ 4580950, 3110950 ], [ 4581050, 3110950 ], [ 4581150, 3110950 ], [ 4581950, 3110950 ], [ 4582050, 3110950 ], [ 4582150, 3110950 ], [ 4582450, 3110950 ], [ 4582550, 3110950 ], [ 4582650, 3110950 ], [ 4582750, 3110950 ], [ 4582950, 3110950 ], [ 4583050, 3110950 ], [ 4583150, 3110950 ], [ 4583250, 3110950 ], [ 4583350, 3110950 ], [ 4583550, 3110950 ], [ 4583650, 3110950 ], [ 4583750, 3110950 ], [ 4583850, 3110950 ], [ 4583950, 3110950 ], [ 4584050, 3110950 ], [ 4584150, 3110950 ], [ 4584250, 3110950 ], [ 4584350, 3110950 ], [ 4584450, 3110950 ], [ 4584550, 3110950 ], [ 4584650, 3110950 ], [ 4584750, 3110950 ], [ 4584850, 3110950 ], [ 4584950, 3110950 ], [ 4585050, 3110950 ], [ 4585150, 3110950 ], [ 4585250, 3110950 ], [ 4585350, 3110950 ], [ 4585450, 3110950 ], [ 4585550, 3110950 ], [ 4585650, 3110950 ], [ 4585750, 3110950 ], [ 4585950, 3110950 ], [ 4586050, 3110950 ], [ 4586150, 3110950 ], [ 4586250, 3110950 ], [ 4586350, 3110950 ], [ 4586450, 3110950 ], [ 4586550, 3110950 ], [ 4586650, 3110950 ], [ 4586750, 3110950 ], [ 4586850, 3110950 ], [ 4586950, 3110950 ], [ 4587350, 3110950 ], [ 4587550, 3110950 ], [ 4587650, 3110950 ], [ 4588050, 3110950 ], [ 4590350, 3110950 ], [ 4592650, 3110950 ], [ 4576850, 3111050 ], [ 4577650, 3111050 ], [ 4577950, 3111050 ], [ 4578850, 3111050 ], [ 4578950, 3111050 ], [ 4579050, 3111050 ], [ 4579150, 3111050 ], [ 4579750, 3111050 ], [ 4580550, 3111050 ], [ 4580750, 3111050 ], [ 4580850, 3111050 ], [ 4580950, 3111050 ], [ 4581050, 3111050 ], [ 4581850, 3111050 ], [ 4582050, 3111050 ], [ 4582150, 3111050 ], [ 4582250, 3111050 ], [ 4582350, 3111050 ], [ 4582550, 3111050 ], [ 4582650, 3111050 ], [ 4582850, 3111050 ], [ 4582950, 3111050 ], [ 4583050, 3111050 ], [ 4583150, 3111050 ], [ 4583250, 3111050 ], [ 4583650, 3111050 ], [ 4583950, 3111050 ], [ 4584050, 3111050 ], [ 4584150, 3111050 ], [ 4584250, 3111050 ], [ 4584650, 3111050 ], [ 4584750, 3111050 ], [ 4584850, 3111050 ], [ 4584950, 3111050 ], [ 4585050, 3111050 ], [ 4585150, 3111050 ], [ 4585350, 3111050 ], [ 4585450, 3111050 ], [ 4585550, 3111050 ], [ 4585650, 3111050 ], [ 4585750, 3111050 ], [ 4585850, 3111050 ], [ 4585950, 3111050 ], [ 4586050, 3111050 ], [ 4586150, 3111050 ], [ 4586250, 3111050 ], [ 4586350, 3111050 ], [ 4586450, 3111050 ], [ 4586550, 3111050 ], [ 4586650, 3111050 ], [ 4586750, 3111050 ], [ 4586850, 3111050 ], [ 4586950, 3111050 ], [ 4587150, 3111050 ], [ 4587650, 3111050 ], [ 4577750, 3111150 ], [ 4579150, 3111150 ], [ 4580050, 3111150 ], [ 4580450, 3111150 ], [ 4581550, 3111150 ], [ 4582050, 3111150 ], [ 4582150, 3111150 ], [ 4582250, 3111150 ], [ 4582350, 3111150 ], [ 4582450, 3111150 ], [ 4582750, 3111150 ], [ 4582850, 3111150 ], [ 4582950, 3111150 ], [ 4583050, 3111150 ], [ 4583150, 3111150 ], [ 4583250, 3111150 ], [ 4583350, 3111150 ], [ 4583650, 3111150 ], [ 4583750, 3111150 ], [ 4583950, 3111150 ], [ 4584050, 3111150 ], [ 4584150, 3111150 ], [ 4584250, 3111150 ], [ 4584350, 3111150 ], [ 4584650, 3111150 ], [ 4584750, 3111150 ], [ 4584850, 3111150 ], [ 4585450, 3111150 ], [ 4585550, 3111150 ], [ 4585650, 3111150 ], [ 4585750, 3111150 ], [ 4585850, 3111150 ], [ 4585950, 3111150 ], [ 4586050, 3111150 ], [ 4586150, 3111150 ], [ 4586250, 3111150 ], [ 4586350, 3111150 ], [ 4586450, 3111150 ], [ 4586550, 3111150 ], [ 4586650, 3111150 ], [ 4586850, 3111150 ], [ 4586950, 3111150 ], [ 4587050, 3111150 ], [ 4587250, 3111150 ], [ 4587950, 3111150 ], [ 4588050, 3111150 ], [ 4588950, 3111150 ], [ 4590450, 3111150 ], [ 4591750, 3111150 ], [ 4591950, 3111150 ], [ 4592150, 3111150 ], [ 4579450, 3111250 ], [ 4579650, 3111250 ], [ 4579850, 3111250 ], [ 4579950, 3111250 ], [ 4580050, 3111250 ], [ 4582050, 3111250 ], [ 4582150, 3111250 ], [ 4582250, 3111250 ], [ 4582350, 3111250 ], [ 4582450, 3111250 ], [ 4582950, 3111250 ], [ 4583050, 3111250 ], [ 4583150, 3111250 ], [ 4583350, 3111250 ], [ 4583750, 3111250 ], [ 4583950, 3111250 ], [ 4584050, 3111250 ], [ 4584150, 3111250 ], [ 4584250, 3111250 ], [ 4584750, 3111250 ], [ 4584950, 3111250 ], [ 4585050, 3111250 ], [ 4585250, 3111250 ], [ 4585350, 3111250 ], [ 4585450, 3111250 ], [ 4585550, 3111250 ], [ 4585750, 3111250 ], [ 4585850, 3111250 ], [ 4585950, 3111250 ], [ 4586050, 3111250 ], [ 4586150, 3111250 ], [ 4586250, 3111250 ], [ 4586350, 3111250 ], [ 4586450, 3111250 ], [ 4586550, 3111250 ], [ 4587050, 3111250 ], [ 4587350, 3111250 ], [ 4587450, 3111250 ], [ 4587550, 3111250 ], [ 4587750, 3111250 ], [ 4587950, 3111250 ], [ 4589250, 3111250 ], [ 4589650, 3111250 ], [ 4592250, 3111250 ], [ 4576450, 3111350 ], [ 4576550, 3111350 ], [ 4577250, 3111350 ], [ 4579450, 3111350 ], [ 4581750, 3111350 ], [ 4581950, 3111350 ], [ 4582050, 3111350 ], [ 4582150, 3111350 ], [ 4582250, 3111350 ], [ 4582350, 3111350 ], [ 4582450, 3111350 ], [ 4582950, 3111350 ], [ 4583250, 3111350 ], [ 4583750, 3111350 ], [ 4583950, 3111350 ], [ 4584050, 3111350 ], [ 4584150, 3111350 ], [ 4584250, 3111350 ], [ 4584350, 3111350 ], [ 4584450, 3111350 ], [ 4584650, 3111350 ], [ 4584950, 3111350 ], [ 4585050, 3111350 ], [ 4585150, 3111350 ], [ 4585250, 3111350 ], [ 4585350, 3111350 ], [ 4585450, 3111350 ], [ 4585550, 3111350 ], [ 4585650, 3111350 ], [ 4585750, 3111350 ], [ 4585850, 3111350 ], [ 4585950, 3111350 ], [ 4586150, 3111350 ], [ 4586250, 3111350 ], [ 4586350, 3111350 ], [ 4586450, 3111350 ], [ 4587450, 3111350 ], [ 4587650, 3111350 ], [ 4587850, 3111350 ], [ 4589250, 3111350 ], [ 4589550, 3111350 ], [ 4590750, 3111350 ], [ 4579050, 3111450 ], [ 4579350, 3111450 ], [ 4581450, 3111450 ], [ 4581550, 3111450 ], [ 4581650, 3111450 ], [ 4581750, 3111450 ], [ 4581950, 3111450 ], [ 4582050, 3111450 ], [ 4582150, 3111450 ], [ 4582250, 3111450 ], [ 4582350, 3111450 ], [ 4583050, 3111450 ], [ 4583950, 3111450 ], [ 4584050, 3111450 ], [ 4584150, 3111450 ], [ 4584350, 3111450 ], [ 4584550, 3111450 ], [ 4584650, 3111450 ], [ 4584950, 3111450 ], [ 4585350, 3111450 ], [ 4585450, 3111450 ], [ 4585550, 3111450 ], [ 4585650, 3111450 ], [ 4585850, 3111450 ], [ 4585950, 3111450 ], [ 4586050, 3111450 ], [ 4586150, 3111450 ], [ 4586250, 3111450 ], [ 4586350, 3111450 ], [ 4586450, 3111450 ], [ 4587450, 3111450 ], [ 4587550, 3111450 ], [ 4588550, 3111450 ], [ 4588650, 3111450 ], [ 4589250, 3111450 ], [ 4589550, 3111450 ], [ 4590150, 3111450 ], [ 4590450, 3111450 ], [ 4579350, 3111550 ], [ 4579450, 3111550 ], [ 4581250, 3111550 ], [ 4581350, 3111550 ], [ 4581450, 3111550 ], [ 4581550, 3111550 ], [ 4581750, 3111550 ], [ 4581850, 3111550 ], [ 4582150, 3111550 ], [ 4582250, 3111550 ], [ 4582350, 3111550 ], [ 4583950, 3111550 ], [ 4584050, 3111550 ], [ 4584450, 3111550 ], [ 4584550, 3111550 ], [ 4584650, 3111550 ], [ 4584750, 3111550 ], [ 4584850, 3111550 ], [ 4586250, 3111550 ], [ 4586350, 3111550 ], [ 4586450, 3111550 ], [ 4587050, 3111550 ], [ 4587150, 3111550 ], [ 4587250, 3111550 ], [ 4587750, 3111550 ], [ 4587850, 3111550 ], [ 4589050, 3111550 ], [ 4577150, 3111650 ], [ 4577750, 3111650 ], [ 4579150, 3111650 ], [ 4579250, 3111650 ], [ 4580950, 3111650 ], [ 4581050, 3111650 ], [ 4581150, 3111650 ], [ 4581250, 3111650 ], [ 4581350, 3111650 ], [ 4581450, 3111650 ], [ 4581550, 3111650 ], [ 4581850, 3111650 ], [ 4581950, 3111650 ], [ 4582050, 3111650 ], [ 4582150, 3111650 ], [ 4582250, 3111650 ], [ 4584050, 3111650 ], [ 4584150, 3111650 ], [ 4584350, 3111650 ], [ 4584450, 3111650 ], [ 4584550, 3111650 ], [ 4584650, 3111650 ], [ 4584750, 3111650 ], [ 4584850, 3111650 ], [ 4586150, 3111650 ], [ 4586250, 3111650 ], [ 4586350, 3111650 ], [ 4586450, 3111650 ], [ 4586550, 3111650 ], [ 4587150, 3111650 ], [ 4587350, 3111650 ], [ 4589250, 3111650 ], [ 4589350, 3111650 ], [ 4589550, 3111650 ], [ 4589750, 3111650 ], [ 4577050, 3111750 ], [ 4578150, 3111750 ], [ 4578550, 3111750 ], [ 4578750, 3111750 ], [ 4578850, 3111750 ], [ 4579150, 3111750 ], [ 4581050, 3111750 ], [ 4581150, 3111750 ], [ 4581250, 3111750 ], [ 4581350, 3111750 ], [ 4581450, 3111750 ], [ 4581650, 3111750 ], [ 4581750, 3111750 ], [ 4581850, 3111750 ], [ 4581950, 3111750 ], [ 4582150, 3111750 ], [ 4582250, 3111750 ], [ 4584350, 3111750 ], [ 4584450, 3111750 ], [ 4584550, 3111750 ], [ 4584650, 3111750 ], [ 4584750, 3111750 ], [ 4584850, 3111750 ], [ 4586150, 3111750 ], [ 4586250, 3111750 ], [ 4586350, 3111750 ], [ 4586450, 3111750 ], [ 4588750, 3111750 ], [ 4588850, 3111750 ], [ 4589550, 3111750 ], [ 4589650, 3111750 ], [ 4590750, 3111750 ], [ 4592050, 3111750 ], [ 4577450, 3111850 ], [ 4577550, 3111850 ], [ 4577950, 3111850 ], [ 4578250, 3111850 ], [ 4578650, 3111850 ], [ 4579050, 3111850 ], [ 4581250, 3111850 ], [ 4581650, 3111850 ], [ 4581750, 3111850 ], [ 4581850, 3111850 ], [ 4581950, 3111850 ], [ 4583250, 3111850 ], [ 4584550, 3111850 ], [ 4584650, 3111850 ], [ 4584750, 3111850 ], [ 4584950, 3111850 ], [ 4585050, 3111850 ], [ 4585150, 3111850 ], [ 4589250, 3111850 ], [ 4589650, 3111850 ], [ 4592050, 3111850 ], [ 4577250, 3111950 ], [ 4577950, 3111950 ], [ 4578450, 3111950 ], [ 4578550, 3111950 ], [ 4579050, 3111950 ], [ 4579150, 3111950 ], [ 4581050, 3111950 ], [ 4581150, 3111950 ], [ 4581650, 3111950 ], [ 4581750, 3111950 ], [ 4581850, 3111950 ], [ 4581950, 3111950 ], [ 4583050, 3111950 ], [ 4583150, 3111950 ], [ 4583250, 3111950 ], [ 4583450, 3111950 ], [ 4584550, 3111950 ], [ 4584750, 3111950 ], [ 4584850, 3111950 ], [ 4584950, 3111950 ], [ 4585150, 3111950 ], [ 4585250, 3111950 ], [ 4585350, 3111950 ], [ 4585450, 3111950 ], [ 4586450, 3111950 ], [ 4591750, 3111950 ], [ 4577450, 3112050 ], [ 4578050, 3112050 ], [ 4578150, 3112050 ], [ 4578450, 3112050 ], [ 4578650, 3112050 ], [ 4578750, 3112050 ], [ 4581050, 3112050 ], [ 4581150, 3112050 ], [ 4583050, 3112050 ], [ 4583150, 3112050 ], [ 4583250, 3112050 ], [ 4583350, 3112050 ], [ 4583450, 3112050 ], [ 4583550, 3112050 ], [ 4583650, 3112050 ], [ 4583750, 3112050 ], [ 4583850, 3112050 ], [ 4583950, 3112050 ], [ 4584750, 3112050 ], [ 4584850, 3112050 ], [ 4584950, 3112050 ], [ 4585050, 3112050 ], [ 4585150, 3112050 ], [ 4585350, 3112050 ], [ 4585450, 3112050 ], [ 4585550, 3112050 ], [ 4585650, 3112050 ], [ 4586950, 3112050 ], [ 4587050, 3112050 ], [ 4587150, 3112050 ], [ 4588150, 3112050 ], [ 4588850, 3112050 ], [ 4589150, 3112050 ], [ 4591650, 3112050 ], [ 4591750, 3112050 ], [ 4578950, 3112150 ], [ 4579050, 3112150 ], [ 4581250, 3112150 ], [ 4583050, 3112150 ], [ 4583150, 3112150 ], [ 4583250, 3112150 ], [ 4583350, 3112150 ], [ 4583450, 3112150 ], [ 4583550, 3112150 ], [ 4583650, 3112150 ], [ 4583850, 3112150 ], [ 4583950, 3112150 ], [ 4584850, 3112150 ], [ 4585050, 3112150 ], [ 4585150, 3112150 ], [ 4585250, 3112150 ], [ 4585350, 3112150 ], [ 4585450, 3112150 ], [ 4589550, 3112150 ], [ 4578550, 3112250 ], [ 4578650, 3112250 ], [ 4578750, 3112250 ], [ 4583050, 3112250 ], [ 4583150, 3112250 ], [ 4583250, 3112250 ], [ 4583350, 3112250 ], [ 4583450, 3112250 ], [ 4583550, 3112250 ], [ 4583750, 3112250 ], [ 4583850, 3112250 ], [ 4583950, 3112250 ], [ 4584150, 3112250 ], [ 4584250, 3112250 ], [ 4585050, 3112250 ], [ 4585150, 3112250 ], [ 4585250, 3112250 ], [ 4585350, 3112250 ], [ 4585450, 3112250 ], [ 4586450, 3112250 ], [ 4586550, 3112250 ], [ 4588750, 3112250 ], [ 4589050, 3112250 ], [ 4589150, 3112250 ], [ 4589850, 3112250 ], [ 4578550, 3112350 ], [ 4582850, 3112350 ], [ 4583050, 3112350 ], [ 4583150, 3112350 ], [ 4583250, 3112350 ], [ 4583350, 3112350 ], [ 4583450, 3112350 ], [ 4583550, 3112350 ], [ 4583650, 3112350 ], [ 4583750, 3112350 ], [ 4583850, 3112350 ], [ 4583950, 3112350 ], [ 4584050, 3112350 ], [ 4584150, 3112350 ], [ 4584250, 3112350 ], [ 4584350, 3112350 ], [ 4588650, 3112350 ], [ 4588850, 3112350 ], [ 4590150, 3112350 ], [ 4590450, 3112350 ], [ 4590950, 3112350 ], [ 4591050, 3112350 ], [ 4591450, 3112350 ], [ 4577950, 3112450 ], [ 4578350, 3112450 ], [ 4582650, 3112450 ], [ 4583150, 3112450 ], [ 4583250, 3112450 ], [ 4583350, 3112450 ], [ 4583650, 3112450 ], [ 4583750, 3112450 ], [ 4583850, 3112450 ], [ 4583950, 3112450 ], [ 4584050, 3112450 ], [ 4584150, 3112450 ], [ 4584250, 3112450 ], [ 4584350, 3112450 ], [ 4584450, 3112450 ], [ 4588350, 3112450 ], [ 4590850, 3112450 ], [ 4590950, 3112450 ], [ 4591350, 3112450 ], [ 4591650, 3112450 ], [ 4577850, 3112550 ], [ 4578050, 3112550 ], [ 4582650, 3112550 ], [ 4583250, 3112550 ], [ 4583350, 3112550 ], [ 4583550, 3112550 ], [ 4583650, 3112550 ], [ 4583750, 3112550 ], [ 4583850, 3112550 ], [ 4583950, 3112550 ], [ 4584050, 3112550 ], [ 4584150, 3112550 ], [ 4584250, 3112550 ], [ 4584350, 3112550 ], [ 4584450, 3112550 ], [ 4584650, 3112550 ], [ 4588050, 3112550 ], [ 4588650, 3112550 ], [ 4589050, 3112550 ], [ 4589350, 3112550 ], [ 4577550, 3112650 ], [ 4577750, 3112650 ], [ 4583250, 3112650 ], [ 4583550, 3112650 ], [ 4583650, 3112650 ], [ 4583750, 3112650 ], [ 4583850, 3112650 ], [ 4583950, 3112650 ], [ 4584050, 3112650 ], [ 4584150, 3112650 ], [ 4584250, 3112650 ], [ 4584350, 3112650 ], [ 4584450, 3112650 ], [ 4584550, 3112650 ], [ 4587850, 3112650 ], [ 4588650, 3112650 ], [ 4588750, 3112650 ], [ 4589250, 3112650 ], [ 4590050, 3112650 ], [ 4590550, 3112650 ], [ 4590650, 3112650 ], [ 4591250, 3112650 ], [ 4578150, 3112750 ], [ 4582550, 3112750 ], [ 4583250, 3112750 ], [ 4583350, 3112750 ], [ 4583450, 3112750 ], [ 4583550, 3112750 ], [ 4583650, 3112750 ], [ 4583750, 3112750 ], [ 4583850, 3112750 ], [ 4583950, 3112750 ], [ 4584050, 3112750 ], [ 4584150, 3112750 ], [ 4584250, 3112750 ], [ 4584350, 3112750 ], [ 4584450, 3112750 ], [ 4587750, 3112750 ], [ 4588350, 3112750 ], [ 4590550, 3112750 ], [ 4582550, 3112850 ], [ 4583350, 3112850 ], [ 4583450, 3112850 ], [ 4583550, 3112850 ], [ 4583650, 3112850 ], [ 4583750, 3112850 ], [ 4583950, 3112850 ], [ 4584050, 3112850 ], [ 4584150, 3112850 ], [ 4584250, 3112850 ], [ 4584350, 3112850 ], [ 4584450, 3112850 ], [ 4584750, 3112850 ], [ 4586450, 3112850 ], [ 4588950, 3112850 ], [ 4590050, 3112850 ], [ 4590150, 3112850 ], [ 4590250, 3112850 ], [ 4590350, 3112850 ], [ 4590850, 3112850 ], [ 4583350, 3112950 ], [ 4583550, 3112950 ], [ 4583650, 3112950 ], [ 4583750, 3112950 ], [ 4583850, 3112950 ], [ 4583950, 3112950 ], [ 4584050, 3112950 ], [ 4584250, 3112950 ], [ 4584350, 3112950 ], [ 4584450, 3112950 ], [ 4584750, 3112950 ], [ 4586050, 3112950 ], [ 4586450, 3112950 ], [ 4588550, 3112950 ], [ 4588650, 3112950 ], [ 4588750, 3112950 ], [ 4589650, 3112950 ], [ 4590850, 3112950 ], [ 4591050, 3112950 ], [ 4591150, 3112950 ], [ 4577550, 3113050 ], [ 4579650, 3113050 ], [ 4579750, 3113050 ], [ 4579850, 3113050 ], [ 4579950, 3113050 ], [ 4580050, 3113050 ], [ 4583050, 3113050 ], [ 4583150, 3113050 ], [ 4583450, 3113050 ], [ 4583550, 3113050 ], [ 4583650, 3113050 ], [ 4583750, 3113050 ], [ 4583850, 3113050 ], [ 4583950, 3113050 ], [ 4584050, 3113050 ], [ 4584150, 3113050 ], [ 4584250, 3113050 ], [ 4584350, 3113050 ], [ 4584450, 3113050 ], [ 4584650, 3113050 ], [ 4585450, 3113050 ], [ 4585850, 3113050 ], [ 4586050, 3113050 ], [ 4586150, 3113050 ], [ 4586250, 3113050 ], [ 4586350, 3113050 ], [ 4586450, 3113050 ], [ 4588550, 3113050 ], [ 4590250, 3113050 ], [ 4578050, 3113150 ], [ 4579650, 3113150 ], [ 4579750, 3113150 ], [ 4579850, 3113150 ], [ 4579950, 3113150 ], [ 4580050, 3113150 ], [ 4582950, 3113150 ], [ 4583050, 3113150 ], [ 4583150, 3113150 ], [ 4583450, 3113150 ], [ 4583550, 3113150 ], [ 4583650, 3113150 ], [ 4583750, 3113150 ], [ 4583850, 3113150 ], [ 4583950, 3113150 ], [ 4584050, 3113150 ], [ 4584150, 3113150 ], [ 4584250, 3113150 ], [ 4584350, 3113150 ], [ 4584450, 3113150 ], [ 4584850, 3113150 ], [ 4585050, 3113150 ], [ 4585250, 3113150 ], [ 4585550, 3113150 ], [ 4585750, 3113150 ], [ 4585850, 3113150 ], [ 4586050, 3113150 ], [ 4586350, 3113150 ], [ 4590250, 3113150 ], [ 4591150, 3113150 ], [ 4579750, 3113250 ], [ 4579850, 3113250 ], [ 4579950, 3113250 ], [ 4580050, 3113250 ], [ 4582250, 3113250 ], [ 4582850, 3113250 ], [ 4582950, 3113250 ], [ 4583050, 3113250 ], [ 4583150, 3113250 ], [ 4583550, 3113250 ], [ 4583650, 3113250 ], [ 4583750, 3113250 ], [ 4583850, 3113250 ], [ 4583950, 3113250 ], [ 4584050, 3113250 ], [ 4584150, 3113250 ], [ 4584250, 3113250 ], [ 4584750, 3113250 ], [ 4584950, 3113250 ], [ 4585550, 3113250 ], [ 4585650, 3113250 ], [ 4585850, 3113250 ], [ 4585950, 3113250 ], [ 4586050, 3113250 ], [ 4586150, 3113250 ], [ 4586250, 3113250 ], [ 4579550, 3113350 ], [ 4579750, 3113350 ], [ 4579850, 3113350 ], [ 4579950, 3113350 ], [ 4582050, 3113350 ], [ 4582250, 3113350 ], [ 4582350, 3113350 ], [ 4582850, 3113350 ], [ 4582950, 3113350 ], [ 4583050, 3113350 ], [ 4583750, 3113350 ], [ 4583850, 3113350 ], [ 4583950, 3113350 ], [ 4584050, 3113350 ], [ 4584450, 3113350 ], [ 4584850, 3113350 ], [ 4585250, 3113350 ], [ 4585550, 3113350 ], [ 4585650, 3113350 ], [ 4585850, 3113350 ], [ 4585950, 3113350 ], [ 4586150, 3113350 ], [ 4586250, 3113350 ], [ 4579750, 3113450 ], [ 4579850, 3113450 ], [ 4581950, 3113450 ], [ 4582150, 3113450 ], [ 4582250, 3113450 ], [ 4582350, 3113450 ], [ 4582750, 3113450 ], [ 4583050, 3113450 ], [ 4583150, 3113450 ], [ 4583250, 3113450 ], [ 4583350, 3113450 ], [ 4583750, 3113450 ], [ 4583850, 3113450 ], [ 4583950, 3113450 ], [ 4585150, 3113450 ], [ 4585250, 3113450 ], [ 4585350, 3113450 ], [ 4585550, 3113450 ], [ 4585650, 3113450 ], [ 4585750, 3113450 ], [ 4585850, 3113450 ], [ 4585950, 3113450 ], [ 4586050, 3113450 ], [ 4586150, 3113450 ], [ 4586250, 3113450 ], [ 4586350, 3113450 ], [ 4577650, 3113550 ], [ 4580050, 3113550 ], [ 4580150, 3113550 ], [ 4581950, 3113550 ], [ 4582250, 3113550 ], [ 4582350, 3113550 ], [ 4583150, 3113550 ], [ 4583250, 3113550 ], [ 4583350, 3113550 ], [ 4583450, 3113550 ], [ 4583650, 3113550 ], [ 4583850, 3113550 ], [ 4584950, 3113550 ], [ 4585050, 3113550 ], [ 4585150, 3113550 ], [ 4585650, 3113550 ], [ 4585750, 3113550 ], [ 4586150, 3113550 ], [ 4586250, 3113550 ], [ 4586350, 3113550 ], [ 4586550, 3113550 ], [ 4573350, 3113650 ], [ 4581850, 3113650 ], [ 4581950, 3113650 ], [ 4582250, 3113650 ], [ 4582550, 3113650 ], [ 4583150, 3113650 ], [ 4583250, 3113650 ], [ 4583350, 3113650 ], [ 4583450, 3113650 ], [ 4583550, 3113650 ], [ 4583850, 3113650 ], [ 4584050, 3113650 ], [ 4584150, 3113650 ], [ 4584550, 3113650 ], [ 4586150, 3113650 ], [ 4586250, 3113650 ], [ 4586350, 3113650 ], [ 4581750, 3113750 ], [ 4581850, 3113750 ], [ 4581950, 3113750 ], [ 4582050, 3113750 ], [ 4582150, 3113750 ], [ 4582250, 3113750 ], [ 4582450, 3113750 ], [ 4582550, 3113750 ], [ 4583250, 3113750 ], [ 4583350, 3113750 ], [ 4583450, 3113750 ], [ 4583650, 3113750 ], [ 4584050, 3113750 ], [ 4584150, 3113750 ], [ 4584450, 3113750 ], [ 4586350, 3113750 ], [ 4586450, 3113750 ], [ 4573350, 3113850 ], [ 4579950, 3113850 ], [ 4580050, 3113850 ], [ 4581550, 3113850 ], [ 4581650, 3113850 ], [ 4581750, 3113850 ], [ 4581850, 3113850 ], [ 4581950, 3113850 ], [ 4582450, 3113850 ], [ 4582550, 3113850 ], [ 4583350, 3113850 ], [ 4583450, 3113850 ], [ 4583550, 3113850 ], [ 4584050, 3113850 ], [ 4586350, 3113850 ], [ 4586450, 3113850 ], [ 4586550, 3113850 ], [ 4577250, 3113950 ], [ 4577350, 3113950 ], [ 4580750, 3113950 ], [ 4581350, 3113950 ], [ 4581450, 3113950 ], [ 4581550, 3113950 ], [ 4581650, 3113950 ], [ 4581750, 3113950 ], [ 4581950, 3113950 ], [ 4582050, 3113950 ], [ 4582150, 3113950 ], [ 4583350, 3113950 ], [ 4583450, 3113950 ], [ 4583550, 3113950 ], [ 4586350, 3113950 ], [ 4586450, 3113950 ], [ 4586550, 3113950 ], [ 4573350, 3114050 ], [ 4573850, 3114050 ], [ 4575250, 3114050 ], [ 4576650, 3114050 ], [ 4577250, 3114050 ], [ 4577450, 3114050 ], [ 4580150, 3114050 ], [ 4580250, 3114050 ], [ 4580650, 3114050 ], [ 4580750, 3114050 ], [ 4580850, 3114050 ], [ 4580950, 3114050 ], [ 4581150, 3114050 ], [ 4581350, 3114050 ], [ 4581450, 3114050 ], [ 4581550, 3114050 ], [ 4581650, 3114050 ], [ 4581750, 3114050 ], [ 4581850, 3114050 ], [ 4581950, 3114050 ], [ 4582050, 3114050 ], [ 4582150, 3114050 ], [ 4582550, 3114050 ], [ 4583450, 3114050 ], [ 4583550, 3114050 ], [ 4583650, 3114050 ], [ 4583750, 3114050 ], [ 4583850, 3114050 ], [ 4586450, 3114050 ], [ 4586550, 3114050 ], [ 4574150, 3114150 ], [ 4577050, 3114150 ], [ 4577550, 3114150 ], [ 4580150, 3114150 ], [ 4580950, 3114150 ], [ 4581150, 3114150 ], [ 4581250, 3114150 ], [ 4581350, 3114150 ], [ 4581450, 3114150 ], [ 4581550, 3114150 ], [ 4581650, 3114150 ], [ 4581750, 3114150 ], [ 4581850, 3114150 ], [ 4581950, 3114150 ], [ 4582050, 3114150 ], [ 4582450, 3114150 ], [ 4582550, 3114150 ], [ 4583450, 3114150 ], [ 4583550, 3114150 ], [ 4583650, 3114150 ], [ 4583850, 3114150 ], [ 4573850, 3114250 ], [ 4575350, 3114250 ], [ 4575450, 3114250 ], [ 4576850, 3114250 ], [ 4577350, 3114250 ], [ 4580550, 3114250 ], [ 4580650, 3114250 ], [ 4580850, 3114250 ], [ 4581050, 3114250 ], [ 4581250, 3114250 ], [ 4581350, 3114250 ], [ 4581450, 3114250 ], [ 4581550, 3114250 ], [ 4581650, 3114250 ], [ 4581750, 3114250 ], [ 4581850, 3114250 ], [ 4581950, 3114250 ], [ 4582250, 3114250 ], [ 4582350, 3114250 ], [ 4583450, 3114250 ], [ 4574350, 3114350 ], [ 4574750, 3114350 ], [ 4576750, 3114350 ], [ 4577150, 3114350 ], [ 4580150, 3114350 ], [ 4580250, 3114350 ], [ 4580450, 3114350 ], [ 4580550, 3114350 ], [ 4580750, 3114350 ], [ 4580850, 3114350 ], [ 4580950, 3114350 ], [ 4581050, 3114350 ], [ 4581250, 3114350 ], [ 4581350, 3114350 ], [ 4581450, 3114350 ], [ 4581550, 3114350 ], [ 4581750, 3114350 ], [ 4581850, 3114350 ], [ 4582150, 3114350 ], [ 4582250, 3114350 ], [ 4583250, 3114350 ], [ 4583350, 3114350 ], [ 4583450, 3114350 ], [ 4583750, 3114350 ], [ 4574950, 3114450 ], [ 4576650, 3114450 ], [ 4580150, 3114450 ], [ 4580250, 3114450 ], [ 4580350, 3114450 ], [ 4580650, 3114450 ], [ 4580750, 3114450 ], [ 4580850, 3114450 ], [ 4580950, 3114450 ], [ 4581050, 3114450 ], [ 4581550, 3114450 ], [ 4581650, 3114450 ], [ 4581750, 3114450 ], [ 4582150, 3114450 ], [ 4583050, 3114450 ], [ 4583150, 3114450 ], [ 4583250, 3114450 ], [ 4583350, 3114450 ], [ 4583650, 3114450 ], [ 4583750, 3114450 ], [ 4576350, 3114550 ], [ 4580250, 3114550 ], [ 4580350, 3114550 ], [ 4580450, 3114550 ], [ 4580650, 3114550 ], [ 4580750, 3114550 ], [ 4580850, 3114550 ], [ 4580950, 3114550 ], [ 4581050, 3114550 ], [ 4581550, 3114550 ], [ 4581650, 3114550 ], [ 4582350, 3114550 ], [ 4582450, 3114550 ], [ 4583050, 3114550 ], [ 4583150, 3114550 ], [ 4583250, 3114550 ], [ 4583350, 3114550 ], [ 4583550, 3114550 ], [ 4575050, 3114650 ], [ 4576150, 3114650 ], [ 4576250, 3114650 ], [ 4576350, 3114650 ], [ 4580150, 3114650 ], [ 4580550, 3114650 ], [ 4580650, 3114650 ], [ 4580850, 3114650 ], [ 4581050, 3114650 ], [ 4582050, 3114650 ], [ 4582250, 3114650 ], [ 4582550, 3114650 ], [ 4582950, 3114650 ], [ 4583050, 3114650 ], [ 4583150, 3114650 ], [ 4583250, 3114650 ], [ 4583550, 3114650 ], [ 4583750, 3114650 ], [ 4583850, 3114650 ], [ 4574750, 3114750 ], [ 4574850, 3114750 ], [ 4575650, 3114750 ], [ 4575750, 3114750 ], [ 4576150, 3114750 ], [ 4576250, 3114750 ], [ 4576350, 3114750 ], [ 4580050, 3114750 ], [ 4580350, 3114750 ], [ 4580650, 3114750 ], [ 4580750, 3114750 ], [ 4580850, 3114750 ], [ 4580950, 3114750 ], [ 4581050, 3114750 ], [ 4581150, 3114750 ], [ 4581850, 3114750 ], [ 4581950, 3114750 ], [ 4582050, 3114750 ], [ 4583050, 3114750 ], [ 4583150, 3114750 ], [ 4583250, 3114750 ], [ 4583750, 3114750 ], [ 4583850, 3114750 ], [ 4574650, 3114850 ], [ 4574750, 3114850 ], [ 4574850, 3114850 ], [ 4575050, 3114850 ], [ 4575150, 3114850 ], [ 4575350, 3114850 ], [ 4575650, 3114850 ], [ 4580050, 3114850 ], [ 4580250, 3114850 ], [ 4580450, 3114850 ], [ 4580750, 3114850 ], [ 4580850, 3114850 ], [ 4580950, 3114850 ], [ 4581050, 3114850 ], [ 4581150, 3114850 ], [ 4581950, 3114850 ], [ 4582050, 3114850 ], [ 4583150, 3114850 ], [ 4575550, 3114950 ], [ 4576450, 3114950 ], [ 4576550, 3114950 ], [ 4576750, 3114950 ], [ 4580350, 3114950 ], [ 4580450, 3114950 ], [ 4580950, 3114950 ], [ 4581050, 3114950 ], [ 4581650, 3114950 ], [ 4582050, 3114950 ], [ 4574850, 3115050 ], [ 4575650, 3115050 ], [ 4575850, 3115050 ], [ 4576150, 3115050 ], [ 4576650, 3115050 ], [ 4580250, 3115050 ], [ 4580350, 3115050 ], [ 4581450, 3115050 ], [ 4581550, 3115050 ], [ 4581750, 3115050 ], [ 4581950, 3115050 ], [ 4580150, 3115150 ], [ 4580250, 3115150 ], [ 4580350, 3115150 ], [ 4581450, 3115150 ], [ 4581550, 3115150 ], [ 4581650, 3115150 ], [ 4581750, 3115150 ], [ 4582050, 3115150 ], [ 4582150, 3115150 ], [ 4580250, 3115250 ], [ 4580750, 3115250 ], [ 4580850, 3115250 ], [ 4580950, 3115250 ], [ 4581050, 3115250 ], [ 4581550, 3115250 ], [ 4581650, 3115250 ], [ 4582150, 3115250 ], [ 4582250, 3115250 ], [ 4582750, 3115250 ], [ 4580550, 3115350 ], [ 4580650, 3115350 ], [ 4580850, 3115350 ], [ 4580950, 3115350 ], [ 4581250, 3115350 ], [ 4581650, 3115350 ], [ 4581750, 3115350 ], [ 4581950, 3115350 ], [ 4582050, 3115350 ], [ 4582450, 3115350 ], [ 4576150, 3115450 ], [ 4580250, 3115450 ], [ 4580350, 3115450 ], [ 4580450, 3115450 ], [ 4580550, 3115450 ], [ 4580850, 3115450 ], [ 4582350, 3115450 ], [ 4580250, 3115550 ], [ 4580350, 3115550 ], [ 4580450, 3115550 ], [ 4580550, 3115550 ], [ 4580650, 3115550 ], [ 4580750, 3115550 ], [ 4580850, 3115550 ], [ 4581250, 3115550 ], [ 4581350, 3115550 ], [ 4581850, 3115550 ], [ 4580250, 3115650 ], [ 4580350, 3115650 ], [ 4580450, 3115650 ], [ 4580550, 3115650 ], [ 4580650, 3115650 ], [ 4580750, 3115650 ], [ 4580850, 3115650 ], [ 4580950, 3115650 ], [ 4581450, 3115650 ], [ 4581550, 3115650 ], [ 4581650, 3115650 ], [ 4582250, 3115650 ], [ 4582750, 3115650 ], [ 4580250, 3115750 ], [ 4580350, 3115750 ], [ 4580450, 3115750 ], [ 4580550, 3115750 ], [ 4580650, 3115750 ], [ 4580750, 3115750 ], [ 4580850, 3115750 ], [ 4581650, 3115750 ], [ 4580250, 3115850 ], [ 4580450, 3115850 ], [ 4580550, 3115850 ], [ 4580650, 3115850 ], [ 4580750, 3115850 ], [ 4580850, 3115850 ], [ 4580950, 3115850 ], [ 4581450, 3115850 ], [ 4581750, 3115850 ], [ 4580150, 3115950 ], [ 4580850, 3115950 ], [ 4580950, 3115950 ], [ 4581250, 3115950 ], [ 4581450, 3115950 ], [ 4581850, 3115950 ], [ 4581950, 3115950 ], [ 4581050, 3116050 ], [ 4581750, 3116050 ], [ 4580650, 3116150 ], [ 4580750, 3116250 ], [ 4581150, 3116250 ], [ 4581050, 3116350 ], [ 4581250, 3116350 ], [ 4581350, 3116350 ], [ 4581150, 3116450 ], [ 4581250, 3116450 ], [ 4581350, 3116450 ] ] }, "geometry": { "type": "MultiPolygon", "coordinates": [ [ [ [ 4592350.0, 3105650.0 ], [ 4592350.0, 3105450.0 ], [ 4592350.0, 3105150.0 ], [ 4592250.0, 3104950.0 ], [ 4592150.0, 3105250.0 ], [ 4592150.0, 3105350.0 ], [ 4591850.0, 3105450.0 ], [ 4591750.0, 3105650.0 ], [ 4591950.0, 3105550.0 ], [ 4592350.0, 3105650.0 ] ] ], [ [ [ 4580250.0, 3106850.0 ], [ 4580250.0, 3107150.0 ], [ 4580050.0, 3107450.0 ], [ 4578950.0, 3107450.0 ], [ 4579150.0, 3107950.0 ], [ 4579250.0, 3107950.0 ], [ 4579550.0, 3107950.0 ], [ 4579550.0, 3108250.0 ], [ 4579350.0, 3108550.0 ], [ 4579350.0, 3108750.0 ], [ 4579250.0, 3108750.0 ], [ 4579350.0, 3109050.0 ], [ 4578950.0, 3109150.0 ], [ 4578750.0, 3108950.0 ], [ 4578750.0, 3109150.0 ], [ 4578450.0, 3109150.0 ], [ 4578450.0, 3109250.0 ], [ 4578450.0, 3109350.0 ], [ 4578850.0, 3109550.0 ], [ 4578750.0, 3109750.0 ], [ 4578750.0, 3109850.0 ], [ 4578650.0, 3109850.0 ], [ 4578550.0, 3109850.0 ], [ 4578450.0, 3109850.0 ], [ 4578350.0, 3109850.0 ], [ 4578250.0, 3109850.0 ], [ 4578250.0, 3109750.0 ], [ 4578150.0, 3109750.0 ], [ 4578050.0, 3109750.0 ], [ 4578050.0, 3109650.0 ], [ 4577950.0, 3109650.0 ], [ 4577950.0, 3109550.0 ], [ 4577750.0, 3109550.0 ], [ 4577650.0, 3109650.0 ], [ 4577650.0, 3109750.0 ], [ 4577650.0, 3109850.0 ], [ 4577650.0, 3109950.0 ], [ 4577550.0, 3109950.0 ], [ 4577450.0, 3110150.0 ], [ 4577450.0, 3110350.0 ], [ 4577350.0, 3110350.0 ], [ 4577250.0, 3110350.0 ], [ 4577250.0, 3110250.0 ], [ 4577150.0, 3110250.0 ], [ 4577150.0, 3110350.0 ], [ 4577050.0, 3110450.0 ], [ 4577050.0, 3110550.0 ], [ 4576950.0, 3110550.0 ], [ 4576850.0, 3111050.0 ], [ 4576550.0, 3111350.0 ], [ 4576450.0, 3111350.0 ], [ 4577050.0, 3111750.0 ], [ 4577250.0, 3111950.0 ], [ 4577450.0, 3112050.0 ], [ 4577450.0, 3111850.0 ], [ 4577550.0, 3111850.0 ], [ 4577750.0, 3111650.0 ], [ 4577950.0, 3111850.0 ], [ 4577950.0, 3111950.0 ], [ 4578050.0, 3112050.0 ], [ 4577950.0, 3112450.0 ], [ 4577850.0, 3112550.0 ], [ 4577750.0, 3112650.0 ], [ 4577550.0, 3112650.0 ], [ 4577550.0, 3113050.0 ], [ 4577350.0, 3113950.0 ], [ 4577250.0, 3113950.0 ], [ 4577250.0, 3114050.0 ], [ 4576650.0, 3114050.0 ], [ 4576250.0, 3114650.0 ], [ 4576150.0, 3114650.0 ], [ 4576150.0, 3114750.0 ], [ 4575750.0, 3114750.0 ], [ 4575650.0, 3114750.0 ], [ 4575450.0, 3114250.0 ], [ 4575350.0, 3114250.0 ], [ 4575250.0, 3114050.0 ], [ 4573350.0, 3113650.0 ], [ 4573350.0, 3113850.0 ], [ 4573350.0, 3114050.0 ], [ 4573850.0, 3114050.0 ], [ 4573850.0, 3114250.0 ], [ 4574150.0, 3114150.0 ], [ 4574350.0, 3114350.0 ], [ 4574750.0, 3114350.0 ], [ 4574950.0, 3114450.0 ], [ 4575050.0, 3114650.0 ], [ 4574850.0, 3114750.0 ], [ 4574750.0, 3114750.0 ], [ 4574650.0, 3114850.0 ], [ 4574750.0, 3114850.0 ], [ 4574850.0, 3114850.0 ], [ 4574850.0, 3115050.0 ], [ 4575050.0, 3114850.0 ], [ 4575150.0, 3114850.0 ], [ 4575350.0, 3114850.0 ], [ 4575550.0, 3114950.0 ], [ 4575650.0, 3115050.0 ], [ 4575850.0, 3115050.0 ], [ 4576150.0, 3115050.0 ], [ 4576150.0, 3115450.0 ], [ 4576450.0, 3114950.0 ], [ 4576550.0, 3114950.0 ], [ 4576650.0, 3115050.0 ], [ 4576750.0, 3114950.0 ], [ 4576350.0, 3114750.0 ], [ 4576350.0, 3114650.0 ], [ 4576350.0, 3114550.0 ], [ 4576650.0, 3114450.0 ], [ 4576750.0, 3114350.0 ], [ 4576850.0, 3114250.0 ], [ 4577050.0, 3114150.0 ], [ 4577150.0, 3114350.0 ], [ 4577350.0, 3114250.0 ], [ 4577450.0, 3114050.0 ], [ 4577550.0, 3114150.0 ], [ 4577650.0, 3113550.0 ], [ 4578050.0, 3113150.0 ], [ 4578150.0, 3112750.0 ], [ 4578050.0, 3112550.0 ], [ 4578350.0, 3112450.0 ], [ 4578550.0, 3112350.0 ], [ 4578550.0, 3112250.0 ], [ 4578650.0, 3112250.0 ], [ 4578750.0, 3112250.0 ], [ 4578950.0, 3112150.0 ], [ 4579050.0, 3112150.0 ], [ 4579650.0, 3113050.0 ], [ 4579650.0, 3113150.0 ], [ 4579550.0, 3113350.0 ], [ 4579750.0, 3113350.0 ], [ 4579750.0, 3113450.0 ], [ 4579850.0, 3113450.0 ], [ 4579850.0, 3113350.0 ], [ 4579950.0, 3113350.0 ], [ 4580050.0, 3113550.0 ], [ 4579950.0, 3113850.0 ], [ 4580050.0, 3113850.0 ], [ 4580150.0, 3114050.0 ], [ 4580150.0, 3114150.0 ], [ 4580150.0, 3114350.0 ], [ 4580150.0, 3114450.0 ], [ 4580250.0, 3114450.0 ], [ 4580250.0, 3114550.0 ], [ 4580150.0, 3114650.0 ], [ 4580050.0, 3114750.0 ], [ 4580050.0, 3114850.0 ], [ 4580250.0, 3114850.0 ], [ 4580350.0, 3114950.0 ], [ 4580350.0, 3115050.0 ], [ 4580250.0, 3115050.0 ], [ 4580250.0, 3115150.0 ], [ 4580150.0, 3115150.0 ], [ 4580250.0, 3115250.0 ], [ 4580250.0, 3115450.0 ], [ 4580250.0, 3115550.0 ], [ 4580250.0, 3115650.0 ], [ 4580150.0, 3115950.0 ], [ 4580250.0, 3115850.0 ], [ 4580250.0, 3115750.0 ], [ 4580350.0, 3115750.0 ], [ 4580450.0, 3115750.0 ], [ 4580450.0, 3115850.0 ], [ 4580550.0, 3115850.0 ], [ 4580650.0, 3115850.0 ], [ 4580650.0, 3116150.0 ], [ 4580750.0, 3116250.0 ], [ 4581050.0, 3116350.0 ], [ 4581150.0, 3116450.0 ], [ 4581250.0, 3116450.0 ], [ 4581350.0, 3116450.0 ], [ 4581350.0, 3116350.0 ], [ 4581250.0, 3116350.0 ], [ 4581150.0, 3116250.0 ], [ 4581050.0, 3116050.0 ], [ 4581250.0, 3115950.0 ], [ 4581450.0, 3115950.0 ], [ 4581750.0, 3116050.0 ], [ 4581850.0, 3115950.0 ], [ 4581950.0, 3115950.0 ], [ 4582250.0, 3115650.0 ], [ 4582350.0, 3115450.0 ], [ 4582450.0, 3115350.0 ], [ 4582750.0, 3115650.0 ], [ 4582750.0, 3115250.0 ], [ 4583150.0, 3114850.0 ], [ 4583150.0, 3114750.0 ], [ 4583250.0, 3114750.0 ], [ 4583250.0, 3114650.0 ], [ 4583250.0, 3114550.0 ], [ 4583350.0, 3114550.0 ], [ 4583550.0, 3114550.0 ], [ 4583550.0, 3114650.0 ], [ 4583750.0, 3114650.0 ], [ 4583750.0, 3114750.0 ], [ 4583850.0, 3114750.0 ], [ 4583850.0, 3114650.0 ], [ 4583750.0, 3114450.0 ], [ 4583750.0, 3114350.0 ], [ 4583850.0, 3114150.0 ], [ 4583850.0, 3114050.0 ], [ 4584050.0, 3113850.0 ], [ 4584050.0, 3113750.0 ], [ 4584150.0, 3113750.0 ], [ 4584450.0, 3113750.0 ], [ 4584550.0, 3113650.0 ], [ 4584850.0, 3113350.0 ], [ 4584950.0, 3113550.0 ], [ 4585050.0, 3113550.0 ], [ 4585150.0, 3113550.0 ], [ 4585150.0, 3113450.0 ], [ 4585250.0, 3113450.0 ], [ 4585350.0, 3113450.0 ], [ 4585550.0, 3113450.0 ], [ 4585650.0, 3113450.0 ], [ 4585650.0, 3113550.0 ], [ 4585750.0, 3113550.0 ], [ 4585750.0, 3113450.0 ], [ 4585850.0, 3113450.0 ], [ 4585950.0, 3113450.0 ], [ 4586050.0, 3113450.0 ], [ 4586150.0, 3113450.0 ], [ 4586150.0, 3113550.0 ], [ 4586150.0, 3113650.0 ], [ 4586250.0, 3113650.0 ], [ 4586350.0, 3113850.0 ], [ 4586350.0, 3113950.0 ], [ 4586450.0, 3113950.0 ], [ 4586450.0, 3114050.0 ], [ 4586550.0, 3114050.0 ], [ 4586550.0, 3113950.0 ], [ 4586550.0, 3113850.0 ], [ 4586450.0, 3113850.0 ], [ 4586450.0, 3113750.0 ], [ 4586350.0, 3113750.0 ], [ 4586350.0, 3113650.0 ], [ 4586350.0, 3113550.0 ], [ 4586550.0, 3113550.0 ], [ 4586350.0, 3113450.0 ], [ 4586250.0, 3113450.0 ], [ 4586250.0, 3113350.0 ], [ 4586250.0, 3113250.0 ], [ 4586350.0, 3113150.0 ], [ 4586350.0, 3113050.0 ], [ 4586450.0, 3113050.0 ], [ 4586450.0, 3112950.0 ], [ 4586450.0, 3112850.0 ], [ 4586450.0, 3112250.0 ], [ 4586550.0, 3112250.0 ], [ 4586950.0, 3112050.0 ], [ 4587050.0, 3112050.0 ], [ 4587150.0, 3112050.0 ], [ 4587750.0, 3112750.0 ], [ 4587850.0, 3112650.0 ], [ 4588050.0, 3112550.0 ], [ 4588350.0, 3112750.0 ], [ 4588550.0, 3112950.0 ], [ 4588550.0, 3113050.0 ], [ 4588650.0, 3112950.0 ], [ 4588750.0, 3112950.0 ], [ 4588950.0, 3112850.0 ], [ 4589050.0, 3112550.0 ], [ 4589250.0, 3112650.0 ], [ 4589350.0, 3112550.0 ], [ 4589650.0, 3112950.0 ], [ 4590050.0, 3112850.0 ], [ 4590150.0, 3112850.0 ], [ 4590250.0, 3113150.0 ], [ 4590250.0, 3113050.0 ], [ 4590250.0, 3112850.0 ], [ 4590350.0, 3112850.0 ], [ 4590550.0, 3112750.0 ], [ 4590550.0, 3112650.0 ], [ 4590650.0, 3112650.0 ], [ 4590850.0, 3112850.0 ], [ 4590850.0, 3112950.0 ], [ 4591150.0, 3113150.0 ], [ 4591150.0, 3112950.0 ], [ 4591250.0, 3112650.0 ], [ 4591350.0, 3112450.0 ], [ 4591450.0, 3112350.0 ], [ 4591650.0, 3112450.0 ], [ 4591650.0, 3112050.0 ], [ 4591750.0, 3112050.0 ], [ 4591750.0, 3111950.0 ], [ 4592050.0, 3111850.0 ], [ 4592050.0, 3111750.0 ], [ 4591950.0, 3111150.0 ], [ 4592150.0, 3111150.0 ], [ 4592250.0, 3111250.0 ], [ 4592650.0, 3110950.0 ], [ 4591350.0, 3110250.0 ], [ 4591250.0, 3110150.0 ], [ 4591450.0, 3110050.0 ], [ 4591350.0, 3110050.0 ], [ 4591150.0, 3109950.0 ], [ 4591150.0, 3109750.0 ], [ 4591050.0, 3109750.0 ], [ 4590950.0, 3109450.0 ], [ 4590850.0, 3109250.0 ], [ 4590650.0, 3109250.0 ], [ 4590650.0, 3109150.0 ], [ 4590750.0, 3109050.0 ], [ 4590750.0, 3108950.0 ], [ 4590950.0, 3108850.0 ], [ 4591050.0, 3108750.0 ], [ 4591450.0, 3108550.0 ], [ 4591650.0, 3108350.0 ], [ 4591650.0, 3108250.0 ], [ 4591650.0, 3108150.0 ], [ 4591750.0, 3108150.0 ], [ 4591750.0, 3108050.0 ], [ 4591850.0, 3108050.0 ], [ 4591850.0, 3107950.0 ], [ 4592050.0, 3107850.0 ], [ 4592250.0, 3107650.0 ], [ 4592750.0, 3107550.0 ], [ 4591950.0, 3107450.0 ], [ 4591850.0, 3107350.0 ], [ 4591250.0, 3107250.0 ], [ 4591250.0, 3107050.0 ], [ 4591250.0, 3106950.0 ], [ 4591450.0, 3106850.0 ], [ 4591450.0, 3106750.0 ], [ 4591550.0, 3106650.0 ], [ 4591950.0, 3106450.0 ], [ 4592050.0, 3106450.0 ], [ 4591650.0, 3106250.0 ], [ 4591650.0, 3106050.0 ], [ 4591450.0, 3106050.0 ], [ 4591450.0, 3105950.0 ], [ 4591350.0, 3105950.0 ], [ 4591350.0, 3105850.0 ], [ 4591550.0, 3105750.0 ], [ 4591450.0, 3105550.0 ], [ 4591350.0, 3105650.0 ], [ 4590850.0, 3105650.0 ], [ 4590550.0, 3105850.0 ], [ 4590450.0, 3105750.0 ], [ 4590450.0, 3105650.0 ], [ 4590350.0, 3105650.0 ], [ 4590350.0, 3105750.0 ], [ 4590250.0, 3105750.0 ], [ 4590250.0, 3105850.0 ], [ 4590150.0, 3105850.0 ], [ 4590050.0, 3105850.0 ], [ 4589950.0, 3105850.0 ], [ 4589950.0, 3105950.0 ], [ 4589850.0, 3105950.0 ], [ 4589750.0, 3105750.0 ], [ 4589750.0, 3105450.0 ], [ 4589750.0, 3105350.0 ], [ 4589750.0, 3105150.0 ], [ 4589850.0, 3105150.0 ], [ 4589950.0, 3104050.0 ], [ 4589550.0, 3104350.0 ], [ 4589550.0, 3104550.0 ], [ 4589350.0, 3104950.0 ], [ 4589350.0, 3105150.0 ], [ 4589350.0, 3105250.0 ], [ 4589250.0, 3105350.0 ], [ 4589150.0, 3105450.0 ], [ 4588550.0, 3104650.0 ], [ 4588450.0, 3104450.0 ], [ 4588250.0, 3103950.0 ], [ 4587950.0, 3104250.0 ], [ 4587650.0, 3104250.0 ], [ 4587550.0, 3104250.0 ], [ 4587450.0, 3104250.0 ], [ 4587450.0, 3104350.0 ], [ 4587350.0, 3104350.0 ], [ 4587350.0, 3104450.0 ], [ 4587250.0, 3104450.0 ], [ 4587150.0, 3104450.0 ], [ 4587050.0, 3104450.0 ], [ 4586950.0, 3104450.0 ], [ 4586850.0, 3104450.0 ], [ 4586850.0, 3104550.0 ], [ 4586750.0, 3104550.0 ], [ 4586750.0, 3104650.0 ], [ 4586850.0, 3104650.0 ], [ 4586850.0, 3104750.0 ], [ 4586850.0, 3104950.0 ], [ 4586750.0, 3104950.0 ], [ 4586650.0, 3105250.0 ], [ 4586250.0, 3104950.0 ], [ 4585550.0, 3106150.0 ], [ 4585350.0, 3106150.0 ], [ 4585350.0, 3106050.0 ], [ 4585150.0, 3106050.0 ], [ 4585050.0, 3106050.0 ], [ 4584750.0, 3106050.0 ], [ 4584850.0, 3106250.0 ], [ 4584850.0, 3106750.0 ], [ 4584650.0, 3106750.0 ], [ 4584550.0, 3106650.0 ], [ 4584050.0, 3106650.0 ], [ 4583950.0, 3106650.0 ], [ 4583550.0, 3106650.0 ], [ 4583450.0, 3107150.0 ], [ 4583350.0, 3107150.0 ], [ 4583050.0, 3107350.0 ], [ 4582950.0, 3107350.0 ], [ 4582450.0, 3106850.0 ], [ 4582450.0, 3107250.0 ], [ 4582350.0, 3107250.0 ], [ 4582250.0, 3107250.0 ], [ 4582150.0, 3107250.0 ], [ 4582150.0, 3107150.0 ], [ 4582050.0, 3107150.0 ], [ 4581950.0, 3107150.0 ], [ 4581950.0, 3107250.0 ], [ 4581850.0, 3107250.0 ], [ 4581850.0, 3107350.0 ], [ 4581850.0, 3107450.0 ], [ 4581750.0, 3107550.0 ], [ 4581750.0, 3107650.0 ], [ 4581650.0, 3107650.0 ], [ 4581650.0, 3107750.0 ], [ 4581550.0, 3107750.0 ], [ 4581450.0, 3107750.0 ], [ 4581450.0, 3107650.0 ], [ 4581350.0, 3107750.0 ], [ 4581150.0, 3107750.0 ], [ 4580850.0, 3107350.0 ], [ 4580750.0, 3107350.0 ], [ 4580750.0, 3107250.0 ], [ 4580850.0, 3106950.0 ], [ 4580750.0, 3107050.0 ], [ 4580550.0, 3107050.0 ], [ 4579550.0, 3106350.0 ], [ 4579750.0, 3106550.0 ], [ 4579850.0, 3106750.0 ], [ 4580250.0, 3106850.0 ] ] ] ] } },
{ "type": "Feature", "properties": { "ID": "Dresden_146120000_c2", "GEN": "Dresden", "ARS": "146120000", "LAN": "Sachsen", "area": 0.68, "centroid": "POINT (4576144.362745 3109442.401961)", "DH_demand": 378.5742859079578, "total_demand_cells": 1804.1470010280609, "total_demand_area": 7940.36279296875, "share_DH": 5.4821543144373228, "heat_density_DH": 0.5567268910411145, "heat_density": 11.677004107306987, "DH_supplied_households": 79.0, "DH_cells": [ [ 4576350, 3108750 ], [ 4576450, 3108750 ], [ 4576650, 3108750 ], [ 4576450, 3108850 ], [ 4576550, 3108850 ], [ 4576650, 3108950 ], [ 4576050, 3109150 ], [ 4576450, 3109250 ], [ 4576450, 3109350 ], [ 4576550, 3109350 ], [ 4576750, 3109450 ], [ 4576050, 3109550 ], [ 4575150, 3109650 ], [ 4575650, 3109750 ], [ 4575750, 3109750 ], [ 4575950, 3109750 ], [ 4575250, 3109850 ], [ 4576250, 3109950 ], [ 4575050, 3110150 ] ] }, "geometry": { "type": "Polygon", "coordinates": [ [ [ 4575250.0, 3109850.0 ], [ 4575050.0, 3110150.0 ], [ 4575750.0, 3109750.0 ], [ 4575950.0, 3109750.0 ], [ 4576250.0, 3109950.0 ], [ 4576750.0, 3109450.0 ], [ 4576550.0, 3109350.0 ], [ 4576450.0, 3109350.0 ], [ 4576450.0, 3109250.0 ], [ 4576650.0, 3108950.0 ], [ 4576650.0, 3108750.0 ], [ 4576450.0, 3108750.0 ], [ 4576350.0, 3108750.0 ], [ 4576050.0, 3109150.0 ], [ 4576050.0, 3109550.0 ], [ 4575650.0, 3109750.0 ], [ 4575150.0, 3109650.0 ], [ 4575250.0, 3109850.0 ] ] ] } },
{ "type": "Feature", "properties": { "ID": "Dresden_146120000_c5", "GEN": "Dresden", "ARS": "146120000", "LAN": "Sachsen", "area": 0.405, "centroid": "POINT (4593256.584362 3112609.670782)", "DH_demand": 710.51352473481973, "total_demand_cells": 4418.7740063667297, "total_demand_area": 12743.7412109375, "share_DH": 6.4108541349368107, "heat_density_DH": 1.7543543820612835, "heat_density": 31.466027681327166, "DH_supplied_households": 89.0, "DH_cells": [ [ 4593450, 3112150 ], [ 4593750, 3112150 ], [ 4593350, 3112250 ], [ 4593750, 3112250 ], [ 4593250, 3112350 ], [ 4593550, 3112350 ], [ 4593650, 3112350 ], [ 4593550, 3112450 ], [ 4592950, 3112550 ], [ 4594050, 3112550 ], [ 4593250, 3112650 ], [ 4592950, 3112750 ], [ 4592650, 3112850 ], [ 4592750, 3112850 ], [ 4592650, 3112950 ], [ 4592750, 3112950 ], [ 4592950, 3112950 ], [ 4592750, 3113050 ], [ 4593250, 3113050 ], [ 4593250, 3113150 ], [ 4593350, 3113150 ] ] }, "geometry": { "type": "Polygon", "coordinates": [ [ [ 4592950.0, 3112750.0 ], [ 4592750.0, 3112850.0 ], [ 4592650.0, 3112850.0 ], [ 4592650.0, 3112950.0 ], [ 4592750.0, 3112950.0 ], [ 4592750.0, 3113050.0 ], [ 4592950.0, 3112950.0 ], [ 4593250.0, 3113050.0 ], [ 4593250.0, 3113150.0 ], [ 4593350.0, 3113150.0 ], [ 4593250.0, 3112650.0 ], [ 4593550.0, 3112450.0 ], [ 4593550.0, 3112350.0 ], [ 4593650.0, 3112350.0 ], [ 4594050.0, 3112550.0 ], [ 4593750.0, 3112250.0 ], [ 4593750.0, 3112150.0 ], [ 4593450.0, 3112150.0 ], [ 4593350.0, 3112250.0 ], [ 4593250.0, 3112350.0 ], [ 4592950.0, 3112550.0 ], [ 4592950.0, 3112750.0 ] ] ] } },
{ "type": "Feature", "properties": { "ID": "Dresden_146120000_c6", "GEN": "Dresden", "ARS": "146120000", "LAN": "Sachsen", "area": 0.27, "centroid": "POINT (4578996.91358 3114988.271605)", "DH_demand": 371.563648652783, "total_demand_cells": 1385.2311506271362, "total_demand_area": 5887.2197265625, "share_DH": 7.2571059518407255, "heat_density_DH": 1.3761616616769743, "heat_density": 21.804517505787043, "DH_supplied_households": 90.0, "DH_cells": [ [ 4578950, 3114450 ], [ 4578850, 3114550 ], [ 4578950, 3114550 ], [ 4579050, 3114550 ], [ 4579150, 3114650 ], [ 4579050, 3114950 ], [ 4578850, 3115150 ], [ 4578550, 3115250 ], [ 4578750, 3115250 ], [ 4578650, 3115350 ], [ 4579450, 3115350 ] ] }, "geometry": { "type": "Polygon", "coordinates": [ [ [ 4578850.0, 3115150.0 ], [ 4578550.0, 3115250.0 ], [ 4578650.0, 3115350.0 ], [ 4578750.0, 3115250.0 ], [ 4579450.0, 3115350.0 ], [ 4579050.0, 3114950.0 ], [ 4579150.0, 3114650.0 ], [ 4579050.0, 3114550.0 ], [ 4578950.0, 3114450.0 ], [ 4578850.0, 3114550.0 ], [ 4578850.0, 3115150.0 ] ] ] } },
{ "type": "Feature", "properties": { "ID": "Dresden_146120000_c7", "GEN": "Dresden", "ARS": "146120000", "LAN": "Sachsen", "area": 4.06, "centroid": "POINT (4584250.944171 3118428.981938)", "DH_demand": 15472.445072530472, "total_demand_cells": 31349.021981477737, "total_demand_area": 94740.9375, "share_DH": 18.778537322157291, "heat_density_DH": 3.8109470621996242, "heat_density": 23.335206280788181, "DH_supplied_households": 4225.0, "DH_cells": [ [ 4584350, 3117450 ], [ 4581750, 3117550 ], [ 4584250, 3117550 ], [ 4584350, 3117550 ], [ 4584250, 3117650 ], [ 4584950, 3117650 ], [ 4585150, 3117650 ], [ 4581950, 3117750 ], [ 4583550, 3117750 ], [ 4584350, 3117750 ], [ 4581550, 3117850 ], [ 4581850, 3117850 ], [ 4581950, 3117850 ], [ 4582450, 3117850 ], [ 4583550, 3117850 ], [ 4585050, 3117850 ], [ 4585250, 3117850 ], [ 4582450, 3117950 ], [ 4582550, 3117950 ], [ 4583550, 3117950 ], [ 4584250, 3117950 ], [ 4584450, 3117950 ], [ 4585450, 3117950 ], [ 4583250, 3118050 ], [ 4584050, 3118050 ], [ 4584250, 3118050 ], [ 4584450, 3118050 ], [ 4585050, 3118050 ], [ 4585150, 3118050 ], [ 4585250, 3118050 ], [ 4582350, 3118150 ], [ 4582850, 3118150 ], [ 4583350, 3118150 ], [ 4584150, 3118150 ], [ 4584350, 3118150 ], [ 4585450, 3118150 ], [ 4582350, 3118250 ], [ 4585050, 3118250 ], [ 4585150, 3118250 ], [ 4585450, 3118250 ], [ 4585550, 3118250 ], [ 4585850, 3118250 ], [ 4581850, 3118350 ], [ 4584350, 3118350 ], [ 4584550, 3118350 ], [ 4584650, 3118350 ], [ 4584850, 3118350 ], [ 4584950, 3118350 ], [ 4585050, 3118350 ], [ 4585150, 3118350 ], [ 4585250, 3118350 ], [ 4581550, 3118450 ], [ 4581750, 3118450 ], [ 4582850, 3118450 ], [ 4583250, 3118450 ], [ 4583750, 3118450 ], [ 4584650, 3118450 ], [ 4584750, 3118450 ], [ 4584850, 3118450 ], [ 4584950, 3118450 ], [ 4585050, 3118450 ], [ 4585150, 3118450 ], [ 4585250, 3118450 ], [ 4585950, 3118450 ], [ 4586150, 3118450 ], [ 4581950, 3118550 ], [ 4584750, 3118550 ], [ 4584850, 3118550 ], [ 4584950, 3118550 ], [ 4585150, 3118550 ], [ 4585350, 3118550 ], [ 4585950, 3118550 ], [ 4584150, 3118650 ], [ 4584550, 3118650 ], [ 4584650, 3118650 ], [ 4584750, 3118650 ], [ 4584850, 3118650 ], [ 4584950, 3118650 ], [ 4585050, 3118650 ], [ 4585250, 3118650 ], [ 4582550, 3118750 ], [ 4584450, 3118750 ], [ 4584550, 3118750 ], [ 4584750, 3118750 ], [ 4584850, 3118750 ], [ 4584950, 3118750 ], [ 4585050, 3118750 ], [ 4586150, 3118750 ], [ 4584050, 3118850 ], [ 4584850, 3118850 ], [ 4584950, 3118850 ], [ 4585350, 3118850 ], [ 4585450, 3118850 ], [ 4585750, 3118850 ], [ 4585950, 3118850 ], [ 4584950, 3118950 ], [ 4585150, 3118950 ], [ 4586350, 3118950 ], [ 4585250, 3119050 ], [ 4585350, 3119050 ], [ 4585450, 3119050 ], [ 4585550, 3119050 ], [ 4586050, 3119050 ], [ 4586150, 3119050 ], [ 4585350, 3119150 ], [ 4585450, 3119150 ], [ 4585550, 3119150 ], [ 4585650, 3119150 ], [ 4585750, 3119150 ], [ 4585850, 3119150 ], [ 4586050, 3119150 ], [ 4586150, 3119150 ], [ 4585450, 3119250 ], [ 4585650, 3119250 ], [ 4585750, 3119250 ], [ 4585850, 3119250 ], [ 4586050, 3119250 ], [ 4586150, 3119250 ], [ 4586250, 3119250 ], [ 4584850, 3119350 ], [ 4585350, 3119350 ], [ 4585450, 3119350 ], [ 4585650, 3119350 ], [ 4585750, 3119350 ], [ 4586450, 3119350 ], [ 4585450, 3119450 ], [ 4586250, 3119450 ], [ 4585450, 3119550 ], [ 4585550, 3119550 ], [ 4586250, 3119550 ], [ 4585150, 3119650 ] ] }, "geometry": { "type": "Polygon", "coordinates": [ [ [ 4581550.0, 3117850.0 ], [ 4581550.0, 3118450.0 ], [ 4581750.0, 3118450.0 ], [ 4581850.0, 3118350.0 ], [ 4581950.0, 3118550.0 ], [ 4582550.0, 3118750.0 ], [ 4582850.0, 3118450.0 ], [ 4583250.0, 3118450.0 ], [ 4583350.0, 3118150.0 ], [ 4583750.0, 3118450.0 ], [ 4584050.0, 3118850.0 ], [ 4584150.0, 3118650.0 ], [ 4584450.0, 3118750.0 ], [ 4584550.0, 3118750.0 ], [ 4584550.0, 3118650.0 ], [ 4584650.0, 3118650.0 ], [ 4584750.0, 3118650.0 ], [ 4584750.0, 3118750.0 ], [ 4584850.0, 3118750.0 ], [ 4584850.0, 3118850.0 ], [ 4584950.0, 3118850.0 ], [ 4584950.0, 3118950.0 ], [ 4584850.0, 3119350.0 ], [ 4585150.0, 3119650.0 ], [ 4585350.0, 3119350.0 ], [ 4585450.0, 3119350.0 ], [ 4585450.0, 3119450.0 ], [ 4585450.0, 3119550.0 ], [ 4585550.0, 3119550.0 ], [ 4585650.0, 3119350.0 ], [ 4585750.0, 3119350.0 ], [ 4585750.0, 3119250.0 ], [ 4585850.0, 3119250.0 ], [ 4586050.0, 3119250.0 ], [ 4586250.0, 3119550.0 ], [ 4586250.0, 3119450.0 ], [ 4586450.0, 3119350.0 ], [ 4586250.0, 3119250.0 ], [ 4586150.0, 3119250.0 ], [ 4586150.0, 3119150.0 ], [ 4586150.0, 3119050.0 ], [ 4586350.0, 3118950.0 ], [ 4586150.0, 3118750.0 ], [ 4586150.0, 3118450.0 ], [ 4585950.0, 3118450.0 ], [ 4585850.0, 3118250.0 ], [ 4585550.0, 3118250.0 ], [ 4585450.0, 3118250.0 ], [ 4585450.0, 3118150.0 ], [ 4585450.0, 3117950.0 ], [ 4585250.0, 3117850.0 ], [ 4585150.0, 3117650.0 ], [ 4584950.0, 3117650.0 ], [ 4584350.0, 3117450.0 ], [ 4584350.0, 3117550.0 ], [ 4584250.0, 3117550.0 ], [ 4584250.0, 3117650.0 ], [ 4584350.0, 3117750.0 ], [ 4584250.0, 3117950.0 ], [ 4584250.0, 3118050.0 ], [ 4584150.0, 3118150.0 ], [ 4584050.0, 3118050.0 ], [ 4583550.0, 3117950.0 ], [ 4583550.0, 3117850.0 ], [ 4583550.0, 3117750.0 ], [ 4583250.0, 3118050.0 ], [ 4582850.0, 3118150.0 ], [ 4582550.0, 3117950.0 ], [ 4582450.0, 3117950.0 ], [ 4582450.0, 3117850.0 ], [ 4581950.0, 3117850.0 ], [ 4581950.0, 3117750.0 ], [ 4581750.0, 3117550.0 ], [ 4581550.0, 3117850.0 ] ] ] } },
{ "type": "Feature", "properties": { "ID": "Dresden_146120000_c8", "GEN": "Dresden", "ARS": "146120000", "LAN": "Sachsen", "area": 0.415, "centroid": "POINT (4588903.815261 3119737.550201)", "DH_demand": 435.61533965248299, "total_demand_cells": 1579.9702639579773, "total_demand_area": 8748.7333984375, "share_DH": 5.7253029509388247, "heat_density_DH": 1.0496755172348988, "heat_density": 21.081285297439759, "DH_supplied_households": 62.0, "DH_cells": [ [ 4589550, 3119250 ], [ 4589550, 3119350 ], [ 4588950, 3119550 ], [ 4589250, 3119750 ], [ 4589350, 3119750 ], [ 4588150, 3119950 ], [ 4588350, 3120050 ], [ 4588650, 3120050 ], [ 4588450, 3120150 ] ] }, "geometry": { "type": "Polygon", "coordinates": [ [ [ 4588950.0, 3119550.0 ], [ 4588150.0, 3119950.0 ], [ 4588350.0, 3120050.0 ], [ 4588450.0, 3120150.0 ], [ 4588650.0, 3120050.0 ], [ 4589250.0, 3119750.0 ], [ 4589350.0, 3119750.0 ], [ 4589550.0, 3119350.0 ], [ 4589550.0, 3119250.0 ], [ 4588950.0, 3119550.0 ] ] ] } },
{ "type": "Feature", "properties": { "ID": "Dresden_146120000_c9", "GEN": "Dresden", "ARS": "146120000", "LAN": "Sachsen", "area": 1.055, "centroid": "POINT (4586760.42654 3121594.865719)", "DH_demand": 886.18672901652678, "total_demand_cells": 4426.8750504255295, "total_demand_area": 20051.076171875, "share_DH": 5.0819225870220279, "heat_density_DH": 0.83998742086874578, "heat_density": 19.005759404620854, "DH_supplied_households": 98.0, "DH_cells": [ [ 4585950, 3120350 ], [ 4586450, 3120650 ], [ 4586650, 3120650 ], [ 4586550, 3121050 ], [ 4586250, 3121150 ], [ 4586350, 3121150 ], [ 4586450, 3121150 ], [ 4586250, 3121250 ], [ 4586350, 3121250 ], [ 4586750, 3121250 ], [ 4586450, 3121350 ], [ 4586350, 3121450 ], [ 4587050, 3121450 ], [ 4586750, 3121550 ], [ 4586450, 3121650 ], [ 4586550, 3121650 ], [ 4586850, 3121650 ], [ 4587050, 3121650 ], [ 4586650, 3121850 ], [ 4586950, 3121850 ], [ 4586650, 3121950 ], [ 4587350, 3122150 ], [ 4587150, 3122250 ], [ 4587850, 3122250 ], [ 4586550, 3122350 ], [ 4586950, 3122350 ], [ 4587250, 3122350 ], [ 4587450, 3122450 ], [ 4587550, 3122450 ], [ 4587650, 3122850 ], [ 4587650, 3122950 ] ] }, "geometry": { "type": "Polygon", "coordinates": [ [ [ 4586450.0, 3120650.0 ], [ 4585950.0, 3120350.0 ], [ 4586250.0, 3121150.0 ], [ 4586250.0, 3121250.0 ], [ 4586350.0, 3121250.0 ], [ 4586450.0, 3121350.0 ], [ 4586350.0, 3121450.0 ], [ 4586450.0, 3121650.0 ], [ 4586550.0, 3121650.0 ], [ 4586650.0, 3121850.0 ], [ 4586650.0, 3121950.0 ], [ 4586550.0, 3122350.0 ], [ 4586950.0, 3122350.0 ], [ 4587150.0, 3122250.0 ], [ 4587250.0, 3122350.0 ], [ 4587450.0, 3122450.0 ], [ 4587650.0, 3122950.0 ], [ 4587650.0, 3122850.0 ], [ 4587550.0, 3122450.0 ], [ 4587850.0, 3122250.0 ], [ 4587350.0, 3122150.0 ], [ 4586950.0, 3121850.0 ], [ 4587050.0, 3121650.0 ], [ 4587050.0, 3121450.0 ], [ 4586750.0, 3121250.0 ], [ 4586550.0, 3121050.0 ], [ 4586650.0, 3120650.0 ], [ 4586450.0, 3120650.0 ] ] ] } },
{ "type": "Feature", "properties": { "ID": "Arnsdorf_146250010_c0", "GEN": "Arnsdorf", "ARS": "146250010", "LAN": "Sachsen", "area": 0.1, "centroid": "POINT (4599983.333333 3117183.333333)", "DH_demand": 296.52048756066927, "total_demand_cells": 996.25236511230469, "total_demand_area": 2279.04931640625, "share_DH": 14.960340302286204, "heat_density_DH": 2.9652048756066929, "heat_density": 22.790493164062504, "DH_supplied_households": 28.0, "DH_cells": [ [ 4599950, 3117050 ], [ 4600250, 3117050 ], [ 4600450, 3117050 ], [ 4599850, 3117150 ], [ 4599550, 3117450 ] ] }, "geometry": { "type": "Polygon", "coordinates": [ [ [ 4599850.0, 3117150.0 ], [ 4599550.0, 3117450.0 ], [ 4600450.0, 3117050.0 ], [ 4600250.0, 3117050.0 ], [ 4599950.0, 3117050.0 ], [ 4599850.0, 3117150.0 ] ] ] } },
{ "type": "Feature", "properties": { "ID": "Bautzen_146250020_c0", "GEN": "Bautzen", "ARS": "146250020", "LAN": "Sachsen", "area": 0.075, "centroid": "POINT (4631090 3125512.222222)", "DH_demand": 311.92089490484295, "total_demand_cells": 1529.5529062747955, "total_demand_area": 3511.9287109375, "share_DH": 10.212669241649806, "heat_density_DH": 4.1589452653979064, "heat_density": 46.825716145833333, "DH_supplied_households": 32.0, "DH_cells": [ [ 4630950, 3125350 ], [ 4631050, 3125350 ], [ 4631150, 3125450 ], [ 4631350, 3125450 ], [ 4631250, 3125550 ], [ 4630950, 3125650 ], [ 4631150, 3125650 ] ] }, "geometry": { "type": "Polygon", "coordinates": [ [ [ 4630950.0, 3125350.0 ], [ 4630950.0, 3125650.0 ], [ 4631150.0, 3125650.0 ], [ 4631250.0, 3125550.0 ], [ 4631350.0, 3125450.0 ], [ 4631150.0, 3125450.0 ], [ 4631050.0, 3125350.0 ], [ 4630950.0, 3125350.0 ] ] ] } },
{ "type": "Feature", "properties": { "ID": "Bautzen_146250020_c1", "GEN": "Bautzen", "ARS": "146250020", "LAN": "Sachsen", "area": 5.67, "centroid": "POINT (4630925.42622 3128172.574956)", "DH_demand": 52482.774557664685, "total_demand_cells": 100918.719227314, "total_demand_area": 227573.6875, "share_DH": 26.517661939219373, "heat_density_DH": 9.2562212623747246, "heat_density": 40.13645282186949, "DH_supplied_households": 8016.0, "DH_cells": [ [ 4631750, 3126250 ], [ 4631650, 3126350 ], [ 4631450, 3126550 ], [ 4631550, 3126550 ], [ 4630150, 3126750 ], [ 4631250, 3126950 ], [ 4632150, 3126950 ], [ 4632250, 3126950 ], [ 4633050, 3126950 ], [ 4630150, 3127050 ], [ 4630250, 3127050 ], [ 4631050, 3127050 ], [ 4631650, 3127050 ], [ 4631750, 3127050 ], [ 4632250, 3127050 ], [ 4633150, 3127050 ], [ 4630050, 3127150 ], [ 4630150, 3127150 ], [ 4630950, 3127150 ], [ 4631150, 3127150 ], [ 4631650, 3127150 ], [ 4631850, 3127150 ], [ 4630350, 3127250 ], [ 4631150, 3127250 ], [ 4630150, 3127350 ], [ 4632150, 3127350 ], [ 4632250, 3127350 ], [ 4630150, 3127450 ], [ 4630750, 3127450 ], [ 4630950, 3127450 ], [ 4631350, 3127450 ], [ 4631550, 3127450 ], [ 4631650, 3127450 ], [ 4632150, 3127450 ], [ 4632250, 3127450 ], [ 4632350, 3127450 ], [ 4630450, 3127550 ], [ 4630550, 3127550 ], [ 4630950, 3127550 ], [ 4631650, 3127550 ], [ 4632150, 3127550 ], [ 4632250, 3127550 ], [ 4632650, 3127550 ], [ 4632750, 3127550 ], [ 4632850, 3127550 ], [ 4629850, 3127650 ], [ 4630650, 3127650 ], [ 4631050, 3127650 ], [ 4631650, 3127650 ], [ 4632150, 3127650 ], [ 4632250, 3127650 ], [ 4632350, 3127650 ], [ 4632450, 3127650 ], [ 4632550, 3127650 ], [ 4632650, 3127650 ], [ 4632750, 3127650 ], [ 4632850, 3127650 ], [ 4632950, 3127650 ], [ 4629350, 3127750 ], [ 4631450, 3127750 ], [ 4632050, 3127750 ], [ 4632150, 3127750 ], [ 4632250, 3127750 ], [ 4632350, 3127750 ], [ 4632450, 3127750 ], [ 4632550, 3127750 ], [ 4632650, 3127750 ], [ 4632850, 3127750 ], [ 4629150, 3127850 ], [ 4629250, 3127850 ], [ 4629350, 3127850 ], [ 4629450, 3127850 ], [ 4630050, 3127850 ], [ 4631450, 3127850 ], [ 4631550, 3127850 ], [ 4631950, 3127850 ], [ 4632050, 3127850 ], [ 4632150, 3127850 ], [ 4632250, 3127850 ], [ 4632350, 3127850 ], [ 4632450, 3127850 ], [ 4632550, 3127850 ], [ 4629150, 3127950 ], [ 4629250, 3127950 ], [ 4629350, 3127950 ], [ 4629750, 3127950 ], [ 4630150, 3127950 ], [ 4630350, 3127950 ], [ 4630450, 3127950 ], [ 4630550, 3127950 ], [ 4631250, 3127950 ], [ 4631550, 3127950 ], [ 4631650, 3127950 ], [ 4631950, 3127950 ], [ 4632350, 3127950 ], [ 4632450, 3127950 ], [ 4632550, 3127950 ], [ 4629950, 3128050 ], [ 4630150, 3128050 ], [ 4630350, 3128050 ], [ 4630450, 3128050 ], [ 4630550, 3128050 ], [ 4631150, 3128050 ], [ 4631550, 3128050 ], [ 4631650, 3128050 ], [ 4632650, 3128050 ], [ 4632850, 3128050 ], [ 4630150, 3128150 ], [ 4630250, 3128150 ], [ 4630350, 3128150 ], [ 4630550, 3128150 ], [ 4630750, 3128150 ], [ 4631050, 3128150 ], [ 4631450, 3128150 ], [ 4631750, 3128150 ], [ 4631850, 3128150 ], [ 4630050, 3128250 ], [ 4630350, 3128250 ], [ 4630550, 3128250 ], [ 4630750, 3128250 ], [ 4631050, 3128250 ], [ 4631150, 3128250 ], [ 4631350, 3128250 ], [ 4631650, 3128250 ], [ 4631750, 3128250 ], [ 4629850, 3128350 ], [ 4630350, 3128350 ], [ 4630850, 3128350 ], [ 4631350, 3128350 ], [ 4631550, 3128350 ], [ 4631650, 3128350 ], [ 4631750, 3128350 ], [ 4632750, 3128350 ], [ 4630050, 3128450 ], [ 4630450, 3128450 ], [ 4630750, 3128450 ], [ 4630850, 3128450 ], [ 4631350, 3128450 ], [ 4631450, 3128450 ], [ 4631550, 3128450 ], [ 4631650, 3128450 ], [ 4631750, 3128450 ], [ 4632750, 3128450 ], [ 4629950, 3128550 ], [ 4630250, 3128550 ], [ 4630450, 3128550 ], [ 4631450, 3128550 ], [ 4631650, 3128550 ], [ 4631750, 3128550 ], [ 4630050, 3128650 ], [ 4630250, 3128650 ], [ 4631750, 3128650 ], [ 4628750, 3128750 ], [ 4629250, 3128750 ], [ 4629650, 3128750 ], [ 4630650, 3128750 ], [ 4630750, 3128750 ], [ 4630850, 3128750 ], [ 4630950, 3128750 ], [ 4631150, 3128750 ], [ 4631250, 3128750 ], [ 4631750, 3128750 ], [ 4630850, 3128850 ], [ 4631150, 3128850 ], [ 4631450, 3128850 ], [ 4631750, 3128850 ], [ 4630850, 3128950 ], [ 4631150, 3128950 ], [ 4631250, 3128950 ], [ 4631350, 3128950 ], [ 4630950, 3129050 ], [ 4631150, 3129050 ], [ 4631250, 3129050 ], [ 4631350, 3129050 ], [ 4631450, 3129050 ], [ 4631550, 3129050 ], [ 4631650, 3129050 ], [ 4629650, 3129150 ], [ 4630950, 3129150 ], [ 4631150, 3129150 ], [ 4631250, 3129150 ], [ 4631450, 3129150 ], [ 4631550, 3129150 ], [ 4631650, 3129150 ], [ 4631250, 3129250 ], [ 4631550, 3129250 ], [ 4631650, 3129250 ], [ 4630850, 3129350 ], [ 4630950, 3129350 ], [ 4631150, 3129350 ], [ 4631250, 3129350 ], [ 4631350, 3129350 ], [ 4631650, 3129350 ], [ 4631750, 3129350 ], [ 4631850, 3129350 ], [ 4629250, 3129450 ], [ 4630850, 3129450 ], [ 4630950, 3129450 ], [ 4631050, 3129450 ], [ 4631150, 3129450 ], [ 4631250, 3129450 ], [ 4631350, 3129450 ], [ 4631650, 3129450 ], [ 4631750, 3129450 ], [ 4631850, 3129450 ], [ 4630850, 3129550 ], [ 4631150, 3129550 ], [ 4631250, 3129550 ], [ 4631350, 3129550 ], [ 4631650, 3129550 ], [ 4631750, 3129550 ], [ 4631950, 3129550 ], [ 4630850, 3129650 ], [ 4631050, 3129650 ], [ 4631150, 3129650 ], [ 4631250, 3129650 ], [ 4631350, 3129650 ], [ 4631750, 3129650 ], [ 4631850, 3129650 ], [ 4631950, 3129650 ], [ 4630850, 3129750 ], [ 4630950, 3129750 ], [ 4631050, 3129750 ], [ 4631150, 3129750 ], [ 4631250, 3129750 ], [ 4631750, 3129750 ], [ 4631850, 3129750 ], [ 4631950, 3129750 ], [ 4632050, 3129750 ], [ 4631050, 3129850 ], [ 4631150, 3129850 ], [ 4631650, 3129850 ], [ 4631750, 3129850 ], [ 4631850, 3129850 ], [ 4631950, 3129850 ], [ 4632050, 3129850 ], [ 4631950, 3129950 ], [ 4632050, 3129950 ] ] }, "geometry": { "type": "Polygon", "coordinates": [ [ [ 4629150.0, 3127950.0 ], [ 4628750.0, 3128750.0 ], [ 4629250.0, 3128750.0 ], [ 4629250.0, 3129450.0 ], [ 4629650.0, 3129150.0 ], [ 4629650.0, 3128750.0 ], [ 4629950.0, 3128550.0 ], [ 4630050.0, 3128650.0 ], [ 4630250.0, 3128650.0 ], [ 4630250.0, 3128550.0 ], [ 4630450.0, 3128550.0 ], [ 4630650.0, 3128750.0 ], [ 4630750.0, 3128750.0 ], [ 4630850.0, 3128750.0 ], [ 4630850.0, 3128850.0 ], [ 4630850.0, 3128950.0 ], [ 4630950.0, 3129050.0 ], [ 4630950.0, 3129150.0 ], [ 4630950.0, 3129350.0 ], [ 4630850.0, 3129350.0 ], [ 4630850.0, 3129450.0 ], [ 4630850.0, 3129550.0 ], [ 4630850.0, 3129650.0 ], [ 4630850.0, 3129750.0 ], [ 4630950.0, 3129750.0 ], [ 4631050.0, 3129750.0 ], [ 4631050.0, 3129850.0 ], [ 4631150.0, 3129850.0 ], [ 4631150.0, 3129750.0 ], [ 4631250.0, 3129750.0 ], [ 4631250.0, 3129650.0 ], [ 4631350.0, 3129650.0 ], [ 4631650.0, 3129850.0 ], [ 4631750.0, 3129850.0 ], [ 4631850.0, 3129850.0 ], [ 4631950.0, 3129850.0 ], [ 4631950.0, 3129950.0 ], [ 4632050.0, 3129950.0 ], [ 4632050.0, 3129850.0 ], [ 4632050.0, 3129750.0 ], [ 4631950.0, 3129750.0 ], [ 4631950.0, 3129650.0 ], [ 4631950.0, 3129550.0 ], [ 4631850.0, 3129450.0 ], [ 4631850.0, 3129350.0 ], [ 4631750.0, 3129350.0 ], [ 4631650.0, 3129350.0 ], [ 4631650.0, 3129250.0 ], [ 4631650.0, 3129150.0 ], [ 4631650.0, 3129050.0 ], [ 4631750.0, 3128850.0 ], [ 4631750.0, 3128750.0 ], [ 4631750.0, 3128650.0 ], [ 4631750.0, 3128550.0 ], [ 4631750.0, 3128450.0 ], [ 4631750.0, 3128350.0 ], [ 4631750.0, 3128250.0 ], [ 4631750.0, 3128150.0 ], [ 4631850.0, 3128150.0 ], [ 4631950.0, 3127950.0 ], [ 4631950.0, 3127850.0 ], [ 4632050.0, 3127850.0 ], [ 4632150.0, 3127850.0 ], [ 4632250.0, 3127850.0 ], [ 4632350.0, 3127850.0 ], [ 4632350.0, 3127950.0 ], [ 4632450.0, 3127950.0 ], [ 4632550.0, 3127950.0 ], [ 4632750.0, 3128450.0 ], [ 4632750.0, 3128350.0 ], [ 4632650.0, 3128050.0 ], [ 4632850.0, 3128050.0 ], [ 4632850.0, 3127750.0 ], [ 4632950.0, 3127650.0 ], [ 4632850.0, 3127550.0 ], [ 4633150.0, 3127050.0 ], [ 4633050.0, 3126950.0 ], [ 4632750.0, 3127550.0 ], [ 4632650.0, 3127550.0 ], [ 4632650.0, 3127650.0 ], [ 4632550.0, 3127650.0 ], [ 4632450.0, 3127650.0 ], [ 4632350.0, 3127650.0 ], [ 4632350.0, 3127450.0 ], [ 4632250.0, 3127450.0 ], [ 4632250.0, 3127350.0 ], [ 4632250.0, 3127050.0 ], [ 4632250.0, 3126950.0 ], [ 4632150.0, 3126950.0 ], [ 4631850.0, 3127150.0 ], [ 4631750.0, 3127050.0 ], [ 4631750.0, 3126250.0 ], [ 4631650.0, 3126350.0 ], [ 4631550.0, 3126550.0 ], [ 4631450.0, 3126550.0 ], [ 4631250.0, 3126950.0 ], [ 4631150.0, 3127150.0 ], [ 4631050.0, 3127050.0 ], [ 4630950.0, 3127150.0 ], [ 4630950.0, 3127450.0 ], [ 4630750.0, 3127450.0 ], [ 4630650.0, 3127650.0 ], [ 4630550.0, 3127550.0 ], [ 4630450.0, 3127550.0 ], [ 4630350.0, 3127250.0 ], [ 4630250.0, 3127050.0 ], [ 4630150.0, 3126750.0 ], [ 4630150.0, 3127050.0 ], [ 4630150.0, 3127150.0 ], [ 4630050.0, 3127150.0 ], [ 4630150.0, 3127350.0 ], [ 4630150.0, 3127450.0 ], [ 4629850.0, 3127650.0 ], [ 4629750.0, 3127950.0 ], [ 4629450.0, 3127850.0 ], [ 4629350.0, 3127750.0 ], [ 4629350.0, 3127850.0 ], [ 4629250.0, 3127850.0 ], [ 4629150.0, 3127850.0 ], [ 4629150.0, 3127950.0 ] ] ] } },
{ "type": "Feature", "properties": { "ID": "Bautzen_146250020_c2", "GEN": "Bautzen", "ARS": "146250020", "LAN": "Sachsen", "area": 0.035, "centroid": "POINT (4633578.571429 3129526.190476)", "DH_demand": 190.29630924338807, "total_demand_cells": 564.70716094970703, "total_demand_area": 1021.6273193359375, "share_DH": 21.417972539069609, "heat_density_DH": 5.4370374069539462, "heat_density": 29.189351981026793, "DH_supplied_households": 28.0, "DH_cells": [ [ 4633350, 3129350 ], [ 4633450, 3129350 ], [ 4633650, 3129650 ], [ 4633850, 3129750 ] ] }, "geometry": { "type": "Polygon", "coordinates": [ [ [ 4633350.0, 3129350.0 ], [ 4633650.0, 3129650.0 ], [ 4633850.0, 3129750.0 ], [ 4633450.0, 3129350.0 ], [ 4633350.0, 3129350.0 ] ] ] } },
{ "type": "Feature", "properties": { "ID": "Bautzen_146250020_c3", "GEN": "Bautzen", "ARS": "146250020", "LAN": "Sachsen", "area": 0.055, "centroid": "POINT (4627810.606061 3131371.212121)", "DH_demand": 414.86053155761499, "total_demand_cells": 1707.4010925292969, "total_demand_area": 2257.386474609375, "share_DH": 21.131809690154466, "heat_density_DH": 7.542918755593, "heat_density": 41.04339044744318, "DH_supplied_households": 40.0, "DH_cells": [ [ 4627950, 3131150 ], [ 4627850, 3131250 ], [ 4627650, 3131350 ], [ 4627750, 3131350 ], [ 4627950, 3131350 ], [ 4627650, 3131450 ], [ 4627750, 3131450 ], [ 4627750, 3131550 ] ] }, "geometry": { "type": "Polygon", "coordinates": [ [ [ 4627850.0, 3131250.0 ], [ 4627750.0, 3131350.0 ], [ 4627650.0, 3131350.0 ], [ 4627650.0, 3131450.0 ], [ 4627750.0, 3131550.0 ], [ 4627950.0, 3131350.0 ], [ 4627950.0, 3131150.0 ], [ 4627850.0, 3131250.0 ] ] ] } },
{ "type": "Feature", "properties": { "ID": "Bernsdorf_146250030_c1", "GEN": "Bernsdorf", "ARS": "146250030", "LAN": "Sachsen", "area": 1.245, "centroid": "POINT (4604195.381526 3148508.634538)", "DH_demand": 2266.0406165294321, "total_demand_cells": 4335.4608232975006, "total_demand_area": 15602.267578125, "share_DH": 16.700153311649437, "heat_density_DH": 1.8201129450035602, "heat_density": 12.53194182981928, "DH_supplied_households": 564.0, "DH_cells": [ [ 4603650, 3147350 ], [ 4603650, 3147450 ], [ 4603450, 3147550 ], [ 4603650, 3147550 ], [ 4603450, 3147650 ], [ 4603550, 3147650 ], [ 4603650, 3147650 ], [ 4603750, 3147650 ], [ 4603350, 3147750 ], [ 4603450, 3147750 ], [ 4603550, 3147750 ], [ 4603650, 3147750 ], [ 4603350, 3147850 ], [ 4603550, 3147850 ], [ 4604050, 3147950 ], [ 4604550, 3147950 ], [ 4604650, 3147950 ], [ 4604050, 3148150 ], [ 4604150, 3148150 ], [ 4604050, 3148450 ], [ 4604850, 3148650 ], [ 4603250, 3148950 ], [ 4603550, 3148950 ], [ 4603950, 3148950 ], [ 4604550, 3148950 ], [ 4603550, 3149050 ], [ 4604050, 3149050 ], [ 4604150, 3149050 ], [ 4603650, 3149150 ], [ 4604150, 3149150 ], [ 4604550, 3149250 ], [ 4604750, 3149450 ] ] }, "geometry": { "type": "Polygon", "coordinates": [ [ [ 4603550.0, 3147850.0 ], [ 4603550.0, 3147750.0 ], [ 4603650.0, 3147750.0 ], [ 4604050.0, 3147950.0 ], [ 4604050.0, 3148150.0 ], [ 4604050.0, 3148450.0 ], [ 4603250.0, 3148950.0 ], [ 4603550.0, 3148950.0 ], [ 4603550.0, 3149050.0 ], [ 4603650.0, 3149150.0 ], [ 4603950.0, 3148950.0 ], [ 4604050.0, 3149050.0 ], [ 4604150.0, 3149050.0 ], [ 4604150.0, 3149150.0 ], [ 4604550.0, 3149250.0 ], [ 4604750.0, 3149450.0 ], [ 4604550.0, 3148950.0 ], [ 4604850.0, 3148650.0 ], [ 4604650.0, 3147950.0 ], [ 4604550.0, 3147950.0 ], [ 4603750.0, 3147650.0 ], [ 4603650.0, 3147650.0 ], [ 4603650.0, 3147550.0 ], [ 4603450.0, 3147550.0 ], [ 4603450.0, 3147650.0 ], [ 4603450.0, 3147750.0 ], [ 4603350.0, 3147750.0 ], [ 4603350.0, 3147850.0 ], [ 4603550.0, 3147850.0 ] ] ] } },
{ "type": "Feature", "properties": { "ID": "Cunewalde_146250090_c0", "GEN": "Cunewalde", "ARS": "146250090", "LAN": "Sachsen", "area": 0.05, "centroid": "POINT (4634370 3118950)", "DH_demand": 1460.3597480875849, "total_demand_cells": 1892.6139602661133, "total_demand_area": 2575.58154296875, "share_DH": 65.196613788836245, "heat_density_DH": 29.2071949617517, "heat_density": 51.511630859375011, "DH_supplied_households": 533.0, "DH_cells": [ [ 4634350, 3118750 ], [ 4634450, 3118750 ], [ 4634350, 3118850 ], [ 4634450, 3118850 ], [ 4634150, 3118950 ], [ 4634350, 3118950 ], [ 4634450, 3118950 ], [ 4634450, 3119150 ] ] }, "geometry": { "type": "Polygon", "coordinates": [ [ [ 4634350.0, 3118850.0 ], [ 4634350.0, 3118950.0 ], [ 4634150.0, 3118950.0 ], [ 4634450.0, 3119150.0 ], [ 4634450.0, 3118950.0 ], [ 4634450.0, 3118850.0 ], [ 4634450.0, 3118750.0 ], [ 4634350.0, 3118750.0 ], [ 4634350.0, 3118850.0 ] ] ] } },
{ "type": "Feature", "properties": { "ID": "Cunewalde_146250090_c1", "GEN": "Cunewalde", "ARS": "146250090", "LAN": "Sachsen", "area": 0.14, "centroid": "POINT (4636635.714286 3119492.857143)", "DH_demand": 316.53155145440866, "total_demand_cells": 1023.7090835571289, "total_demand_area": 3407.35791015625, "share_DH": 10.681684394209059, "heat_density_DH": 2.2609396532457766, "heat_density": 24.33827078683036, "DH_supplied_households": 15.0, "DH_cells": [ [ 4636250, 3119350 ], [ 4636550, 3119350 ], [ 4636750, 3119350 ], [ 4636250, 3119450 ], [ 4637050, 3119750 ] ] }, "geometry": { "type": "Polygon", "coordinates": [ [ [ 4636550.0, 3119350.0 ], [ 4636250.0, 3119350.0 ], [ 4636250.0, 3119450.0 ], [ 4637050.0, 3119750.0 ], [ 4636750.0, 3119350.0 ], [ 4636550.0, 3119350.0 ] ] ] } },
{ "type": "Feature", "properties": { "ID": "Demitz-Thumitz_146250100_c0", "GEN": "Demitz-Thumitz", "ARS": "146250100", "LAN": "Sachsen", "area": 0.29, "centroid": "POINT (4617998.850575 3123206.896552)", "DH_demand": 749.80323551876575, "total_demand_cells": 2002.2345199584961, "total_demand_area": 7294.68701171875, "share_DH": 11.819011016545494, "heat_density_DH": 2.5855283983405717, "heat_density": 25.154093143857757, "DH_supplied_households": 52.0, "DH_cells": [ [ 4617850, 3122750 ], [ 4618050, 3122750 ], [ 4617850, 3122950 ], [ 4618050, 3122950 ], [ 4617650, 3123350 ], [ 4617850, 3123450 ], [ 4617950, 3123450 ], [ 4618350, 3123450 ], [ 4618350, 3123550 ], [ 4618450, 3123550 ] ] }, "geometry": { "type": "Polygon", "coordinates": [ [ [ 4617850.0, 3122950.0 ], [ 4617650.0, 3123350.0 ], [ 4617850.0, 3123450.0 ], [ 4617950.0, 3123450.0 ], [ 4618350.0, 3123550.0 ], [ 4618450.0, 3123550.0 ], [ 4618350.0, 3123450.0 ], [ 4618050.0, 3122950.0 ], [ 4618050.0, 3122750.0 ], [ 4617850.0, 3122750.0 ], [ 4617850.0, 3122950.0 ] ] ] } },
{ "type": "Feature", "properties": { "ID": "Doberschau-Gaußig_146250110_c0", "GEN": "Doberschau-Gaußig", "ARS": "146250110", "LAN": "Sachsen", "area": 0.04, "centroid": "POINT (4628533.333333 3125066.666667)", "DH_demand": 269.66868495096037, "total_demand_cells": 1619.4645344018936, "total_demand_area": 5036.60498046875, "share_DH": 6.1564891251000011, "heat_density_DH": 6.7417171237740092, "heat_density": 125.91512451171874, "DH_supplied_households": 22.0, "DH_cells": [ [ 4628150, 3124850 ], [ 4628450, 3125050 ], [ 4628650, 3125050 ], [ 4628650, 3125150 ], [ 4628750, 3125250 ], [ 4628850, 3125450 ] ] }, "geometry": { "type": "Polygon", "coordinates": [ [ [ 4628150.0, 3124850.0 ], [ 4628450.0, 3125050.0 ], [ 4628650.0, 3125150.0 ], [ 4628850.0, 3125450.0 ], [ 4628750.0, 3125250.0 ], [ 4628650.0, 3125050.0 ], [ 4628150.0, 3124850.0 ] ] ] } },
{ "type": "Feature", "properties": { "ID": "Elsterheide_146250120_c0", "GEN": "Elsterheide", "ARS": "146250120", "LAN": "Sachsen", "area": 0.04, "centroid": "POINT (4615816.666667 3158083.333333)", "DH_demand": 203.59224734056306, "total_demand_cells": 518.49085998535156, "total_demand_area": 1799.03759765625, "share_DH": 13.012522295565626, "heat_density_DH": 5.0898061835140762, "heat_density": 44.975939941406253, "DH_supplied_households": 11.0, "DH_cells": [ [ 4615650, 3157950 ], [ 4615850, 3157950 ], [ 4615950, 3158350 ] ] }, "geometry": { "type": "Polygon", "coordinates": [ [ [ 4615650.0, 3157950.0 ], [ 4615950.0, 3158350.0 ], [ 4615850.0, 3157950.0 ], [ 4615650.0, 3157950.0 ] ] ] } },
{ "type": "Feature", "properties": { "ID": "Elstra_146250130_c0", "GEN": "Elstra", "ARS": "146250130", "LAN": "Sachsen", "area": 0.155, "centroid": "POINT (4609416.666667 3131544.623656)", "DH_demand": 560.70694839800103, "total_demand_cells": 1363.118766784668, "total_demand_area": 5987.53955078125, "share_DH": 10.767826092461986, "heat_density_DH": 3.6174641832129097, "heat_density": 38.629287424395159, "DH_supplied_households": 86.0, "DH_cells": [ [ 4609050, 3131350 ], [ 4609150, 3131350 ], [ 4609750, 3131350 ], [ 4609150, 3131450 ], [ 4609250, 3131450 ], [ 4609650, 3131450 ], [ 4609150, 3131650 ], [ 4609650, 3131750 ] ] }, "geometry": { "type": "Polygon", "coordinates": [ [ [ 4609250.0, 3131450.0 ], [ 4609150.0, 3131350.0 ], [ 4609050.0, 3131350.0 ], [ 4609150.0, 3131450.0 ], [ 4609150.0, 3131650.0 ], [ 4609650.0, 3131750.0 ], [ 4609650.0, 3131450.0 ], [ 4609750.0, 3131350.0 ], [ 4609250.0, 3131450.0 ] ] ] } },
{ "type": "Feature", "properties": { "ID": "Göda_146250150_c0", "GEN": "Göda", "ARS": "146250150", "LAN": "Sachsen", "area": 0.02, "centroid": "POINT (4623016.666667 3127516.666667)", "DH_demand": 247.73368718193285, "total_demand_cells": 479.04556274414062, "total_demand_area": 1571.8468017578125, "share_DH": 18.122384511178101, "heat_density_DH": 12.386684359096643, "heat_density": 78.592340087890619, "DH_supplied_households": 52.0, "DH_cells": [ [ 4622650, 3127250 ], [ 4623150, 3127650 ], [ 4623250, 3127650 ] ] }, "geometry": { "type": "Polygon", "coordinates": [ [ [ 4622650.0, 3127250.0 ], [ 4623150.0, 3127650.0 ], [ 4623250.0, 3127650.0 ], [ 4622650.0, 3127250.0 ] ] ] } },
{ "type": "Feature", "properties": { "ID": "Großdubrau_146250160_c0", "GEN": "Großdubrau", "ARS": "146250160", "LAN": "Sachsen", "area": 0.12, "centroid": "POINT (4632197.222222 3136747.222222)", "DH_demand": 908.20127099976025, "total_demand_cells": 1354.3834342956543, "total_demand_area": 3792.051513671875, "share_DH": 27.539012734330598, "heat_density_DH": 7.5683439249980022, "heat_density": 31.600429280598959, "DH_supplied_households": 254.0, "DH_cells": [ [ 4632050, 3136550 ], [ 4631950, 3136650 ], [ 4632050, 3136650 ], [ 4632150, 3136650 ], [ 4632350, 3136650 ], [ 4631650, 3136750 ], [ 4632050, 3136750 ], [ 4632550, 3136850 ], [ 4632450, 3136950 ] ] }, "geometry": { "type": "Polygon", "coordinates": [ [ [ 4631950.0, 3136650.0 ], [ 4631650.0, 3136750.0 ], [ 4632050.0, 3136750.0 ], [ 4632450.0, 3136950.0 ], [ 4632550.0, 3136850.0 ], [ 4632350.0, 3136650.0 ], [ 4632150.0, 3136650.0 ], [ 4632050.0, 3136550.0 ], [ 4631950.0, 3136650.0 ] ] ] } },
{ "type": "Feature", "properties": { "ID": "Großröhrsdorf_146250200_c0", "GEN": "Großröhrsdorf", "ARS": "146250200", "LAN": "Sachsen", "area": 0.81, "centroid": "POINT (4602655.349794 3122472.016461)", "DH_demand": 699.54121156825568, "total_demand_cells": 2902.1663875579834, "total_demand_area": 20752.7421875, "share_DH": 3.8759512315458253, "heat_density_DH": 0.86363112539290832, "heat_density": 25.620669367283956, "DH_supplied_households": 109.0, "DH_cells": [ [ 4603050, 3121350 ], [ 4602950, 3121850 ], [ 4602650, 3121950 ], [ 4602950, 3121950 ], [ 4602550, 3122350 ], [ 4603150, 3122450 ], [ 4603250, 3122450 ], [ 4602150, 3122550 ], [ 4602650, 3122750 ], [ 4602950, 3122750 ], [ 4603050, 3122750 ], [ 4602050, 3122850 ], [ 4602550, 3122850 ], [ 4602350, 3123350 ] ] }, "geometry": { "type": "Polygon", "coordinates": [ [ [ 4602050.0, 3122850.0 ], [ 4602350.0, 3123350.0 ], [ 4602550.0, 3122850.0 ], [ 4602650.0, 3122750.0 ], [ 4602950.0, 3122750.0 ], [ 4603050.0, 3122750.0 ], [ 4603150.0, 3122450.0 ], [ 4603250.0, 3122450.0 ], [ 4602950.0, 3121950.0 ], [ 4602950.0, 3121850.0 ], [ 4603050.0, 3121350.0 ], [ 4602650.0, 3121950.0 ], [ 4602550.0, 3122350.0 ], [ 4602150.0, 3122550.0 ], [ 4602050.0, 3122850.0 ] ] ] } },
{ "type": "Feature", "properties": { "ID": "Großröhrsdorf_146250200_c1", "GEN": "Großröhrsdorf", "ARS": "146250200", "LAN": "Sachsen", "area": 0.09, "centroid": "POINT (4604950 3123005.555556)", "DH_demand": 202.55117558504631, "total_demand_cells": 946.44538879394531, "total_demand_area": 3684.78759765625, "share_DH": 6.3206653816087934, "heat_density_DH": 2.2505686176116257, "heat_density": 40.942084418402779, "DH_supplied_households": 17.0, "DH_cells": [ [ 4604450, 3122650 ], [ 4604550, 3122750 ], [ 4604850, 3123050 ], [ 4605350, 3123250 ], [ 4605450, 3123250 ] ] }, "geometry": { "type": "Polygon", "coordinates": [ [ [ 4604450.0, 3122650.0 ], [ 4604550.0, 3122750.0 ], [ 4604850.0, 3123050.0 ], [ 4605350.0, 3123250.0 ], [ 4605450.0, 3123250.0 ], [ 4604450.0, 3122650.0 ] ] ] } },
{ "type": "Feature", "properties": { "ID": "Haselbachtal_146250220_c0", "GEN": "Haselbachtal", "ARS": "146250220", "LAN": "Sachsen", "area": 0.145, "centroid": "POINT (4604056.896552 3132037.356322)", "DH_demand": 295.21354894361065, "total_demand_cells": 755.30641174316406, "total_demand_area": 3082.97705078125, "share_DH": 11.010485866485329, "heat_density_DH": 2.0359555099559357, "heat_density": 21.261910695043102, "DH_supplied_households": 15.0, "DH_cells": [ [ 4604450, 3131650 ], [ 4604550, 3131650 ], [ 4604150, 3132050 ], [ 4603750, 3132150 ], [ 4603750, 3132450 ] ] }, "geometry": { "type": "Polygon", "coordinates": [ [ [ 4603750.0, 3132150.0 ], [ 4603750.0, 3132450.0 ], [ 4604150.0, 3132050.0 ], [ 4604550.0, 3131650.0 ], [ 4604450.0, 3131650.0 ], [ 4603750.0, 3132150.0 ] ] ] } },
{ "type": "Feature", "properties": { "ID": "Hoyerswerda_146250240_c1", "GEN": "Hoyerswerda", "ARS": "146250240", "LAN": "Sachsen", "area": 5.135, "centroid": "POINT (4616700.925024 3155992.291464)", "DH_demand": 87574.248035572891, "total_demand_cells": 109571.26671248674, "total_demand_area": 186322.109375, "share_DH": 54.044625853584783, "heat_density_DH": 17.054381311698712, "heat_density": 36.28473405550146, "DH_supplied_households": 12070.0, "DH_cells": [ [ 4614950, 3153650 ], [ 4615250, 3153650 ], [ 4614850, 3154050 ], [ 4615550, 3154050 ], [ 4613650, 3154150 ], [ 4614850, 3154250 ], [ 4613850, 3154350 ], [ 4614050, 3154350 ], [ 4618250, 3154350 ], [ 4618750, 3154450 ], [ 4618650, 3154550 ], [ 4618750, 3154550 ], [ 4618850, 3154550 ], [ 4618950, 3154550 ], [ 4614750, 3154650 ], [ 4617850, 3154650 ], [ 4618750, 3154650 ], [ 4614050, 3154750 ], [ 4617950, 3154750 ], [ 4614550, 3154850 ], [ 4614750, 3154850 ], [ 4614850, 3154850 ], [ 4618050, 3154850 ], [ 4617950, 3154950 ], [ 4618050, 3154950 ], [ 4618150, 3154950 ], [ 4614250, 3155050 ], [ 4614950, 3155050 ], [ 4615150, 3155250 ], [ 4617950, 3155250 ], [ 4618050, 3155250 ], [ 4618150, 3155250 ], [ 4616950, 3155350 ], [ 4617350, 3155350 ], [ 4617450, 3155350 ], [ 4617550, 3155350 ], [ 4617650, 3155350 ], [ 4617750, 3155350 ], [ 4617950, 3155350 ], [ 4618050, 3155350 ], [ 4618150, 3155350 ], [ 4616750, 3155450 ], [ 4616850, 3155450 ], [ 4616950, 3155450 ], [ 4617150, 3155450 ], [ 4617350, 3155450 ], [ 4617450, 3155450 ], [ 4617550, 3155450 ], [ 4617650, 3155450 ], [ 4617750, 3155450 ], [ 4618050, 3155450 ], [ 4618150, 3155450 ], [ 4618250, 3155450 ], [ 4615550, 3155550 ], [ 4615750, 3155550 ], [ 4616750, 3155550 ], [ 4616950, 3155550 ], [ 4617050, 3155550 ], [ 4617150, 3155550 ], [ 4617250, 3155550 ], [ 4617350, 3155550 ], [ 4617450, 3155550 ], [ 4617550, 3155550 ], [ 4617650, 3155550 ], [ 4617750, 3155550 ], [ 4617850, 3155550 ], [ 4617950, 3155550 ], [ 4618050, 3155550 ], [ 4618150, 3155550 ], [ 4618250, 3155550 ], [ 4615450, 3155650 ], [ 4615650, 3155650 ], [ 4617150, 3155650 ], [ 4617250, 3155650 ], [ 4617350, 3155650 ], [ 4617450, 3155650 ], [ 4617550, 3155650 ], [ 4617650, 3155650 ], [ 4617750, 3155650 ], [ 4617850, 3155650 ], [ 4618150, 3155650 ], [ 4618250, 3155650 ], [ 4615650, 3155750 ], [ 4615750, 3155750 ], [ 4616850, 3155750 ], [ 4616950, 3155750 ], [ 4617050, 3155750 ], [ 4617150, 3155750 ], [ 4617250, 3155750 ], [ 4617450, 3155750 ], [ 4617550, 3155750 ], [ 4617650, 3155750 ], [ 4617750, 3155750 ], [ 4617850, 3155750 ], [ 4617950, 3155750 ], [ 4618150, 3155750 ], [ 4618250, 3155750 ], [ 4615450, 3155850 ], [ 4615850, 3155850 ], [ 4616750, 3155850 ], [ 4616850, 3155850 ], [ 4616950, 3155850 ], [ 4617050, 3155850 ], [ 4617150, 3155850 ], [ 4617250, 3155850 ], [ 4617350, 3155850 ], [ 4617450, 3155850 ], [ 4617550, 3155850 ], [ 4617650, 3155850 ], [ 4617750, 3155850 ], [ 4617850, 3155850 ], [ 4617950, 3155850 ], [ 4618050, 3155850 ], [ 4618150, 3155850 ], [ 4618250, 3155850 ], [ 4615350, 3155950 ], [ 4616750, 3155950 ], [ 4616850, 3155950 ], [ 4617250, 3155950 ], [ 4617350, 3155950 ], [ 4617450, 3155950 ], [ 4617550, 3155950 ], [ 4617650, 3155950 ], [ 4617750, 3155950 ], [ 4617850, 3155950 ], [ 4617950, 3155950 ], [ 4618050, 3155950 ], [ 4615950, 3156050 ], [ 4616750, 3156050 ], [ 4617350, 3156050 ], [ 4617450, 3156050 ], [ 4617550, 3156050 ], [ 4617650, 3156050 ], [ 4617750, 3156050 ], [ 4617850, 3156050 ], [ 4617950, 3156050 ], [ 4615450, 3156150 ], [ 4615750, 3156150 ], [ 4615950, 3156150 ], [ 4616050, 3156150 ], [ 4616450, 3156150 ], [ 4616750, 3156150 ], [ 4617250, 3156150 ], [ 4617350, 3156150 ], [ 4617450, 3156150 ], [ 4617550, 3156150 ], [ 4617650, 3156150 ], [ 4617750, 3156150 ], [ 4614950, 3156250 ], [ 4615150, 3156250 ], [ 4615950, 3156250 ], [ 4616050, 3156250 ], [ 4616750, 3156250 ], [ 4616850, 3156250 ], [ 4616950, 3156250 ], [ 4617050, 3156250 ], [ 4617250, 3156250 ], [ 4617350, 3156250 ], [ 4617450, 3156250 ], [ 4617550, 3156250 ], [ 4617750, 3156250 ], [ 4617850, 3156250 ], [ 4614850, 3156350 ], [ 4615050, 3156350 ], [ 4615850, 3156350 ], [ 4615950, 3156350 ], [ 4616750, 3156350 ], [ 4616850, 3156350 ], [ 4616950, 3156350 ], [ 4617150, 3156350 ], [ 4617250, 3156350 ], [ 4617350, 3156350 ], [ 4617450, 3156350 ], [ 4617550, 3156350 ], [ 4617650, 3156350 ], [ 4617750, 3156350 ], [ 4617850, 3156350 ], [ 4615350, 3156450 ], [ 4615750, 3156450 ], [ 4615850, 3156450 ], [ 4616750, 3156450 ], [ 4616850, 3156450 ], [ 4616950, 3156450 ], [ 4617050, 3156450 ], [ 4617150, 3156450 ], [ 4617250, 3156450 ], [ 4617350, 3156450 ], [ 4617450, 3156450 ], [ 4617650, 3156450 ], [ 4614750, 3156550 ], [ 4615150, 3156550 ], [ 4615250, 3156550 ], [ 4616650, 3156550 ], [ 4616750, 3156550 ], [ 4616850, 3156550 ], [ 4616950, 3156550 ], [ 4617050, 3156550 ], [ 4617150, 3156550 ], [ 4617250, 3156550 ], [ 4617350, 3156550 ], [ 4617650, 3156550 ], [ 4614850, 3156650 ], [ 4615950, 3156650 ], [ 4616550, 3156650 ], [ 4616750, 3156650 ], [ 4616850, 3156650 ], [ 4616950, 3156650 ], [ 4617050, 3156650 ], [ 4617150, 3156650 ], [ 4617250, 3156650 ], [ 4617350, 3156650 ], [ 4617450, 3156650 ], [ 4617550, 3156650 ], [ 4617650, 3156650 ], [ 4614750, 3156750 ], [ 4616750, 3156750 ], [ 4616850, 3156750 ], [ 4616950, 3156750 ], [ 4617050, 3156750 ], [ 4617150, 3156750 ], [ 4617250, 3156750 ], [ 4617450, 3156750 ], [ 4617550, 3156750 ], [ 4617650, 3156750 ], [ 4617950, 3156750 ], [ 4618350, 3156750 ], [ 4614750, 3156850 ], [ 4617050, 3156850 ], [ 4617150, 3156850 ], [ 4617250, 3156850 ], [ 4617650, 3156850 ], [ 4617750, 3156850 ], [ 4617850, 3156850 ], [ 4617950, 3156850 ], [ 4618050, 3156850 ], [ 4617650, 3156950 ], [ 4617750, 3156950 ], [ 4617850, 3156950 ], [ 4617950, 3156950 ], [ 4618050, 3156950 ], [ 4617450, 3157050 ], [ 4617550, 3157050 ], [ 4617750, 3157050 ], [ 4617850, 3157050 ], [ 4617950, 3157050 ], [ 4618050, 3157050 ], [ 4617450, 3157150 ], [ 4617550, 3157150 ], [ 4617650, 3157150 ], [ 4617950, 3157150 ], [ 4618150, 3157150 ], [ 4618350, 3157150 ], [ 4616850, 3157250 ], [ 4617450, 3157250 ], [ 4617550, 3157250 ], [ 4618250, 3157350 ], [ 4618350, 3157350 ], [ 4617050, 3157450 ], [ 4617550, 3157450 ], [ 4617650, 3157450 ], [ 4617950, 3157450 ], [ 4618050, 3157450 ], [ 4618350, 3157450 ], [ 4616950, 3157550 ], [ 4617050, 3157550 ], [ 4617450, 3157550 ], [ 4617550, 3157550 ], [ 4618150, 3157550 ], [ 4616950, 3157650 ], [ 4617050, 3157650 ], [ 4617350, 3157650 ], [ 4617450, 3157650 ], [ 4617650, 3157650 ], [ 4617750, 3157650 ], [ 4617350, 3157750 ], [ 4617450, 3157750 ], [ 4617550, 3157750 ], [ 4617350, 3157850 ], [ 4617450, 3157850 ], [ 4617250, 3157950 ], [ 4617050, 3158150 ] ] }, "geometry": { "type": "Polygon", "coordinates": [ [ [ 4614850.0, 3154050.0 ], [ 4614850.0, 3154250.0 ], [ 4614750.0, 3154650.0 ], [ 4614750.0, 3154850.0 ], [ 4614550.0, 3154850.0 ], [ 4614050.0, 3154350.0 ], [ 4613650.0, 3154150.0 ], [ 4613850.0, 3154350.0 ], [ 4614050.0, 3154750.0 ], [ 4614250.0, 3155050.0 ], [ 4615150.0, 3155250.0 ], [ 4615450.0, 3155650.0 ], [ 4615450.0, 3155850.0 ], [ 4615350.0, 3155950.0 ], [ 4615450.0, 3156150.0 ], [ 4615150.0, 3156250.0 ], [ 4615050.0, 3156350.0 ], [ 4614950.0, 3156250.0 ], [ 4614850.0, 3156350.0 ], [ 4614750.0, 3156550.0 ], [ 4614850.0, 3156650.0 ], [ 4614750.0, 3156750.0 ], [ 4614750.0, 3156850.0 ], [ 4615150.0, 3156550.0 ], [ 4615250.0, 3156550.0 ], [ 4615350.0, 3156450.0 ], [ 4615750.0, 3156450.0 ], [ 4615850.0, 3156450.0 ], [ 4615950.0, 3156650.0 ], [ 4616550.0, 3156650.0 ], [ 4616650.0, 3156550.0 ], [ 4616750.0, 3156550.0 ], [ 4616750.0, 3156650.0 ], [ 4616750.0, 3156750.0 ], [ 4616850.0, 3156750.0 ], [ 4616950.0, 3156750.0 ], [ 4617050.0, 3156750.0 ], [ 4617050.0, 3156850.0 ], [ 4616850.0, 3157250.0 ], [ 4617050.0, 3157450.0 ], [ 4617050.0, 3157550.0 ], [ 4616950.0, 3157550.0 ], [ 4616950.0, 3157650.0 ], [ 4617050.0, 3157650.0 ], [ 4617050.0, 3158150.0 ], [ 4617250.0, 3157950.0 ], [ 4617350.0, 3157850.0 ], [ 4617450.0, 3157850.0 ], [ 4617450.0, 3157750.0 ], [ 4617550.0, 3157750.0 ], [ 4617650.0, 3157650.0 ], [ 4617750.0, 3157650.0 ], [ 4617950.0, 3157450.0 ], [ 4618050.0, 3157450.0 ], [ 4618150.0, 3157550.0 ], [ 4618350.0, 3157450.0 ], [ 4618350.0, 3157350.0 ], [ 4618350.0, 3157150.0 ], [ 4618350.0, 3156750.0 ], [ 4618050.0, 3156850.0 ], [ 4617950.0, 3156850.0 ], [ 4617950.0, 3156750.0 ], [ 4617850.0, 3156850.0 ], [ 4617750.0, 3156850.0 ], [ 4617650.0, 3156850.0 ], [ 4617650.0, 3156750.0 ], [ 4617650.0, 3156650.0 ], [ 4617650.0, 3156550.0 ], [ 4617650.0, 3156450.0 ], [ 4617650.0, 3156350.0 ], [ 4617750.0, 3156350.0 ], [ 4617850.0, 3156350.0 ], [ 4617850.0, 3156250.0 ], [ 4617750.0, 3156250.0 ], [ 4617750.0, 3156150.0 ], [ 4617750.0, 3156050.0 ], [ 4617850.0, 3156050.0 ], [ 4617950.0, 3156050.0 ], [ 4617950.0, 3155950.0 ], [ 4618050.0, 3155950.0 ], [ 4618050.0, 3155850.0 ], [ 4618150.0, 3155850.0 ], [ 4618250.0, 3155850.0 ], [ 4618250.0, 3155750.0 ], [ 4618250.0, 3155650.0 ], [ 4618250.0, 3155550.0 ], [ 4618250.0, 3155450.0 ], [ 4618150.0, 3155450.0 ], [ 4618150.0, 3155350.0 ], [ 4618150.0, 3155250.0 ], [ 4618150.0, 3154950.0 ], [ 4618650.0, 3154550.0 ], [ 4618750.0, 3154650.0 ], [ 4618950.0, 3154550.0 ], [ 4618850.0, 3154550.0 ], [ 4618750.0, 3154550.0 ], [ 4618750.0, 3154450.0 ], [ 4618250.0, 3154350.0 ], [ 4617950.0, 3154750.0 ], [ 4617850.0, 3154650.0 ], [ 4617950.0, 3154950.0 ], [ 4617950.0, 3155250.0 ], [ 4617950.0, 3155350.0 ], [ 4617750.0, 3155350.0 ], [ 4617650.0, 3155350.0 ], [ 4617550.0, 3155350.0 ], [ 4617450.0, 3155350.0 ], [ 4617350.0, 3155350.0 ], [ 4617350.0, 3155450.0 ], [ 4617350.0, 3155550.0 ], [ 4617250.0, 3155550.0 ], [ 4617150.0, 3155550.0 ], [ 4617150.0, 3155450.0 ], [ 4616950.0, 3155450.0 ], [ 4616950.0, 3155350.0 ], [ 4616850.0, 3155450.0 ], [ 4616750.0, 3155450.0 ], [ 4616750.0, 3155550.0 ], [ 4616850.0, 3155750.0 ], [ 4616850.0, 3155850.0 ], [ 4616750.0, 3155850.0 ], [ 4616750.0, 3155950.0 ], [ 4616750.0, 3156050.0 ], [ 4616750.0, 3156150.0 ], [ 4616450.0, 3156150.0 ], [ 4616050.0, 3156150.0 ], [ 4615950.0, 3156150.0 ], [ 4615950.0, 3156050.0 ], [ 4615850.0, 3155850.0 ], [ 4615750.0, 3155750.0 ], [ 4615750.0, 3155550.0 ], [ 4615650.0, 3155650.0 ], [ 4615550.0, 3155550.0 ], [ 4614950.0, 3155050.0 ], [ 4614850.0, 3154850.0 ], [ 4615550.0, 3154050.0 ], [ 4615250.0, 3153650.0 ], [ 4614950.0, 3153650.0 ], [ 4614850.0, 3154050.0 ] ] ] } },
{ "type": "Feature", "properties": { "ID": "Hoyerswerda_146250240_c2", "GEN": "Hoyerswerda", "ARS": "146250240", "LAN": "Sachsen", "area": 0.1, "centroid": "POINT (4611993.333333 3154998.333333)", "DH_demand": 372.15764057330523, "total_demand_cells": 1227.7846194505692, "total_demand_area": 2098.956298828125, "share_DH": 20.387502775680229, "heat_density_DH": 3.7215764057330527, "heat_density": 20.989562988281254, "DH_supplied_households": 40.0, "DH_cells": [ [ 4612050, 3154750 ], [ 4611850, 3154850 ], [ 4611950, 3154850 ], [ 4612150, 3154950 ], [ 4611850, 3155150 ], [ 4611950, 3155150 ], [ 4612050, 3155150 ], [ 4612150, 3155150 ], [ 4611850, 3155250 ] ] }, "geometry": { "type": "Polygon", "coordinates": [ [ [ 4611950.0, 3154850.0 ], [ 4611850.0, 3154850.0 ], [ 4611850.0, 3155150.0 ], [ 4611850.0, 3155250.0 ], [ 4611950.0, 3155150.0 ], [ 4612050.0, 3155150.0 ], [ 4612150.0, 3155150.0 ], [ 4612150.0, 3154950.0 ], [ 4612050.0, 3154750.0 ], [ 4611950.0, 3154850.0 ] ] ] } },
{ "type": "Feature", "properties": { "ID": "Hoyerswerda_146250240_c3", "GEN": "Hoyerswerda", "ARS": "146250240", "LAN": "Sachsen", "area": 0.07, "centroid": "POINT (4608040.47619 3156459.52381)", "DH_demand": 333.74396808513569, "total_demand_cells": 401.7533073425293, "total_demand_area": 915.69384765625, "share_DH": 41.90864495894229, "heat_density_DH": 4.7677709726447963, "heat_density": 13.081340680803574, "DH_supplied_households": 121.0, "DH_cells": [ [ 4608050, 3156250 ], [ 4607850, 3156350 ], [ 4608050, 3156350 ], [ 4608150, 3156350 ], [ 4608150, 3156450 ], [ 4608150, 3156550 ], [ 4608150, 3156750 ] ] }, "geometry": { "type": "Polygon", "coordinates": [ [ [ 4607850.0, 3156350.0 ], [ 4608150.0, 3156750.0 ], [ 4608150.0, 3156550.0 ], [ 4608150.0, 3156450.0 ], [ 4608150.0, 3156350.0 ], [ 4608050.0, 3156350.0 ], [ 4608050.0, 3156250.0 ], [ 4607850.0, 3156350.0 ] ] ] } },
{ "type": "Feature", "properties": { "ID": "Kamenz_146250250_c0", "GEN": "Kamenz", "ARS": "146250250", "LAN": "Sachsen", "area": 2.83, "centroid": "POINT (4607398.822144 3137542.697291)", "DH_demand": 17626.133218498962, "total_demand_cells": 29003.441283404827, "total_demand_area": 69289.390625, "share_DH": 29.250331761407843, "heat_density_DH": 6.2283156249112945, "heat_density": 24.483883613074205, "DH_supplied_households": 3798.0, "DH_cells": [ [ 4608250, 3136150 ], [ 4606550, 3136250 ], [ 4607650, 3136250 ], [ 4608250, 3136250 ], [ 4608350, 3136250 ], [ 4608450, 3136250 ], [ 4606550, 3136350 ], [ 4608250, 3136350 ], [ 4608350, 3136350 ], [ 4608550, 3136350 ], [ 4608650, 3136350 ], [ 4607650, 3136450 ], [ 4608150, 3136450 ], [ 4608250, 3136450 ], [ 4608350, 3136450 ], [ 4608650, 3136450 ], [ 4607450, 3136550 ], [ 4607650, 3136550 ], [ 4607950, 3136550 ], [ 4608050, 3136550 ], [ 4608150, 3136550 ], [ 4606650, 3136650 ], [ 4607650, 3136650 ], [ 4607750, 3136650 ], [ 4607950, 3136650 ], [ 4608050, 3136650 ], [ 4606050, 3136750 ], [ 4606350, 3136750 ], [ 4606750, 3136750 ], [ 4606950, 3136750 ], [ 4607650, 3136750 ], [ 4607750, 3136750 ], [ 4606650, 3136850 ], [ 4607450, 3136850 ], [ 4607650, 3136850 ], [ 4607950, 3136850 ], [ 4606750, 3136950 ], [ 4607550, 3136950 ], [ 4607650, 3136950 ], [ 4607850, 3136950 ], [ 4607950, 3136950 ], [ 4608050, 3136950 ], [ 4608150, 3136950 ], [ 4607550, 3137050 ], [ 4607650, 3137050 ], [ 4607750, 3137050 ], [ 4607850, 3137050 ], [ 4607950, 3137050 ], [ 4608050, 3137050 ], [ 4608150, 3137050 ], [ 4606250, 3137150 ], [ 4606750, 3137150 ], [ 4606950, 3137150 ], [ 4607550, 3137150 ], [ 4607650, 3137150 ], [ 4607750, 3137150 ], [ 4607850, 3137150 ], [ 4607950, 3137150 ], [ 4606550, 3137250 ], [ 4606650, 3137250 ], [ 4606750, 3137250 ], [ 4606950, 3137250 ], [ 4607450, 3137250 ], [ 4607550, 3137250 ], [ 4607650, 3137250 ], [ 4608050, 3137250 ], [ 4606650, 3137350 ], [ 4606750, 3137350 ], [ 4607050, 3137350 ], [ 4607450, 3137350 ], [ 4607550, 3137350 ], [ 4606550, 3137450 ], [ 4607050, 3137450 ], [ 4607550, 3137450 ], [ 4606550, 3137550 ], [ 4606650, 3137550 ], [ 4607050, 3137550 ], [ 4606650, 3137650 ], [ 4606750, 3137650 ], [ 4606750, 3137750 ], [ 4606850, 3137750 ], [ 4607150, 3137750 ], [ 4607950, 3137750 ], [ 4606650, 3137850 ], [ 4606750, 3137850 ], [ 4606850, 3137850 ], [ 4607050, 3137850 ], [ 4607150, 3137850 ], [ 4606750, 3137950 ], [ 4606850, 3137950 ], [ 4606950, 3137950 ], [ 4607050, 3137950 ], [ 4607150, 3137950 ], [ 4607250, 3137950 ], [ 4606750, 3138050 ], [ 4606850, 3138050 ], [ 4606950, 3138050 ], [ 4607050, 3138050 ], [ 4607150, 3138050 ], [ 4607250, 3138050 ], [ 4607350, 3138050 ], [ 4608150, 3138050 ], [ 4608250, 3138050 ], [ 4607050, 3138150 ], [ 4607350, 3138150 ], [ 4608150, 3138150 ], [ 4608250, 3138150 ], [ 4606750, 3138250 ], [ 4607450, 3138250 ], [ 4607550, 3138250 ], [ 4607650, 3138250 ], [ 4607050, 3138350 ], [ 4607450, 3138350 ], [ 4607550, 3138350 ], [ 4607650, 3138350 ], [ 4607750, 3138350 ], [ 4607550, 3138450 ], [ 4607750, 3138450 ], [ 4608250, 3138450 ], [ 4608350, 3138450 ], [ 4607150, 3138550 ], [ 4607750, 3138550 ], [ 4607850, 3138550 ], [ 4607550, 3138650 ], [ 4607650, 3138650 ], [ 4607750, 3138650 ], [ 4607750, 3138750 ], [ 4607950, 3138750 ], [ 4608050, 3138750 ], [ 4608150, 3138750 ], [ 4607750, 3138850 ], [ 4607850, 3138850 ], [ 4607950, 3138850 ] ] }, "geometry": { "type": "MultiPolygon", "coordinates": [ [ [ [ 4608350.0, 3136450.0 ], [ 4608650.0, 3136450.0 ], [ 4608650.0, 3136350.0 ], [ 4608550.0, 3136350.0 ], [ 4608450.0, 3136250.0 ], [ 4608350.0, 3136250.0 ], [ 4608250.0, 3136150.0 ], [ 4608250.0, 3136250.0 ], [ 4608250.0, 3136350.0 ], [ 4608150.0, 3136450.0 ], [ 4608150.0, 3136550.0 ], [ 4608250.0, 3136450.0 ], [ 4608350.0, 3136450.0 ] ] ], [ [ [ 4606650.0, 3136850.0 ], [ 4606350.0, 3136750.0 ], [ 4606050.0, 3136750.0 ], [ 4606250.0, 3137150.0 ], [ 4606550.0, 3137250.0 ], [ 4606650.0, 3137250.0 ], [ 4606650.0, 3137350.0 ], [ 4606550.0, 3137450.0 ], [ 4606550.0, 3137550.0 ], [ 4606650.0, 3137550.0 ], [ 4606650.0, 3137650.0 ], [ 4606750.0, 3137650.0 ], [ 4606750.0, 3137750.0 ], [ 4606650.0, 3137850.0 ], [ 4606750.0, 3137950.0 ], [ 4606750.0, 3138050.0 ], [ 4606750.0, 3138250.0 ], [ 4606850.0, 3138050.0 ], [ 4606950.0, 3138050.0 ], [ 4607050.0, 3138050.0 ], [ 4607050.0, 3138150.0 ], [ 4607050.0, 3138350.0 ], [ 4607150.0, 3138550.0 ], [ 4607450.0, 3138350.0 ], [ 4607550.0, 3138350.0 ], [ 4607550.0, 3138450.0 ], [ 4607550.0, 3138650.0 ], [ 4607650.0, 3138650.0 ], [ 4607750.0, 3138650.0 ], [ 4607750.0, 3138750.0 ], [ 4607750.0, 3138850.0 ], [ 4607850.0, 3138850.0 ], [ 4607950.0, 3138850.0 ], [ 4607950.0, 3138750.0 ], [ 4608050.0, 3138750.0 ], [ 4608150.0, 3138750.0 ], [ 4608250.0, 3138450.0 ], [ 4608350.0, 3138450.0 ], [ 4608250.0, 3138150.0 ], [ 4608250.0, 3138050.0 ], [ 4608150.0, 3138050.0 ], [ 4607950.0, 3137750.0 ], [ 4608050.0, 3137250.0 ], [ 4607950.0, 3137150.0 ], [ 4607950.0, 3137050.0 ], [ 4608050.0, 3137050.0 ], [ 4608150.0, 3137050.0 ], [ 4608150.0, 3136950.0 ], [ 4608050.0, 3136950.0 ], [ 4607950.0, 3136950.0 ], [ 4607950.0, 3136850.0 ], [ 4608050.0, 3136650.0 ], [ 4608150.0, 3136550.0 ], [ 4608050.0, 3136550.0 ], [ 4607950.0, 3136550.0 ], [ 4607950.0, 3136650.0 ], [ 4607750.0, 3136650.0 ], [ 4607650.0, 3136650.0 ], [ 4607650.0, 3136550.0 ], [ 4607450.0, 3136550.0 ], [ 4607450.0, 3136850.0 ], [ 4606950.0, 3136750.0 ], [ 4606750.0, 3136750.0 ], [ 4606550.0, 3136250.0 ], [ 4606550.0, 3136350.0 ], [ 4606650.0, 3136650.0 ], [ 4606650.0, 3136850.0 ] ] ] ] } },
{ "type": "Feature", "properties": { "ID": "Königswartha_146250280_c0", "GEN": "Königswartha", "ARS": "146250280", "LAN": "Sachsen", "area": 0.425, "centroid": "POINT (4622872.352941 3142316.27451)", "DH_demand": 5099.908297328464, "total_demand_cells": 7264.4147233963013, "total_demand_area": 13222.58984375, "share_DH": 44.349255166115178, "heat_density_DH": 11.999784229008151, "heat_density": 31.111976102941178, "DH_supplied_households": 684.0, "DH_cells": [ [ 4623150, 3141850 ], [ 4623250, 3141850 ], [ 4623350, 3141850 ], [ 4623450, 3141850 ], [ 4623050, 3141950 ], [ 4623150, 3141950 ], [ 4623250, 3141950 ], [ 4623350, 3141950 ], [ 4623450, 3141950 ], [ 4622650, 3142050 ], [ 4623250, 3142050 ], [ 4623350, 3142050 ], [ 4623450, 3142050 ], [ 4622750, 3142150 ], [ 4622950, 3142150 ], [ 4623050, 3142150 ], [ 4623250, 3142150 ], [ 4622450, 3142250 ], [ 4622950, 3142250 ], [ 4623050, 3142250 ], [ 4623150, 3142250 ], [ 4623250, 3142250 ], [ 4623050, 3142350 ], [ 4623050, 3142550 ], [ 4622550, 3142750 ], [ 4622550, 3142850 ] ] }, "geometry": { "type": "Polygon", "coordinates": [ [ [ 4622450.0, 3142250.0 ], [ 4622550.0, 3142750.0 ], [ 4622550.0, 3142850.0 ], [ 4623050.0, 3142550.0 ], [ 4623050.0, 3142350.0 ], [ 4623050.0, 3142250.0 ], [ 4623150.0, 3142250.0 ], [ 4623250.0, 3142250.0 ], [ 4623250.0, 3142150.0 ], [ 4623250.0, 3142050.0 ], [ 4623350.0, 3142050.0 ], [ 4623450.0, 3142050.0 ], [ 4623450.0, 3141950.0 ], [ 4623450.0, 3141850.0 ], [ 4623350.0, 3141850.0 ], [ 4623250.0, 3141850.0 ], [ 4623150.0, 3141850.0 ], [ 4623150.0, 3141950.0 ], [ 4623050.0, 3141950.0 ], [ 4623050.0, 3142150.0 ], [ 4622950.0, 3142150.0 ], [ 4622750.0, 3142150.0 ], [ 4622650.0, 3142050.0 ], [ 4622450.0, 3142250.0 ] ] ] } },
{ "type": "Feature", "properties": { "ID": "Lauta_146250310_c0", "GEN": "Lauta", "ARS": "146250310", "LAN": "Sachsen", "area": 0.805, "centroid": "POINT (4605287.888199 3156354.968944)", "DH_demand": 1577.2445208289646, "total_demand_cells": 3875.4363307952881, "total_demand_area": 19214.5234375, "share_DH": 9.4386503871500889, "heat_density_DH": 1.9593099637626892, "heat_density": 23.868973214285717, "DH_supplied_households": 255.0, "DH_cells": [ [ 4605050, 3155750 ], [ 4604550, 3155850 ], [ 4605450, 3155950 ], [ 4604550, 3156050 ], [ 4605350, 3156050 ], [ 4605650, 3156050 ], [ 4604450, 3156150 ], [ 4605050, 3156150 ], [ 4605150, 3156150 ], [ 4604850, 3156250 ], [ 4604950, 3156250 ], [ 4605050, 3156250 ], [ 4604650, 3156350 ], [ 4604950, 3156350 ], [ 4605050, 3156350 ], [ 4605750, 3156550 ], [ 4606050, 3156650 ], [ 4605650, 3156850 ], [ 4605550, 3156950 ], [ 4605650, 3156950 ], [ 4605850, 3156950 ], [ 4605650, 3157150 ] ] }, "geometry": { "type": "Polygon", "coordinates": [ [ [ 4604550.0, 3156050.0 ], [ 4604450.0, 3156150.0 ], [ 4604650.0, 3156350.0 ], [ 4604850.0, 3156250.0 ], [ 4604950.0, 3156250.0 ], [ 4604950.0, 3156350.0 ], [ 4605050.0, 3156350.0 ], [ 4605550.0, 3156950.0 ], [ 4605650.0, 3156950.0 ], [ 4605650.0, 3157150.0 ], [ 4605850.0, 3156950.0 ], [ 4606050.0, 3156650.0 ], [ 4605750.0, 3156550.0 ], [ 4605650.0, 3156050.0 ], [ 4605450.0, 3155950.0 ], [ 4605350.0, 3156050.0 ], [ 4605150.0, 3156150.0 ], [ 4605050.0, 3156150.0 ], [ 4605050.0, 3155750.0 ], [ 4604550.0, 3155850.0 ], [ 4604550.0, 3156050.0 ] ] ] } },
{ "type": "Feature", "properties": { "ID": "Lauta_146250310_c2", "GEN": "Lauta", "ARS": "146250310", "LAN": "Sachsen", "area": 0.13, "centroid": "POINT (4607882.051282 3158096.153846)", "DH_demand": 1802.07253879631, "total_demand_cells": 2462.1633933782578, "total_demand_area": 3174.76025390625, "share_DH": 65.268228310939591, "heat_density_DH": 13.862096452279308, "heat_density": 24.421232722355768, "DH_supplied_households": 271.0, "DH_cells": [ [ 4607650, 3157750 ], [ 4607750, 3157750 ], [ 4607650, 3157850 ], [ 4607750, 3157850 ], [ 4607850, 3157850 ], [ 4607650, 3157950 ], [ 4607750, 3157950 ], [ 4607850, 3157950 ], [ 4607750, 3158050 ], [ 4607850, 3158150 ], [ 4608050, 3158150 ], [ 4608250, 3158150 ], [ 4607850, 3158250 ], [ 4607950, 3158250 ], [ 4608050, 3158250 ], [ 4607750, 3158350 ], [ 4607850, 3158350 ], [ 4607950, 3158350 ], [ 4607950, 3158450 ], [ 4607950, 3158550 ] ] }, "geometry": { "type": "Polygon", "coordinates": [ [ [ 4607650.0, 3157750.0 ], [ 4607650.0, 3157850.0 ], [ 4607650.0, 3157950.0 ], [ 4607750.0, 3157950.0 ], [ 4607750.0, 3158050.0 ], [ 4607850.0, 3158150.0 ], [ 4607850.0, 3158250.0 ], [ 4607750.0, 3158350.0 ], [ 4607850.0, 3158350.0 ], [ 4607950.0, 3158550.0 ], [ 4607950.0, 3158450.0 ], [ 4607950.0, 3158350.0 ], [ 4607950.0, 3158250.0 ], [ 4608050.0, 3158250.0 ], [ 4608050.0, 3158150.0 ], [ 4608250.0, 3158150.0 ], [ 4607850.0, 3157950.0 ], [ 4607850.0, 3157850.0 ], [ 4607750.0, 3157850.0 ], [ 4607750.0, 3157750.0 ], [ 4607650.0, 3157750.0 ] ] ] } },
{ "type": "Feature", "properties": { "ID": "Lauta_146250310_c3", "GEN": "Lauta", "ARS": "146250310", "LAN": "Sachsen", "area": 0.04, "centroid": "POINT (4606200 3158450)", "DH_demand": 184.37973459779599, "total_demand_cells": 1177.55224609375, "total_demand_area": 3122.7822265625, "share_DH": 6.7890964187767207, "heat_density_DH": 4.6094933649448997, "heat_density": 78.069555664062506, "DH_supplied_households": 15.0, "DH_cells": [ [ 4605850, 3158250 ], [ 4606150, 3158450 ], [ 4606350, 3158450 ], [ 4606250, 3158550 ], [ 4606350, 3158650 ] ] }, "geometry": { "type": "Polygon", "coordinates": [ [ [ 4605850.0, 3158250.0 ], [ 4606150.0, 3158450.0 ], [ 4606250.0, 3158550.0 ], [ 4606350.0, 3158650.0 ], [ 4606350.0, 3158450.0 ], [ 4605850.0, 3158250.0 ] ] ] } },
{ "type": "Feature", "properties": { "ID": "Lauta_146250310_c4", "GEN": "Lauta", "ARS": "146250310", "LAN": "Sachsen", "area": 0.17, "centroid": "POINT (4608308.823529 3159467.647059)", "DH_demand": 2508.3278320299164, "total_demand_cells": 3136.4880340099335, "total_demand_area": 3256.026123046875, "share_DH": 88.580250975021158, "heat_density_DH": 14.754869600175981, "heat_density": 19.153094841452209, "DH_supplied_households": 281.0, "DH_cells": [ [ 4608250, 3159250 ], [ 4608350, 3159250 ], [ 4608450, 3159250 ], [ 4608550, 3159250 ], [ 4608150, 3159350 ], [ 4608250, 3159350 ], [ 4608350, 3159350 ], [ 4608450, 3159350 ], [ 4608550, 3159350 ], [ 4608050, 3159450 ], [ 4608250, 3159450 ], [ 4608350, 3159450 ], [ 4608450, 3159450 ], [ 4608550, 3159450 ], [ 4608050, 3159550 ], [ 4608150, 3159550 ], [ 4608250, 3159550 ], [ 4608350, 3159550 ], [ 4608450, 3159550 ], [ 4608550, 3159550 ], [ 4608050, 3159650 ], [ 4608150, 3159650 ], [ 4608250, 3159650 ], [ 4608350, 3159650 ], [ 4608450, 3159650 ], [ 4608150, 3159750 ] ] }, "geometry": { "type": "Polygon", "coordinates": [ [ [ 4608250.0, 3159350.0 ], [ 4608150.0, 3159350.0 ], [ 4608050.0, 3159450.0 ], [ 4608050.0, 3159550.0 ], [ 4608050.0, 3159650.0 ], [ 4608150.0, 3159650.0 ], [ 4608150.0, 3159750.0 ], [ 4608250.0, 3159650.0 ], [ 4608350.0, 3159650.0 ], [ 4608450.0, 3159650.0 ], [ 4608450.0, 3159550.0 ], [ 4608550.0, 3159550.0 ], [ 4608550.0, 3159450.0 ], [ 4608550.0, 3159350.0 ], [ 4608550.0, 3159250.0 ], [ 4608450.0, 3159250.0 ], [ 4608350.0, 3159250.0 ], [ 4608250.0, 3159250.0 ], [ 4608250.0, 3159350.0 ] ] ] } },
{ "type": "Feature", "properties": { "ID": "Lohsa_146250330_c0", "GEN": "Lohsa", "ARS": "146250330", "LAN": "Sachsen", "area": 0.16, "centroid": "POINT (4620771.875 3147991.666667)", "DH_demand": 274.64112342596627, "total_demand_cells": 858.57357788085938, "total_demand_area": 2738.04443359375, "share_DH": 11.533618052085306, "heat_density_DH": 1.7165070214122893, "heat_density": 17.112777709960938, "DH_supplied_households": 24.0, "DH_cells": [ [ 4620950, 3147650 ], [ 4620750, 3147750 ], [ 4620550, 3147950 ], [ 4620650, 3147950 ], [ 4620650, 3148050 ], [ 4620950, 3148050 ], [ 4620650, 3148150 ], [ 4620550, 3148450 ] ] }, "geometry": { "type": "Polygon", "coordinates": [ [ [ 4620550.0, 3147950.0 ], [ 4620650.0, 3148050.0 ], [ 4620650.0, 3148150.0 ], [ 4620550.0, 3148450.0 ], [ 4620950.0, 3148050.0 ], [ 4620950.0, 3147650.0 ], [ 4620750.0, 3147750.0 ], [ 4620550.0, 3147950.0 ] ] ] } },
{ "type": "Feature", "properties": { "ID": "Neukirch/Lausitz_146250380_c1", "GEN": "Neukirch/Lausitz", "ARS": "146250380", "LAN": "Sachsen", "area": 0.19, "centroid": "POINT (4623179.824561 3118146.491228)", "DH_demand": 210.3810878351573, "total_demand_cells": 403.67547225952148, "total_demand_area": 3656.992919921875, "share_DH": 6.6148967051833694, "heat_density_DH": 1.1072688833429332, "heat_density": 19.247331157483554, "DH_supplied_households": 16.0, "DH_cells": [ [ 4622850, 3117750 ], [ 4623350, 3118050 ], [ 4623450, 3118150 ], [ 4623150, 3118450 ], [ 4623350, 3118450 ] ] }, "geometry": { "type": "Polygon", "coordinates": [ [ [ 4622850.0, 3117750.0 ], [ 4623150.0, 3118450.0 ], [ 4623350.0, 3118450.0 ], [ 4623450.0, 3118150.0 ], [ 4623350.0, 3118050.0 ], [ 4622850.0, 3117750.0 ] ] ] } },
{ "type": "Feature", "properties": { "ID": "Oßling_146250420_c1", "GEN": "Oßling", "ARS": "146250420", "LAN": "Sachsen", "area": 0.105, "centroid": "POINT (4610929.365079 3147050)", "DH_demand": 226.79297177361249, "total_demand_cells": 649.08933258056641, "total_demand_area": 2405.760009765625, "share_DH": 10.839712916410688, "heat_density_DH": 2.1599330645105952, "heat_density": 22.912000093005954, "DH_supplied_households": 22.0, "DH_cells": [ [ 4610950, 3146750 ], [ 4610950, 3146850 ], [ 4610850, 3146950 ], [ 4611050, 3146950 ], [ 4610750, 3147050 ], [ 4611150, 3147150 ], [ 4610750, 3147250 ] ] }, "geometry": { "type": "Polygon", "coordinates": [ [ [ 4610850.0, 3146950.0 ], [ 4610750.0, 3147050.0 ], [ 4610750.0, 3147250.0 ], [ 4611150.0, 3147150.0 ], [ 4611050.0, 3146950.0 ], [ 4610950.0, 3146750.0 ], [ 4610850.0, 3146950.0 ] ] ] } },
{ "type": "Feature", "properties": { "ID": "Ottendorf-Okrilla_146250430_c0", "GEN": "Ottendorf-Okrilla", "ARS": "146250430", "LAN": "Sachsen", "area": 0.75, "centroid": "POINT (4588224.222222 3126270)", "DH_demand": 1187.1679738394425, "total_demand_cells": 4091.6020011901855, "total_demand_area": 16358.169921875, "share_DH": 8.3448387093774414, "heat_density_DH": 1.5828906317859235, "heat_density": 21.810893229166666, "DH_supplied_households": 268.0, "DH_cells": [ [ 4588150, 3125550 ], [ 4587950, 3125650 ], [ 4587850, 3125750 ], [ 4588150, 3125750 ], [ 4587950, 3125850 ], [ 4588150, 3125850 ], [ 4586850, 3125950 ], [ 4587050, 3125950 ], [ 4587550, 3125950 ], [ 4587850, 3125950 ], [ 4586950, 3126050 ], [ 4587050, 3126050 ], [ 4587150, 3126050 ], [ 4587850, 3126050 ], [ 4588150, 3126150 ], [ 4588250, 3126150 ], [ 4587650, 3126250 ], [ 4587750, 3126250 ], [ 4588250, 3126250 ], [ 4587450, 3126350 ], [ 4588350, 3126350 ], [ 4589250, 3126350 ], [ 4587650, 3126450 ], [ 4588650, 3126450 ], [ 4589150, 3126550 ], [ 4589050, 3126650 ], [ 4589050, 3126750 ], [ 4588950, 3126850 ], [ 4588750, 3127150 ] ] }, "geometry": { "type": "Polygon", "coordinates": [ [ [ 4587950.0, 3125650.0 ], [ 4587850.0, 3125750.0 ], [ 4587950.0, 3125850.0 ], [ 4587850.0, 3125950.0 ], [ 4587550.0, 3125950.0 ], [ 4587050.0, 3125950.0 ], [ 4586850.0, 3125950.0 ], [ 4586950.0, 3126050.0 ], [ 4587050.0, 3126050.0 ], [ 4587150.0, 3126050.0 ], [ 4587450.0, 3126350.0 ], [ 4587650.0, 3126450.0 ], [ 4587650.0, 3126250.0 ], [ 4587750.0, 3126250.0 ], [ 4587850.0, 3126050.0 ], [ 4588250.0, 3126250.0 ], [ 4588350.0, 3126350.0 ], [ 4588650.0, 3126450.0 ], [ 4588750.0, 3127150.0 ], [ 4588950.0, 3126850.0 ], [ 4589050.0, 3126750.0 ], [ 4589050.0, 3126650.0 ], [ 4589150.0, 3126550.0 ], [ 4589250.0, 3126350.0 ], [ 4588250.0, 3126150.0 ], [ 4588150.0, 3126150.0 ], [ 4588150.0, 3125850.0 ], [ 4588150.0, 3125750.0 ], [ 4588150.0, 3125550.0 ], [ 4587950.0, 3125650.0 ] ] ] } },
{ "type": "Feature", "properties": { "ID": "Radeberg_146250480_c0", "GEN": "Radeberg", "ARS": "146250480", "LAN": "Sachsen", "area": 0.175, "centroid": "POINT (4594278.571429 3114926.190476)", "DH_demand": 682.91999915780571, "total_demand_cells": 2203.6999092102051, "total_demand_area": 5980.70654296875, "share_DH": 13.129791446056219, "heat_density_DH": 3.9023999951874613, "heat_density": 34.17546595982143, "DH_supplied_households": 59.0, "DH_cells": [ [ 4594450, 3114450 ], [ 4594250, 3114650 ], [ 4594450, 3114650 ], [ 4594050, 3114750 ], [ 4594150, 3114750 ], [ 4594350, 3114750 ], [ 4594350, 3114850 ], [ 4594150, 3115050 ], [ 4594350, 3115050 ], [ 4594150, 3115250 ], [ 4594550, 3115250 ] ] }, "geometry": { "type": "Polygon", "coordinates": [ [ [ 4594250.0, 3114650.0 ], [ 4594150.0, 3114750.0 ], [ 4594050.0, 3114750.0 ], [ 4594150.0, 3115050.0 ], [ 4594150.0, 3115250.0 ], [ 4594550.0, 3115250.0 ], [ 4594350.0, 3115050.0 ], [ 4594350.0, 3114850.0 ], [ 4594350.0, 3114750.0 ], [ 4594450.0, 3114650.0 ], [ 4594450.0, 3114450.0 ], [ 4594250.0, 3114650.0 ] ] ] } },
{ "type": "Feature", "properties": { "ID": "Radeberg_146250480_c1", "GEN": "Radeberg", "ARS": "146250480", "LAN": "Sachsen", "area": 0.035, "centroid": "POINT (4595383.333333 3116250)", "DH_demand": 245.48058266914023, "total_demand_cells": 577.08995056152344, "total_demand_area": 1700.201416015625, "share_DH": 16.601879673289975, "heat_density_DH": 7.0137309334040081, "heat_density": 48.577183314732153, "DH_supplied_households": 14.0, "DH_cells": [ [ 4595450, 3116150 ], [ 4595150, 3116250 ], [ 4595550, 3116350 ] ] }, "geometry": { "type": "Polygon", "coordinates": [ [ [ 4595150.0, 3116250.0 ], [ 4595550.0, 3116350.0 ], [ 4595450.0, 3116150.0 ], [ 4595150.0, 3116250.0 ] ] ] } },
{ "type": "Feature", "properties": { "ID": "Radeberg_146250480_c2", "GEN": "Radeberg", "ARS": "146250480", "LAN": "Sachsen", "area": 0.995, "centroid": "POINT (4595152.01005 3118304.606365)", "DH_demand": 8946.0118157731795, "total_demand_cells": 15969.067230224609, "total_demand_area": 33760.38671875, "share_DH": 30.469304755906617, "heat_density_DH": 8.9909666490182705, "heat_density": 33.930036903266334, "DH_supplied_households": 2107.0, "DH_cells": [ [ 4594650, 3117250 ], [ 4594750, 3117250 ], [ 4594850, 3117250 ], [ 4594950, 3117250 ], [ 4594750, 3117350 ], [ 4594850, 3117350 ], [ 4594950, 3117350 ], [ 4594350, 3117450 ], [ 4594450, 3117450 ], [ 4594750, 3117450 ], [ 4594850, 3117450 ], [ 4594950, 3117450 ], [ 4594350, 3117550 ], [ 4594450, 3117550 ], [ 4594750, 3117550 ], [ 4594850, 3117550 ], [ 4594950, 3117550 ], [ 4595250, 3117550 ], [ 4595350, 3117550 ], [ 4595450, 3117550 ], [ 4595550, 3117550 ], [ 4594650, 3117650 ], [ 4594750, 3117650 ], [ 4594850, 3117650 ], [ 4594950, 3117650 ], [ 4595250, 3117650 ], [ 4595350, 3117650 ], [ 4595450, 3117650 ], [ 4594650, 3117750 ], [ 4594750, 3117750 ], [ 4594950, 3117750 ], [ 4595050, 3117750 ], [ 4595150, 3117750 ], [ 4595250, 3117750 ], [ 4595350, 3117750 ], [ 4595450, 3117750 ], [ 4594750, 3117850 ], [ 4595150, 3117850 ], [ 4595350, 3117850 ], [ 4595450, 3117850 ], [ 4594950, 3118050 ], [ 4595250, 3118050 ], [ 4594950, 3118150 ], [ 4595050, 3118150 ], [ 4595150, 3118150 ], [ 4595050, 3118250 ], [ 4595150, 3118250 ], [ 4595250, 3118250 ], [ 4595150, 3118350 ], [ 4594850, 3118750 ], [ 4596150, 3118750 ], [ 4594950, 3118850 ], [ 4596050, 3118850 ], [ 4595250, 3118950 ], [ 4595450, 3118950 ], [ 4595550, 3118950 ], [ 4595450, 3119050 ], [ 4595550, 3119050 ], [ 4595450, 3119150 ], [ 4595550, 3119150 ], [ 4595250, 3119250 ], [ 4595550, 3119250 ], [ 4595650, 3119250 ], [ 4595250, 3119350 ], [ 4595250, 3119450 ], [ 4595650, 3119550 ], [ 4595850, 3119650 ] ] }, "geometry": { "type": "Polygon", "coordinates": [ [ [ 4594450.0, 3117450.0 ], [ 4594350.0, 3117450.0 ], [ 4594350.0, 3117550.0 ], [ 4594450.0, 3117550.0 ], [ 4594650.0, 3117650.0 ], [ 4594650.0, 3117750.0 ], [ 4594750.0, 3117750.0 ], [ 4594750.0, 3117850.0 ], [ 4594950.0, 3118050.0 ], [ 4594950.0, 3118150.0 ], [ 4595050.0, 3118150.0 ], [ 4595050.0, 3118250.0 ], [ 4595150.0, 3118350.0 ], [ 4594850.0, 3118750.0 ], [ 4594950.0, 3118850.0 ], [ 4595250.0, 3118950.0 ], [ 4595250.0, 3119250.0 ], [ 4595250.0, 3119350.0 ], [ 4595250.0, 3119450.0 ], [ 4595650.0, 3119550.0 ], [ 4595850.0, 3119650.0 ], [ 4595650.0, 3119250.0 ], [ 4595550.0, 3119250.0 ], [ 4595550.0, 3119150.0 ], [ 4595550.0, 3119050.0 ], [ 4595550.0, 3118950.0 ], [ 4596050.0, 3118850.0 ], [ 4596150.0, 3118750.0 ], [ 4595450.0, 3118950.0 ], [ 4595250.0, 3118250.0 ], [ 4595150.0, 3118250.0 ], [ 4595150.0, 3118150.0 ], [ 4595250.0, 3118050.0 ], [ 4595350.0, 3117850.0 ], [ 4595450.0, 3117850.0 ], [ 4595450.0, 3117750.0 ], [ 4595450.0, 3117650.0 ], [ 4595550.0, 3117550.0 ], [ 4595450.0, 3117550.0 ], [ 4595350.0, 3117550.0 ], [ 4595250.0, 3117550.0 ], [ 4594950.0, 3117550.0 ], [ 4594950.0, 3117450.0 ], [ 4594950.0, 3117350.0 ], [ 4594950.0, 3117250.0 ], [ 4594850.0, 3117250.0 ], [ 4594750.0, 3117250.0 ], [ 4594650.0, 3117250.0 ], [ 4594450.0, 3117450.0 ] ] ] } },
{ "type": "Feature", "properties": { "ID": "Radeberg_146250480_c3", "GEN": "Radeberg", "ARS": "146250480", "LAN": "Sachsen", "area": 0.12, "centroid": "POINT (4593901.388889 3118440.277778)", "DH_demand": 4322.2386359529464, "total_demand_cells": 5472.7081241607666, "total_demand_area": 9150.3359375, "share_DH": 54.314050583787008, "heat_density_DH": 36.018655299607886, "heat_density": 76.252799479166669, "DH_supplied_households": 714.0, "DH_cells": [ [ 4593850, 3118150 ], [ 4593950, 3118150 ], [ 4593850, 3118250 ], [ 4593950, 3118250 ], [ 4594050, 3118250 ], [ 4593650, 3118350 ], [ 4593750, 3118350 ], [ 4593850, 3118350 ], [ 4593950, 3118350 ], [ 4593650, 3118450 ], [ 4593750, 3118450 ], [ 4593850, 3118450 ], [ 4593750, 3118550 ], [ 4594150, 3118750 ] ] }, "geometry": { "type": "Polygon", "coordinates": [ [ [ 4593850.0, 3118250.0 ], [ 4593850.0, 3118350.0 ], [ 4593750.0, 3118350.0 ], [ 4593650.0, 3118350.0 ], [ 4593650.0, 3118450.0 ], [ 4593750.0, 3118450.0 ], [ 4593750.0, 3118550.0 ], [ 4594150.0, 3118750.0 ], [ 4593950.0, 3118350.0 ], [ 4594050.0, 3118250.0 ], [ 4593950.0, 3118150.0 ], [ 4593850.0, 3118150.0 ], [ 4593850.0, 3118250.0 ] ] ] } },
{ "type": "Feature", "properties": { "ID": "Radibor_146250490_c0", "GEN": "Radibor", "ARS": "146250490", "LAN": "Sachsen", "area": 0.23, "centroid": "POINT (4627769.565217 3135216.666667)", "DH_demand": 1399.4517198232147, "total_demand_cells": 2583.8126764297485, "total_demand_area": 3634.64453125, "share_DH": 44.272746731291463, "heat_density_DH": 6.0845726948835432, "heat_density": 15.80280230978261, "DH_supplied_households": 133.0, "DH_cells": [ [ 4627750, 3134750 ], [ 4627750, 3134850 ], [ 4627850, 3134950 ], [ 4627650, 3135050 ], [ 4627750, 3135050 ], [ 4627850, 3135050 ], [ 4627950, 3135050 ], [ 4628050, 3135050 ], [ 4628150, 3135050 ], [ 4627550, 3135150 ], [ 4627650, 3135150 ], [ 4627950, 3135150 ], [ 4628050, 3135150 ], [ 4628150, 3135150 ], [ 4627250, 3135250 ], [ 4627350, 3135250 ], [ 4627450, 3135250 ], [ 4627650, 3135250 ], [ 4627850, 3135250 ], [ 4627950, 3135250 ], [ 4628250, 3135250 ], [ 4627350, 3135350 ], [ 4628050, 3135350 ], [ 4628150, 3135350 ], [ 4628250, 3135350 ], [ 4627350, 3135450 ], [ 4627350, 3135550 ], [ 4627350, 3135650 ] ] }, "geometry": { "type": "Polygon", "coordinates": [ [ [ 4627750.0, 3134850.0 ], [ 4627750.0, 3135050.0 ], [ 4627650.0, 3135050.0 ], [ 4627650.0, 3135150.0 ], [ 4627550.0, 3135150.0 ], [ 4627450.0, 3135250.0 ], [ 4627350.0, 3135250.0 ], [ 4627250.0, 3135250.0 ], [ 4627350.0, 3135350.0 ], [ 4627350.0, 3135450.0 ], [ 4627350.0, 3135550.0 ], [ 4627350.0, 3135650.0 ], [ 4627650.0, 3135250.0 ], [ 4627850.0, 3135250.0 ], [ 4627950.0, 3135250.0 ], [ 4628050.0, 3135350.0 ], [ 4628150.0, 3135350.0 ], [ 4628250.0, 3135350.0 ], [ 4628250.0, 3135250.0 ], [ 4628150.0, 3135150.0 ], [ 4628150.0, 3135050.0 ], [ 4628050.0, 3135050.0 ], [ 4627950.0, 3135050.0 ], [ 4627850.0, 3135050.0 ], [ 4627850.0, 3134950.0 ], [ 4627750.0, 3134750.0 ], [ 4627750.0, 3134850.0 ] ] ] } },
{ "type": "Feature", "properties": { "ID": "Schirgiswalde-Kirschau_146250525_c0", "GEN": "Schirgiswalde-Kirschau", "ARS": "146250525", "LAN": "Sachsen", "area": 0.875, "centroid": "POINT (4630751.52381 3116713.809524)", "DH_demand": 488.80572540557398, "total_demand_cells": 1659.6145057678223, "total_demand_area": 13406.2470703125, "share_DH": 4.1924660571966044, "heat_density_DH": 0.55863511474922745, "heat_density": 15.321425223214286, "DH_supplied_households": 44.0, "DH_cells": [ [ 4629850, 3116150 ], [ 4630650, 3116250 ], [ 4629650, 3116350 ], [ 4630150, 3116350 ], [ 4630250, 3116350 ], [ 4631250, 3116350 ], [ 4630950, 3116650 ], [ 4631150, 3116650 ], [ 4631250, 3116850 ], [ 4631650, 3116950 ], [ 4630950, 3117150 ], [ 4630850, 3117550 ] ] }, "geometry": { "type": "Polygon", "coordinates": [ [ [ 4629650.0, 3116350.0 ], [ 4630150.0, 3116350.0 ], [ 4630850.0, 3117550.0 ], [ 4630950.0, 3117150.0 ], [ 4631650.0, 3116950.0 ], [ 4631250.0, 3116850.0 ], [ 4631150.0, 3116650.0 ], [ 4631250.0, 3116350.0 ], [ 4630650.0, 3116250.0 ], [ 4630250.0, 3116350.0 ], [ 4629850.0, 3116150.0 ], [ 4629650.0, 3116350.0 ] ] ] } },
{ "type": "Feature", "properties": { "ID": "Schwepnitz_146250550_c0", "GEN": "Schwepnitz", "ARS": "146250550", "LAN": "Sachsen", "area": 0.065, "centroid": "POINT (4597250 3142924.358974)", "DH_demand": 449.43525751588265, "total_demand_cells": 809.86201786994934, "total_demand_area": 1471.263427734375, "share_DH": 35.125069287122166, "heat_density_DH": 6.9143885771674256, "heat_density": 22.63482196514423, "DH_supplied_households": 199.0, "DH_cells": [ [ 4597450, 3142750 ], [ 4597050, 3142850 ], [ 4597450, 3142850 ], [ 4597550, 3142850 ], [ 4596950, 3142950 ], [ 4597250, 3142950 ], [ 4597350, 3142950 ], [ 4597450, 3142950 ], [ 4597550, 3142950 ], [ 4597050, 3143050 ] ] }, "geometry": { "type": "Polygon", "coordinates": [ [ [ 4596950.0, 3142950.0 ], [ 4597050.0, 3143050.0 ], [ 4597350.0, 3142950.0 ], [ 4597450.0, 3142950.0 ], [ 4597550.0, 3142950.0 ], [ 4597550.0, 3142850.0 ], [ 4597450.0, 3142850.0 ], [ 4597450.0, 3142750.0 ], [ 4597250.0, 3142950.0 ], [ 4597050.0, 3142850.0 ], [ 4596950.0, 3142950.0 ] ] ] } },
{ "type": "Feature", "properties": { "ID": "Sohland a.d.Spree_146250560_c2", "GEN": "Sohland a.d.Spree", "ARS": "146250560", "LAN": "Sachsen", "area": 0.09, "centroid": "POINT (4628916.666667 3114283.333333)", "DH_demand": 183.61967166828927, "total_demand_cells": 581.74975204467773, "total_demand_area": 2587.630859375, "share_DH": 8.1593840401594502, "heat_density_DH": 2.0402185740921031, "heat_density": 28.751453993055556, "DH_supplied_households": 16.0, "DH_cells": [ [ 4628550, 3114150 ], [ 4628650, 3114350 ], [ 4628950, 3114350 ], [ 4629150, 3114350 ], [ 4629550, 3114350 ] ] }, "geometry": { "type": "Polygon", "coordinates": [ [ [ 4628550.0, 3114150.0 ], [ 4628650.0, 3114350.0 ], [ 4628950.0, 3114350.0 ], [ 4629150.0, 3114350.0 ], [ 4629550.0, 3114350.0 ], [ 4628550.0, 3114150.0 ] ] ] } },
{ "type": "Feature", "properties": { "ID": "Weißenberg_146250610_c0", "GEN": "Weißenberg", "ARS": "146250610", "LAN": "Sachsen", "area": 0.18, "centroid": "POINT (4646562.962963 3131066.666667)", "DH_demand": 267.72888122063102, "total_demand_cells": 1087.1203308105469, "total_demand_area": 4034.23486328125, "share_DH": 7.6308784342838027, "heat_density_DH": 1.4873826734479501, "heat_density": 22.412415907118056, "DH_supplied_households": 24.0, "DH_cells": [ [ 4646050, 3130650 ], [ 4646250, 3130850 ], [ 4646450, 3130850 ], [ 4646450, 3130950 ], [ 4646950, 3131050 ], [ 4646450, 3131450 ] ] }, "geometry": { "type": "Polygon", "coordinates": [ [ [ 4646450.0, 3130850.0 ], [ 4646050.0, 3130650.0 ], [ 4646250.0, 3130850.0 ], [ 4646450.0, 3130950.0 ], [ 4646450.0, 3131450.0 ], [ 4646950.0, 3131050.0 ], [ 4646450.0, 3130850.0 ] ] ] } },
{ "type": "Feature", "properties": { "ID": "Wilthen_146250630_c0", "GEN": "Wilthen", "ARS": "146250630", "LAN": "Sachsen", "area": 0.775, "centroid": "POINT (4628477.741935 3118928.709677)", "DH_demand": 8187.2225521928176, "total_demand_cells": 12318.114169597626, "total_demand_area": 26424.060546875, "share_DH": 35.626858597862615, "heat_density_DH": 10.564158131861701, "heat_density": 34.095561995967749, "DH_supplied_households": 1037.0, "DH_cells": [ [ 4627550, 3118550 ], [ 4628950, 3118650 ], [ 4629550, 3118650 ], [ 4629650, 3118650 ], [ 4627150, 3118750 ], [ 4627450, 3118750 ], [ 4628150, 3118750 ], [ 4628350, 3118750 ], [ 4628150, 3118850 ], [ 4627950, 3118950 ], [ 4628650, 3118950 ], [ 4627850, 3119050 ], [ 4627950, 3119050 ], [ 4628050, 3119050 ], [ 4628250, 3119050 ], [ 4628350, 3119050 ], [ 4628450, 3119050 ], [ 4629150, 3119050 ], [ 4629450, 3119050 ], [ 4627650, 3119150 ], [ 4627750, 3119150 ], [ 4627850, 3119150 ], [ 4627950, 3119150 ], [ 4628150, 3119150 ], [ 4628250, 3119150 ], [ 4628350, 3119150 ], [ 4628450, 3119150 ], [ 4628550, 3119150 ], [ 4628650, 3119150 ], [ 4629050, 3119150 ], [ 4627750, 3119250 ], [ 4627850, 3119250 ], [ 4628450, 3119250 ], [ 4628550, 3119250 ], [ 4628650, 3119250 ], [ 4628650, 3119350 ], [ 4628750, 3119350 ], [ 4628750, 3119450 ] ] }, "geometry": { "type": "Polygon", "coordinates": [ [ [ 4627450.0, 3118750.0 ], [ 4627150.0, 3118750.0 ], [ 4627650.0, 3119150.0 ], [ 4627750.0, 3119150.0 ], [ 4627750.0, 3119250.0 ], [ 4627850.0, 3119250.0 ], [ 4627850.0, 3119150.0 ], [ 4627950.0, 3119150.0 ], [ 4627950.0, 3119050.0 ], [ 4628050.0, 3119050.0 ], [ 4628150.0, 3119150.0 ], [ 4628250.0, 3119150.0 ], [ 4628350.0, 3119150.0 ], [ 4628450.0, 3119250.0 ], [ 4628550.0, 3119250.0 ], [ 4628650.0, 3119350.0 ], [ 4628750.0, 3119450.0 ], [ 4628750.0, 3119350.0 ], [ 4628650.0, 3119250.0 ], [ 4628650.0, 3119150.0 ], [ 4629050.0, 3119150.0 ], [ 4629150.0, 3119050.0 ], [ 4629450.0, 3119050.0 ], [ 4629650.0, 3118650.0 ], [ 4629550.0, 3118650.0 ], [ 4628950.0, 3118650.0 ], [ 4628650.0, 3118950.0 ], [ 4628550.0, 3119150.0 ], [ 4628450.0, 3119150.0 ], [ 4628450.0, 3119050.0 ], [ 4628350.0, 3119050.0 ], [ 4628350.0, 3118750.0 ], [ 4628150.0, 3118750.0 ], [ 4628150.0, 3118850.0 ], [ 4627950.0, 3118950.0 ], [ 4627550.0, 3118550.0 ], [ 4627450.0, 3118750.0 ] ] ] } },
{ "type": "Feature", "properties": { "ID": "Wittichenau_146250640_c0", "GEN": "Wittichenau", "ARS": "146250640", "LAN": "Sachsen", "area": 0.55, "centroid": "POINT (4616273.636364 3149787.575758)", "DH_demand": 600.09008257744472, "total_demand_cells": 3297.2074546813965, "total_demand_area": 15783.365234375, "share_DH": 4.371770276414165, "heat_density_DH": 1.0910728774135361, "heat_density": 28.697027698863643, "DH_supplied_households": 55.0, "DH_cells": [ [ 4616250, 3149450 ], [ 4617050, 3149450 ], [ 4615150, 3149650 ], [ 4616250, 3149650 ], [ 4615350, 3149750 ], [ 4615950, 3149750 ], [ 4616050, 3149750 ], [ 4615350, 3149850 ], [ 4616050, 3149850 ], [ 4616650, 3149850 ], [ 4615450, 3149950 ], [ 4616050, 3150150 ], [ 4616150, 3150150 ], [ 4616450, 3150250 ] ] }, "geometry": { "type": "Polygon", "coordinates": [ [ [ 4616250.0, 3149650.0 ], [ 4616050.0, 3149750.0 ], [ 4615150.0, 3149650.0 ], [ 4615350.0, 3149750.0 ], [ 4615350.0, 3149850.0 ], [ 4615450.0, 3149950.0 ], [ 4615950.0, 3149750.0 ], [ 4616050.0, 3149850.0 ], [ 4616050.0, 3150150.0 ], [ 4616150.0, 3150150.0 ], [ 4616450.0, 3150250.0 ], [ 4616650.0, 3149850.0 ], [ 4617050.0, 3149450.0 ], [ 4616250.0, 3149450.0 ], [ 4616250.0, 3149650.0 ] ] ] } },
{ "type": "Feature", "properties": { "ID": "Bischofswerda_146255207_c0", "GEN": "Bischofswerda", "ARS": "146255207", "LAN": "Sachsen", "area": 0.985, "centroid": "POINT (4614132.402707 3121009.390863)", "DH_demand": 9774.2763338359673, "total_demand_cells": 17314.371666908264, "total_demand_area": 43506.98828125, "share_DH": 25.832478831666144, "heat_density_DH": 9.9231231815593581, "heat_density": 44.16953125, "DH_supplied_households": 1538.0, "DH_cells": [ [ 4614250, 3120050 ], [ 4614250, 3120150 ], [ 4614350, 3120150 ], [ 4614450, 3120150 ], [ 4614150, 3120250 ], [ 4614250, 3120250 ], [ 4614350, 3120250 ], [ 4614450, 3120250 ], [ 4614050, 3120350 ], [ 4614150, 3120350 ], [ 4614350, 3120350 ], [ 4614250, 3120450 ], [ 4614350, 3120450 ], [ 4614650, 3120450 ], [ 4615150, 3120450 ], [ 4614050, 3120550 ], [ 4614150, 3120550 ], [ 4614250, 3120550 ], [ 4614650, 3120550 ], [ 4614050, 3120650 ], [ 4614350, 3120650 ], [ 4614450, 3120650 ], [ 4614550, 3120650 ], [ 4614650, 3120650 ], [ 4614850, 3120650 ], [ 4614350, 3120750 ], [ 4614450, 3120750 ], [ 4614550, 3120750 ], [ 4614650, 3120750 ], [ 4614750, 3120750 ], [ 4613950, 3120850 ], [ 4614550, 3120850 ], [ 4614650, 3120850 ], [ 4615250, 3120850 ], [ 4614350, 3120950 ], [ 4613550, 3121050 ], [ 4613650, 3121050 ], [ 4613250, 3121150 ], [ 4613650, 3121150 ], [ 4613350, 3121250 ], [ 4613750, 3121250 ], [ 4613850, 3121250 ], [ 4613250, 3121350 ], [ 4613550, 3121350 ], [ 4613250, 3121450 ], [ 4613150, 3121550 ], [ 4613350, 3121550 ], [ 4613750, 3121650 ], [ 4613650, 3121750 ], [ 4613750, 3121750 ], [ 4614150, 3121750 ], [ 4613550, 3121850 ], [ 4613650, 3121850 ], [ 4613950, 3121850 ], [ 4613850, 3121950 ], [ 4613950, 3122050 ], [ 4614350, 3122150 ] ] }, "geometry": { "type": "Polygon", "coordinates": [ [ [ 4613350.0, 3121250.0 ], [ 4613250.0, 3121350.0 ], [ 4613250.0, 3121450.0 ], [ 4613150.0, 3121550.0 ], [ 4613350.0, 3121550.0 ], [ 4613550.0, 3121850.0 ], [ 4613650.0, 3121850.0 ], [ 4613650.0, 3121750.0 ], [ 4613750.0, 3121750.0 ], [ 4613950.0, 3121850.0 ], [ 4613850.0, 3121950.0 ], [ 4613950.0, 3122050.0 ], [ 4614350.0, 3122150.0 ], [ 4614150.0, 3121750.0 ], [ 4613750.0, 3121650.0 ], [ 4613550.0, 3121350.0 ], [ 4613650.0, 3121150.0 ], [ 4613750.0, 3121250.0 ], [ 4613850.0, 3121250.0 ], [ 4613950.0, 3120850.0 ], [ 4614350.0, 3120950.0 ], [ 4614350.0, 3120750.0 ], [ 4614450.0, 3120750.0 ], [ 4614550.0, 3120750.0 ], [ 4614550.0, 3120850.0 ], [ 4614650.0, 3120850.0 ], [ 4614650.0, 3120750.0 ], [ 4614750.0, 3120750.0 ], [ 4614850.0, 3120650.0 ], [ 4615250.0, 3120850.0 ], [ 4615150.0, 3120450.0 ], [ 4614650.0, 3120450.0 ], [ 4614450.0, 3120250.0 ], [ 4614450.0, 3120150.0 ], [ 4614350.0, 3120150.0 ], [ 4614250.0, 3120050.0 ], [ 4614250.0, 3120150.0 ], [ 4614250.0, 3120250.0 ], [ 4614150.0, 3120250.0 ], [ 4614150.0, 3120350.0 ], [ 4614050.0, 3120350.0 ], [ 4614050.0, 3120550.0 ], [ 4614050.0, 3120650.0 ], [ 4613650.0, 3121050.0 ], [ 4613550.0, 3121050.0 ], [ 4613250.0, 3121150.0 ], [ 4613350.0, 3121250.0 ] ] ] } },
{ "type": "Feature", "properties": { "ID": "Großpostwitz/O.L._146255212_c0", "GEN": "Großpostwitz/O.L.", "ARS": "146255212", "LAN": "Sachsen", "area": 0.06, "centroid": "POINT (4631883.333333 3121450)", "DH_demand": 198.21658513617487, "total_demand_cells": 435.39999389648438, "total_demand_area": 1817.093994140625, "share_DH": 12.543048076045116, "heat_density_DH": 3.3036097522695811, "heat_density": 30.284899902343749, "DH_supplied_households": 9.0, "DH_cells": [ [ 4631950, 3120950 ], [ 4631950, 3121550 ], [ 4631750, 3121850 ] ] }, "geometry": { "type": "Polygon", "coordinates": [ [ [ 4631750.0, 3121850.0 ], [ 4631950.0, 3121550.0 ], [ 4631950.0, 3120950.0 ], [ 4631750.0, 3121850.0 ] ] ] } },
{ "type": "Feature", "properties": { "ID": "Großpostwitz/O.L._146255212_c2", "GEN": "Großpostwitz/O.L.", "ARS": "146255212", "LAN": "Sachsen", "area": 0.21, "centroid": "POINT (4629030.952381 3123450)", "DH_demand": 232.63575553872491, "total_demand_cells": 727.07082366943359, "total_demand_area": 2066.9599609375, "share_DH": 12.941508188919828, "heat_density_DH": 1.1077893120891662, "heat_density": 9.8426664806547617, "DH_supplied_households": 30.0, "DH_cells": [ [ 4629050, 3122850 ], [ 4629150, 3122850 ], [ 4629150, 3123450 ], [ 4628850, 3123750 ], [ 4629050, 3124050 ] ] }, "geometry": { "type": "Polygon", "coordinates": [ [ [ 4628850.0, 3123750.0 ], [ 4629050.0, 3124050.0 ], [ 4629150.0, 3123450.0 ], [ 4629150.0, 3122850.0 ], [ 4629050.0, 3122850.0 ], [ 4628850.0, 3123750.0 ] ] ] } },
{ "type": "Feature", "properties": { "ID": "Königsbrück_146255218_c1", "GEN": "Königsbrück", "ARS": "146255218", "LAN": "Sachsen", "area": 0.775, "centroid": "POINT (4592959.892473 3135352.580645)", "DH_demand": 1602.3894785353382, "total_demand_cells": 4079.3837490081787, "total_demand_area": 14268.88671875, "share_DH": 12.912742319591079, "heat_density_DH": 2.0675993271423723, "heat_density": 18.41146673387097, "DH_supplied_households": 265.0, "DH_cells": [ [ 4593150, 3134650 ], [ 4593250, 3134650 ], [ 4593450, 3134650 ], [ 4593250, 3134750 ], [ 4593350, 3134750 ], [ 4592550, 3134850 ], [ 4593250, 3134850 ], [ 4593350, 3134850 ], [ 4592750, 3134950 ], [ 4592850, 3134950 ], [ 4592950, 3135050 ], [ 4593250, 3135150 ], [ 4592850, 3135350 ], [ 4593050, 3135350 ], [ 4593150, 3135350 ], [ 4593250, 3135350 ], [ 4593350, 3135350 ], [ 4593950, 3135350 ], [ 4592450, 3135450 ], [ 4593350, 3135450 ], [ 4593450, 3135450 ], [ 4591950, 3135650 ], [ 4593750, 3135750 ], [ 4592650, 3135850 ], [ 4592750, 3135950 ], [ 4592650, 3136150 ] ] }, "geometry": { "type": "Polygon", "coordinates": [ [ [ 4592850.0, 3135350.0 ], [ 4592450.0, 3135450.0 ], [ 4591950.0, 3135650.0 ], [ 4592650.0, 3135850.0 ], [ 4592650.0, 3136150.0 ], [ 4592750.0, 3135950.0 ], [ 4593050.0, 3135350.0 ], [ 4593150.0, 3135350.0 ], [ 4593250.0, 3135350.0 ], [ 4593350.0, 3135450.0 ], [ 4593450.0, 3135450.0 ], [ 4593750.0, 3135750.0 ], [ 4593950.0, 3135350.0 ], [ 4593350.0, 3135350.0 ], [ 4593250.0, 3135150.0 ], [ 4593250.0, 3134850.0 ], [ 4593350.0, 3134850.0 ], [ 4593350.0, 3134750.0 ], [ 4593450.0, 3134650.0 ], [ 4593250.0, 3134650.0 ], [ 4593150.0, 3134650.0 ], [ 4592850.0, 3134950.0 ], [ 4592750.0, 3134950.0 ], [ 4592550.0, 3134850.0 ], [ 4592850.0, 3135350.0 ] ] ] } },
{ "type": "Feature", "properties": { "ID": "Pulsnitz_146255231_c1", "GEN": "Pulsnitz", "ARS": "146255231", "LAN": "Sachsen", "area": 0.995, "centroid": "POINT (4601569.765494 3126799.748744)", "DH_demand": 5093.1007504738927, "total_demand_cells": 10352.400842666626, "total_demand_area": 28610.17578125, "share_DH": 20.469264184214001, "heat_density_DH": 5.1186942215818014, "heat_density": 28.753945508793969, "DH_supplied_households": 788.0, "DH_cells": [ [ 4601650, 3125350 ], [ 4601550, 3125550 ], [ 4601350, 3125850 ], [ 4601450, 3125850 ], [ 4601650, 3126150 ], [ 4601750, 3126150 ], [ 4601150, 3126250 ], [ 4601650, 3126250 ], [ 4600550, 3126350 ], [ 4600650, 3126350 ], [ 4600750, 3126350 ], [ 4600550, 3126450 ], [ 4600650, 3126450 ], [ 4600750, 3126450 ], [ 4600850, 3126450 ], [ 4601250, 3126450 ], [ 4601650, 3126450 ], [ 4601750, 3126450 ], [ 4600750, 3126550 ], [ 4601050, 3126550 ], [ 4601650, 3126550 ], [ 4600750, 3126650 ], [ 4601350, 3126650 ], [ 4601650, 3126650 ], [ 4601650, 3126850 ], [ 4601750, 3126850 ], [ 4601850, 3126850 ], [ 4602050, 3126850 ], [ 4601850, 3127050 ], [ 4602050, 3127050 ], [ 4602150, 3127050 ], [ 4601450, 3127150 ], [ 4601850, 3127150 ], [ 4601950, 3127150 ], [ 4602050, 3127150 ], [ 4602150, 3127150 ], [ 4601350, 3127250 ], [ 4601950, 3127250 ], [ 4602050, 3127250 ], [ 4601250, 3127350 ], [ 4601350, 3127350 ], [ 4602050, 3127350 ], [ 4602150, 3127350 ], [ 4601250, 3127450 ], [ 4601350, 3127450 ], [ 4601650, 3127450 ], [ 4602150, 3127450 ], [ 4602250, 3127450 ], [ 4602250, 3127550 ], [ 4601750, 3127650 ], [ 4602250, 3127650 ] ] }, "geometry": { "type": "Polygon", "coordinates": [ [ [ 4601550.0, 3125550.0 ], [ 4601350.0, 3125850.0 ], [ 4601150.0, 3126250.0 ], [ 4600850.0, 3126450.0 ], [ 4600750.0, 3126350.0 ], [ 4600650.0, 3126350.0 ], [ 4600550.0, 3126350.0 ], [ 4600550.0, 3126450.0 ], [ 4600650.0, 3126450.0 ], [ 4600750.0, 3126450.0 ], [ 4600750.0, 3126550.0 ], [ 4600750.0, 3126650.0 ], [ 4601050.0, 3126550.0 ], [ 4601250.0, 3126450.0 ], [ 4601350.0, 3126650.0 ], [ 4601650.0, 3126850.0 ], [ 4601450.0, 3127150.0 ], [ 4601350.0, 3127250.0 ], [ 4601350.0, 3127350.0 ], [ 4601250.0, 3127350.0 ], [ 4601250.0, 3127450.0 ], [ 4601350.0, 3127450.0 ], [ 4601650.0, 3127450.0 ], [ 4601750.0, 3127650.0 ], [ 4602250.0, 3127650.0 ], [ 4602250.0, 3127550.0 ], [ 4602250.0, 3127450.0 ], [ 4602150.0, 3127450.0 ], [ 4602150.0, 3127350.0 ], [ 4602050.0, 3127350.0 ], [ 4602050.0, 3127250.0 ], [ 4602050.0, 3127150.0 ], [ 4602150.0, 3127150.0 ], [ 4602150.0, 3127050.0 ], [ 4602050.0, 3127050.0 ], [ 4602050.0, 3126850.0 ], [ 4601850.0, 3126850.0 ], [ 4601750.0, 3126850.0 ], [ 4601650.0, 3126650.0 ], [ 4601650.0, 3126550.0 ], [ 4601650.0, 3126450.0 ], [ 4601750.0, 3126450.0 ], [ 4601750.0, 3126150.0 ], [ 4601650.0, 3126150.0 ], [ 4601450.0, 3125850.0 ], [ 4601650.0, 3125350.0 ], [ 4601550.0, 3125550.0 ] ] ] } },
{ "type": "Feature", "properties": { "ID": "Pulsnitz_146255231_c3", "GEN": "Pulsnitz", "ARS": "146255231", "LAN": "Sachsen", "area": 0.03, "centroid": "POINT (4600427.777778 3130416.666667)", "DH_demand": 195.88871446483748, "total_demand_cells": 785.74366760253906, "total_demand_area": 1854.9539794921875, "share_DH": 12.142741975410765, "heat_density_DH": 6.5296238154945829, "heat_density": 61.831799316406247, "DH_supplied_households": 12.0, "DH_cells": [ [ 4600450, 3130250 ], [ 4600350, 3130450 ], [ 4600550, 3130450 ], [ 4600250, 3130550 ] ] }, "geometry": { "type": "Polygon", "coordinates": [ [ [ 4600350.0, 3130450.0 ], [ 4600250.0, 3130550.0 ], [ 4600550.0, 3130450.0 ], [ 4600450.0, 3130250.0 ], [ 4600350.0, 3130450.0 ] ] ] } },
{ "type": "Feature", "properties": { "ID": "Pulsnitz_146255231_c4", "GEN": "Pulsnitz", "ARS": "146255231", "LAN": "Sachsen", "area": 0.05, "centroid": "POINT (4598516.666667 3125750)", "DH_demand": 191.99858594288548, "total_demand_cells": 516.83660888671875, "total_demand_area": 865.90850830078125, "share_DH": 25.495674924144694, "heat_density_DH": 3.83997171885771, "heat_density": 17.318170166015626, "DH_supplied_households": 14.0, "DH_cells": [ [ 4598150, 3125450 ], [ 4598750, 3125850 ], [ 4598650, 3125950 ] ] }, "geometry": { "type": "Polygon", "coordinates": [ [ [ 4598150.0, 3125450.0 ], [ 4598650.0, 3125950.0 ], [ 4598750.0, 3125850.0 ], [ 4598150.0, 3125450.0 ] ] ] } },
{ "type": "Feature", "properties": { "ID": "Am Klosterwasser_146255501_c1", "GEN": "Am Klosterwasser", "ARS": "146255501", "LAN": "Sachsen", "area": 0.03, "centroid": "POINT (4615705.555556 3135772.222222)", "DH_demand": 187.48328615132618, "total_demand_cells": 681.83093643188477, "total_demand_area": 1427.0501708984375, "share_DH": 15.106498265530414, "heat_density_DH": 6.2494428717108725, "heat_density": 47.568339029947914, "DH_supplied_households": 15.0, "DH_cells": [ [ 4615850, 3135550 ], [ 4615550, 3135750 ], [ 4615650, 3135750 ], [ 4615750, 3135750 ], [ 4615750, 3135950 ] ] }, "geometry": { "type": "Polygon", "coordinates": [ [ [ 4615650.0, 3135750.0 ], [ 4615550.0, 3135750.0 ], [ 4615750.0, 3135950.0 ], [ 4615750.0, 3135750.0 ], [ 4615850.0, 3135550.0 ], [ 4615650.0, 3135750.0 ] ] ] } },
{ "type": "Feature", "properties": { "ID": "Boxberg/O.L._146260060_c0", "GEN": "Boxberg/O.L.", "ARS": "146260060", "LAN": "Sachsen", "area": 0.235, "centroid": "POINT (4639475.531915 3153852.836879)", "DH_demand": 727.82072405150416, "total_demand_cells": 2197.735466003418, "total_demand_area": 3754.687744140625, "share_DH": 22.289025572101046, "heat_density_DH": 3.097109464048954, "heat_density": 15.977394655917553, "DH_supplied_households": 157.0, "DH_cells": [ [ 4639550, 3153350 ], [ 4639450, 3153450 ], [ 4639550, 3153450 ], [ 4639650, 3153450 ], [ 4639450, 3153550 ], [ 4639850, 3153550 ], [ 4639550, 3153650 ], [ 4639750, 3153650 ], [ 4639450, 3153750 ], [ 4639250, 3154150 ], [ 4639350, 3154150 ], [ 4639450, 3154150 ], [ 4639550, 3154150 ], [ 4639650, 3154150 ], [ 4639050, 3154250 ], [ 4639150, 3154250 ], [ 4639550, 3154250 ], [ 4639050, 3154350 ] ] }, "geometry": { "type": "Polygon", "coordinates": [ [ [ 4639450.0, 3153550.0 ], [ 4639450.0, 3153750.0 ], [ 4639050.0, 3154250.0 ], [ 4639050.0, 3154350.0 ], [ 4639150.0, 3154250.0 ], [ 4639250.0, 3154150.0 ], [ 4639350.0, 3154150.0 ], [ 4639450.0, 3154150.0 ], [ 4639550.0, 3154250.0 ], [ 4639550.0, 3154150.0 ], [ 4639650.0, 3154150.0 ], [ 4639550.0, 3153650.0 ], [ 4639750.0, 3153650.0 ], [ 4639850.0, 3153550.0 ], [ 4639650.0, 3153450.0 ], [ 4639550.0, 3153350.0 ], [ 4639450.0, 3153450.0 ], [ 4639450.0, 3153550.0 ] ] ] } },
{ "type": "Feature", "properties": { "ID": "Ebersbach-Neugersdorf_146260085_c0", "GEN": "Ebersbach-Neugersdorf", "ARS": "146260085", "LAN": "Sachsen", "area": 1.565, "centroid": "POINT (4644477.476038 3106982.374867)", "DH_demand": 11999.912034716557, "total_demand_cells": 18629.41655921936, "total_demand_area": 43492.29296875, "share_DH": 31.725337259604618, "heat_density_DH": 7.6676754215441258, "heat_density": 27.790602535942494, "DH_supplied_households": 2174.0, "DH_cells": [ [ 4643850, 3105350 ], [ 4643750, 3105450 ], [ 4644050, 3105750 ], [ 4644850, 3105850 ], [ 4644550, 3105950 ], [ 4644650, 3105950 ], [ 4644450, 3106050 ], [ 4644650, 3106050 ], [ 4644750, 3106050 ], [ 4644850, 3106050 ], [ 4644450, 3106150 ], [ 4644650, 3106150 ], [ 4644150, 3106350 ], [ 4643950, 3106450 ], [ 4644250, 3106450 ], [ 4644450, 3106450 ], [ 4644650, 3106450 ], [ 4645050, 3106450 ], [ 4645450, 3106450 ], [ 4644050, 3106550 ], [ 4644150, 3106550 ], [ 4644250, 3106550 ], [ 4644450, 3106550 ], [ 4644950, 3106550 ], [ 4644050, 3106650 ], [ 4644450, 3106650 ], [ 4645050, 3106650 ], [ 4645150, 3106650 ], [ 4644450, 3106750 ], [ 4644650, 3106750 ], [ 4644050, 3106850 ], [ 4644150, 3106850 ], [ 4644250, 3106850 ], [ 4644750, 3106850 ], [ 4644350, 3106950 ], [ 4644950, 3106950 ], [ 4643950, 3107050 ], [ 4644150, 3107050 ], [ 4644250, 3107050 ], [ 4644350, 3107050 ], [ 4644450, 3107050 ], [ 4644950, 3107050 ], [ 4645050, 3107050 ], [ 4645150, 3107050 ], [ 4644450, 3107150 ], [ 4644550, 3107150 ], [ 4644950, 3107150 ], [ 4645050, 3107150 ], [ 4644550, 3107250 ], [ 4644650, 3107250 ], [ 4644150, 3107350 ], [ 4644650, 3107350 ], [ 4644050, 3107550 ], [ 4643850, 3107750 ], [ 4644050, 3107750 ], [ 4644150, 3107750 ], [ 4644250, 3107750 ], [ 4644350, 3107750 ], [ 4644450, 3107750 ], [ 4644150, 3107850 ], [ 4644250, 3107850 ], [ 4644350, 3107850 ], [ 4644450, 3107850 ], [ 4644650, 3107850 ], [ 4644750, 3107850 ], [ 4644050, 3107950 ], [ 4644250, 3107950 ], [ 4644350, 3107950 ], [ 4644450, 3107950 ], [ 4644550, 3107950 ], [ 4644650, 3107950 ], [ 4644250, 3108050 ], [ 4644350, 3108050 ], [ 4644450, 3108050 ], [ 4644550, 3108050 ], [ 4644650, 3108050 ], [ 4644750, 3108050 ], [ 4644250, 3108150 ], [ 4644350, 3108150 ], [ 4644450, 3108150 ], [ 4644550, 3108150 ], [ 4644350, 3108250 ], [ 4644450, 3108250 ], [ 4644350, 3108350 ], [ 4644450, 3108350 ], [ 4644350, 3108950 ] ] }, "geometry": { "type": "Polygon", "coordinates": [ [ [ 4643750.0, 3105450.0 ], [ 4644050.0, 3105750.0 ], [ 4644450.0, 3106150.0 ], [ 4644450.0, 3106450.0 ], [ 4644250.0, 3106450.0 ], [ 4644150.0, 3106350.0 ], [ 4643950.0, 3106450.0 ], [ 4644050.0, 3106550.0 ], [ 4644050.0, 3106650.0 ], [ 4644050.0, 3106850.0 ], [ 4643950.0, 3107050.0 ], [ 4644150.0, 3107050.0 ], [ 4644150.0, 3107350.0 ], [ 4644050.0, 3107550.0 ], [ 4643850.0, 3107750.0 ], [ 4644050.0, 3107950.0 ], [ 4644150.0, 3107850.0 ], [ 4644250.0, 3107850.0 ], [ 4644250.0, 3107950.0 ], [ 4644250.0, 3108050.0 ], [ 4644250.0, 3108150.0 ], [ 4644350.0, 3108150.0 ], [ 4644350.0, 3108250.0 ], [ 4644350.0, 3108350.0 ], [ 4644350.0, 3108950.0 ], [ 4644450.0, 3108350.0 ], [ 4644450.0, 3108250.0 ], [ 4644450.0, 3108150.0 ], [ 4644550.0, 3108150.0 ], [ 4644550.0, 3108050.0 ], [ 4644650.0, 3108050.0 ], [ 4644750.0, 3108050.0 ], [ 4644750.0, 3107850.0 ], [ 4644650.0, 3107850.0 ], [ 4644650.0, 3107950.0 ], [ 4644550.0, 3107950.0 ], [ 4644450.0, 3107950.0 ], [ 4644450.0, 3107850.0 ], [ 4644450.0, 3107750.0 ], [ 4644650.0, 3107350.0 ], [ 4644650.0, 3107250.0 ], [ 4644950.0, 3107150.0 ], [ 4645050.0, 3107150.0 ], [ 4645050.0, 3107050.0 ], [ 4645150.0, 3107050.0 ], [ 4645150.0, 3106650.0 ], [ 4645450.0, 3106450.0 ], [ 4645050.0, 3106450.0 ], [ 4644950.0, 3106550.0 ], [ 4644650.0, 3106450.0 ], [ 4644650.0, 3106150.0 ], [ 4644650.0, 3106050.0 ], [ 4644750.0, 3106050.0 ], [ 4644850.0, 3106050.0 ], [ 4644850.0, 3105850.0 ], [ 4644650.0, 3105950.0 ], [ 4644550.0, 3105950.0 ], [ 4644450.0, 3106050.0 ], [ 4643850.0, 3105350.0 ], [ 4643750.0, 3105450.0 ] ] ] } },
{ "type": "Feature", "properties": { "ID": "Ebersbach-Neugersdorf_146260085_c1", "GEN": "Ebersbach-Neugersdorf", "ARS": "146260085", "LAN": "Sachsen", "area": 0.435, "centroid": "POINT (4642192.911877 3109636.206897)", "DH_demand": 2081.9700773243258, "total_demand_cells": 3895.8513412475586, "total_demand_area": 12098.1953125, "share_DH": 19.787657375699808, "heat_density_DH": 4.7861381087915538, "heat_density": 27.811943247126436, "DH_supplied_households": 251.0, "DH_cells": [ [ 4641850, 3109150 ], [ 4642450, 3109150 ], [ 4641650, 3109250 ], [ 4642050, 3109350 ], [ 4642650, 3109350 ], [ 4642450, 3109450 ], [ 4642550, 3109450 ], [ 4641550, 3109550 ], [ 4641750, 3109550 ], [ 4642150, 3109550 ], [ 4642250, 3109550 ], [ 4642350, 3109550 ], [ 4642450, 3109550 ], [ 4642550, 3109550 ], [ 4642450, 3109650 ], [ 4642550, 3109650 ], [ 4642650, 3109750 ], [ 4642250, 3109950 ], [ 4642250, 3110450 ] ] }, "geometry": { "type": "Polygon", "coordinates": [ [ [ 4641550.0, 3109550.0 ], [ 4641750.0, 3109550.0 ], [ 4642150.0, 3109550.0 ], [ 4642250.0, 3109950.0 ], [ 4642250.0, 3110450.0 ], [ 4642650.0, 3109750.0 ], [ 4642550.0, 3109650.0 ], [ 4642550.0, 3109550.0 ], [ 4642550.0, 3109450.0 ], [ 4642650.0, 3109350.0 ], [ 4642450.0, 3109150.0 ], [ 4642450.0, 3109450.0 ], [ 4642450.0, 3109550.0 ], [ 4642350.0, 3109550.0 ], [ 4642250.0, 3109550.0 ], [ 4642050.0, 3109350.0 ], [ 4641850.0, 3109150.0 ], [ 4641650.0, 3109250.0 ], [ 4641550.0, 3109550.0 ] ] ] } },
{ "type": "Feature", "properties": { "ID": "Görlitz_146260110_c0", "GEN": "Görlitz", "ARS": "146260110", "LAN": "Sachsen", "area": 0.01, "centroid": "POINT (4668616.666667 3118250)", "DH_demand": 185.29719277760094, "total_demand_cells": 831.73674011230469, "total_demand_area": 2863.18505859375, "share_DH": 7.4414901425576243, "heat_density_DH": 18.529719277760094, "heat_density": 286.31850585937502, "DH_supplied_households": 10.0, "DH_cells": [ [ 4668450, 3117950 ], [ 4668650, 3118350 ], [ 4668750, 3118450 ] ] }, "geometry": { "type": "Polygon", "coordinates": [ [ [ 4668450.0, 3117950.0 ], [ 4668650.0, 3118350.0 ], [ 4668750.0, 3118450.0 ], [ 4668450.0, 3117950.0 ] ] ] } },
{ "type": "Feature", "properties": { "ID": "Görlitz_146260110_c3", "GEN": "Görlitz", "ARS": "146260110", "LAN": "Sachsen", "area": 0.825, "centroid": "POINT (4669329.59596 3124493.030303)", "DH_demand": 11944.922372270004, "total_demand_cells": 18140.605358123779, "total_demand_area": 34163.60546875, "share_DH": 40.203153842545134, "heat_density_DH": 14.478693784569701, "heat_density": 41.410430871212121, "DH_supplied_households": 2344.0, "DH_cells": [ [ 4669150, 3123850 ], [ 4669250, 3123850 ], [ 4669350, 3123850 ], [ 4669550, 3123850 ], [ 4669150, 3123950 ], [ 4669250, 3123950 ], [ 4669350, 3123950 ], [ 4669550, 3123950 ], [ 4669050, 3124050 ], [ 4669150, 3124050 ], [ 4669250, 3124050 ], [ 4669350, 3124050 ], [ 4668850, 3124150 ], [ 4668950, 3124150 ], [ 4669050, 3124150 ], [ 4669150, 3124150 ], [ 4669250, 3124150 ], [ 4669350, 3124150 ], [ 4669450, 3124150 ], [ 4669750, 3124150 ], [ 4668850, 3124250 ], [ 4668950, 3124250 ], [ 4669150, 3124250 ], [ 4669250, 3124250 ], [ 4669450, 3124250 ], [ 4668850, 3124350 ], [ 4668950, 3124350 ], [ 4669150, 3124350 ], [ 4669250, 3124350 ], [ 4669350, 3124350 ], [ 4669550, 3124350 ], [ 4668850, 3124450 ], [ 4669250, 3124450 ], [ 4669550, 3124450 ], [ 4669650, 3124450 ], [ 4668850, 3124550 ], [ 4668950, 3124550 ], [ 4669250, 3124550 ], [ 4669350, 3124550 ], [ 4668950, 3124650 ], [ 4669750, 3124750 ], [ 4669550, 3124850 ], [ 4669650, 3124850 ], [ 4669550, 3124950 ], [ 4669650, 3124950 ], [ 4669750, 3124950 ], [ 4669250, 3125050 ], [ 4669350, 3125050 ], [ 4669450, 3125050 ], [ 4669550, 3125050 ], [ 4669650, 3125050 ], [ 4669250, 3125150 ], [ 4669350, 3125150 ], [ 4669450, 3125150 ], [ 4669550, 3125150 ], [ 4669350, 3125250 ], [ 4669450, 3125250 ] ] }, "geometry": { "type": "Polygon", "coordinates": [ [ [ 4669150.0, 3123950.0 ], [ 4669150.0, 3124050.0 ], [ 4669050.0, 3124050.0 ], [ 4669050.0, 3124150.0 ], [ 4668950.0, 3124150.0 ], [ 4668850.0, 3124150.0 ], [ 4668850.0, 3124250.0 ], [ 4668850.0, 3124350.0 ], [ 4668850.0, 3124450.0 ], [ 4668850.0, 3124550.0 ], [ 4668950.0, 3124550.0 ], [ 4668950.0, 3124650.0 ], [ 4669250.0, 3125050.0 ], [ 4669250.0, 3125150.0 ], [ 4669350.0, 3125150.0 ], [ 4669350.0, 3125250.0 ], [ 4669450.0, 3125250.0 ], [ 4669450.0, 3125150.0 ], [ 4669550.0, 3125150.0 ], [ 4669550.0, 3125050.0 ], [ 4669650.0, 3125050.0 ], [ 4669650.0, 3124950.0 ], [ 4669750.0, 3124950.0 ], [ 4669750.0, 3124750.0 ], [ 4669650.0, 3124450.0 ], [ 4669550.0, 3124450.0 ], [ 4669550.0, 3124350.0 ], [ 4669750.0, 3124150.0 ], [ 4669550.0, 3123950.0 ], [ 4669550.0, 3123850.0 ], [ 4669350.0, 3123850.0 ], [ 4669250.0, 3123850.0 ], [ 4669150.0, 3123850.0 ], [ 4669150.0, 3123950.0 ] ] ] } },
{ "type": "Feature", "properties": { "ID": "Görlitz_146260110_c4", "GEN": "Görlitz", "ARS": "146260110", "LAN": "Sachsen", "area": 6.19, "centroid": "POINT (4668467.070544 3127370.247711)", "DH_demand": 55549.596197462692, "total_demand_cells": 122468.9892359972, "total_demand_area": 281990.25, "share_DH": 22.650996017012716, "heat_density_DH": 8.9740866231765271, "heat_density": 45.555775444264953, "DH_supplied_households": 8693.0, "DH_cells": [ [ 4666450, 3124950 ], [ 4666550, 3125050 ], [ 4666350, 3125150 ], [ 4667850, 3125150 ], [ 4667950, 3125150 ], [ 4666050, 3125250 ], [ 4667850, 3125250 ], [ 4667650, 3125350 ], [ 4667750, 3125450 ], [ 4666650, 3125550 ], [ 4667050, 3125550 ], [ 4667450, 3125550 ], [ 4665650, 3125850 ], [ 4666450, 3125850 ], [ 4666950, 3125850 ], [ 4669650, 3125850 ], [ 4666150, 3125950 ], [ 4666250, 3125950 ], [ 4666350, 3125950 ], [ 4666650, 3125950 ], [ 4666750, 3125950 ], [ 4667550, 3125950 ], [ 4669250, 3125950 ], [ 4666350, 3126050 ], [ 4666450, 3126050 ], [ 4667250, 3126050 ], [ 4667450, 3126050 ], [ 4668750, 3126050 ], [ 4668950, 3126050 ], [ 4669050, 3126050 ], [ 4669350, 3126150 ], [ 4669450, 3126150 ], [ 4666850, 3126250 ], [ 4668250, 3126250 ], [ 4668350, 3126250 ], [ 4669350, 3126250 ], [ 4669550, 3126250 ], [ 4666850, 3126350 ], [ 4666650, 3126450 ], [ 4666750, 3126450 ], [ 4666850, 3126450 ], [ 4666950, 3126450 ], [ 4667050, 3126450 ], [ 4668150, 3126450 ], [ 4668450, 3126450 ], [ 4669350, 3126450 ], [ 4666650, 3126550 ], [ 4666750, 3126550 ], [ 4666850, 3126550 ], [ 4666950, 3126550 ], [ 4667350, 3126550 ], [ 4668050, 3126550 ], [ 4668550, 3126550 ], [ 4668650, 3126550 ], [ 4668850, 3126550 ], [ 4668950, 3126550 ], [ 4669050, 3126550 ], [ 4669150, 3126550 ], [ 4669350, 3126550 ], [ 4666650, 3126650 ], [ 4666750, 3126650 ], [ 4666850, 3126650 ], [ 4666950, 3126650 ], [ 4667550, 3126650 ], [ 4667650, 3126650 ], [ 4668050, 3126650 ], [ 4668150, 3126650 ], [ 4668350, 3126650 ], [ 4666350, 3126750 ], [ 4666650, 3126750 ], [ 4666850, 3126750 ], [ 4666950, 3126750 ], [ 4667450, 3126750 ], [ 4667550, 3126750 ], [ 4667650, 3126750 ], [ 4667850, 3126750 ], [ 4667950, 3126750 ], [ 4668050, 3126750 ], [ 4668150, 3126750 ], [ 4668450, 3126750 ], [ 4668750, 3126750 ], [ 4668850, 3126750 ], [ 4666150, 3126850 ], [ 4666450, 3126850 ], [ 4666650, 3126850 ], [ 4666950, 3126850 ], [ 4667250, 3126850 ], [ 4667450, 3126850 ], [ 4667550, 3126850 ], [ 4667650, 3126850 ], [ 4667850, 3126850 ], [ 4667950, 3126850 ], [ 4668650, 3126850 ], [ 4668850, 3126850 ], [ 4669750, 3126850 ], [ 4666150, 3126950 ], [ 4666550, 3126950 ], [ 4667650, 3126950 ], [ 4667850, 3126950 ], [ 4669250, 3126950 ], [ 4667050, 3127050 ], [ 4667250, 3127050 ], [ 4669250, 3127150 ], [ 4670050, 3127150 ], [ 4670150, 3127150 ], [ 4668750, 3127250 ], [ 4668850, 3127250 ], [ 4669050, 3127250 ], [ 4669150, 3127250 ], [ 4669250, 3127250 ], [ 4669350, 3127250 ], [ 4670150, 3127250 ], [ 4668350, 3127350 ], [ 4668450, 3127350 ], [ 4668850, 3127350 ], [ 4668950, 3127350 ], [ 4669350, 3127350 ], [ 4669850, 3127350 ], [ 4668350, 3127450 ], [ 4668450, 3127450 ], [ 4668550, 3127450 ], [ 4668650, 3127450 ], [ 4668750, 3127450 ], [ 4668850, 3127450 ], [ 4669150, 3127450 ], [ 4669450, 3127450 ], [ 4669550, 3127450 ], [ 4669850, 3127450 ], [ 4668450, 3127550 ], [ 4668650, 3127550 ], [ 4668750, 3127550 ], [ 4669450, 3127550 ], [ 4668650, 3127650 ], [ 4668850, 3127650 ], [ 4669550, 3127650 ], [ 4669750, 3127650 ], [ 4669850, 3127650 ], [ 4668850, 3127750 ], [ 4668850, 3127850 ], [ 4669350, 3127850 ], [ 4669550, 3127850 ], [ 4669650, 3127850 ], [ 4669950, 3127850 ], [ 4669250, 3127950 ], [ 4669350, 3127950 ], [ 4670050, 3127950 ], [ 4668550, 3128050 ], [ 4668650, 3128050 ], [ 4669150, 3128050 ], [ 4669250, 3128050 ], [ 4669350, 3128050 ], [ 4669450, 3128050 ], [ 4669550, 3128050 ], [ 4669650, 3128050 ], [ 4669950, 3128050 ], [ 4670050, 3128050 ], [ 4668550, 3128150 ], [ 4668650, 3128150 ], [ 4668950, 3128150 ], [ 4669050, 3128150 ], [ 4669150, 3128150 ], [ 4669250, 3128150 ], [ 4669350, 3128150 ], [ 4669550, 3128150 ], [ 4669650, 3128150 ], [ 4669750, 3128150 ], [ 4669850, 3128150 ], [ 4669950, 3128150 ], [ 4668450, 3128250 ], [ 4669050, 3128250 ], [ 4669150, 3128250 ], [ 4669250, 3128250 ], [ 4669350, 3128250 ], [ 4669550, 3128250 ], [ 4669950, 3128250 ], [ 4668950, 3128350 ], [ 4669050, 3128350 ], [ 4669350, 3128350 ], [ 4669650, 3128350 ], [ 4668850, 3128450 ], [ 4668950, 3128450 ], [ 4669750, 3128550 ], [ 4667950, 3128650 ], [ 4668050, 3128650 ], [ 4668150, 3128650 ], [ 4669850, 3128650 ], [ 4668850, 3128750 ], [ 4668950, 3128750 ], [ 4669050, 3128750 ], [ 4669150, 3128750 ], [ 4668950, 3128850 ], [ 4669050, 3128850 ], [ 4669150, 3128850 ], [ 4668650, 3128950 ], [ 4668750, 3128950 ], [ 4668850, 3128950 ], [ 4668950, 3128950 ], [ 4669050, 3128950 ], [ 4669150, 3128950 ], [ 4668650, 3129050 ], [ 4668750, 3129050 ], [ 4668850, 3129050 ], [ 4668950, 3129050 ], [ 4669050, 3129050 ], [ 4668550, 3129150 ], [ 4668650, 3129150 ], [ 4668750, 3129150 ], [ 4668850, 3129150 ], [ 4668950, 3129150 ], [ 4669050, 3129150 ], [ 4668550, 3129250 ], [ 4668650, 3129250 ], [ 4668750, 3129250 ], [ 4668850, 3129250 ], [ 4668950, 3129250 ], [ 4669050, 3129250 ], [ 4669650, 3129250 ], [ 4668650, 3129350 ], [ 4668850, 3129350 ], [ 4668950, 3129350 ], [ 4669450, 3129350 ], [ 4669550, 3129350 ], [ 4668650, 3129450 ], [ 4668750, 3129450 ], [ 4668650, 3129550 ], [ 4668750, 3129550 ], [ 4668950, 3129550 ], [ 4669050, 3129550 ], [ 4669150, 3129550 ], [ 4669250, 3129550 ], [ 4668650, 3129650 ], [ 4668750, 3129650 ], [ 4668850, 3129650 ], [ 4668950, 3129650 ], [ 4669050, 3129650 ], [ 4669150, 3129650 ], [ 4669250, 3129650 ], [ 4669350, 3129650 ], [ 4669450, 3129650 ], [ 4668650, 3129750 ], [ 4668750, 3129750 ], [ 4668850, 3129750 ], [ 4668950, 3129750 ], [ 4669050, 3129750 ], [ 4669150, 3129750 ], [ 4669250, 3129750 ], [ 4669350, 3129750 ], [ 4669450, 3129750 ], [ 4668750, 3129850 ], [ 4668950, 3129850 ], [ 4669050, 3129850 ], [ 4669150, 3129850 ], [ 4669250, 3129850 ], [ 4669050, 3129950 ], [ 4669150, 3129950 ], [ 4668550, 3130050 ], [ 4668450, 3130150 ], [ 4668550, 3130150 ], [ 4668650, 3130150 ] ] }, "geometry": { "type": "Polygon", "coordinates": [ [ [ 4665650.0, 3125850.0 ], [ 4666150.0, 3125950.0 ], [ 4666250.0, 3125950.0 ], [ 4666350.0, 3125950.0 ], [ 4666350.0, 3126050.0 ], [ 4666450.0, 3126050.0 ], [ 4666650.0, 3125950.0 ], [ 4666750.0, 3125950.0 ], [ 4666850.0, 3126250.0 ], [ 4666850.0, 3126350.0 ], [ 4666850.0, 3126450.0 ], [ 4666750.0, 3126450.0 ], [ 4666650.0, 3126450.0 ], [ 4666650.0, 3126550.0 ], [ 4666150.0, 3126850.0 ], [ 4666150.0, 3126950.0 ], [ 4666350.0, 3126750.0 ], [ 4666450.0, 3126850.0 ], [ 4666550.0, 3126950.0 ], [ 4666650.0, 3126850.0 ], [ 4666650.0, 3126750.0 ], [ 4666650.0, 3126650.0 ], [ 4666750.0, 3126650.0 ], [ 4666850.0, 3126650.0 ], [ 4666850.0, 3126750.0 ], [ 4666950.0, 3126750.0 ], [ 4666950.0, 3126850.0 ], [ 4667050.0, 3127050.0 ], [ 4667250.0, 3127050.0 ], [ 4667250.0, 3126850.0 ], [ 4667450.0, 3126850.0 ], [ 4667550.0, 3126850.0 ], [ 4667650.0, 3126850.0 ], [ 4667650.0, 3126950.0 ], [ 4667850.0, 3126950.0 ], [ 4667850.0, 3126850.0 ], [ 4667950.0, 3126850.0 ], [ 4667950.0, 3126750.0 ], [ 4668050.0, 3126750.0 ], [ 4668150.0, 3126750.0 ], [ 4668150.0, 3126650.0 ], [ 4668350.0, 3126650.0 ], [ 4668450.0, 3126750.0 ], [ 4668650.0, 3126850.0 ], [ 4668750.0, 3126750.0 ], [ 4668850.0, 3126750.0 ], [ 4668850.0, 3126850.0 ], [ 4668850.0, 3127250.0 ], [ 4668750.0, 3127250.0 ], [ 4668750.0, 3127450.0 ], [ 4668650.0, 3127450.0 ], [ 4668550.0, 3127450.0 ], [ 4668450.0, 3127350.0 ], [ 4668350.0, 3127350.0 ], [ 4668350.0, 3127450.0 ], [ 4668450.0, 3127450.0 ], [ 4668450.0, 3127550.0 ], [ 4668650.0, 3127550.0 ], [ 4668650.0, 3127650.0 ], [ 4668850.0, 3127650.0 ], [ 4668850.0, 3127750.0 ], [ 4668850.0, 3127850.0 ], [ 4668650.0, 3128050.0 ], [ 4668550.0, 3128050.0 ], [ 4668550.0, 3128150.0 ], [ 4668450.0, 3128250.0 ], [ 4667950.0, 3128650.0 ], [ 4668050.0, 3128650.0 ], [ 4668150.0, 3128650.0 ], [ 4668650.0, 3128950.0 ], [ 4668650.0, 3129050.0 ], [ 4668650.0, 3129150.0 ], [ 4668550.0, 3129150.0 ], [ 4668550.0, 3129250.0 ], [ 4668650.0, 3129250.0 ], [ 4668650.0, 3129350.0 ], [ 4668650.0, 3129450.0 ], [ 4668650.0, 3129550.0 ], [ 4668650.0, 3129650.0 ], [ 4668650.0, 3129750.0 ], [ 4668550.0, 3130050.0 ], [ 4668450.0, 3130150.0 ], [ 4668550.0, 3130150.0 ], [ 4668650.0, 3130150.0 ], [ 4668750.0, 3129850.0 ], [ 4668750.0, 3129750.0 ], [ 4668850.0, 3129750.0 ], [ 4668950.0, 3129750.0 ], [ 4668950.0, 3129850.0 ], [ 4669050.0, 3129850.0 ], [ 4669050.0, 3129950.0 ], [ 4669150.0, 3129950.0 ], [ 4669150.0, 3129850.0 ], [ 4669250.0, 3129850.0 ], [ 4669250.0, 3129750.0 ], [ 4669350.0, 3129750.0 ], [ 4669450.0, 3129750.0 ], [ 4669450.0, 3129650.0 ], [ 4669450.0, 3129350.0 ], [ 4669550.0, 3129350.0 ], [ 4669650.0, 3129250.0 ], [ 4669850.0, 3128650.0 ], [ 4669750.0, 3128550.0 ], [ 4669650.0, 3128350.0 ], [ 4669550.0, 3128250.0 ], [ 4669550.0, 3128150.0 ], [ 4669650.0, 3128150.0 ], [ 4669750.0, 3128150.0 ], [ 4669850.0, 3128150.0 ], [ 4669950.0, 3128250.0 ], [ 4669950.0, 3128150.0 ], [ 4669950.0, 3128050.0 ], [ 4670050.0, 3128050.0 ], [ 4670050.0, 3127950.0 ], [ 4669950.0, 3127850.0 ], [ 4669850.0, 3127650.0 ], [ 4669850.0, 3127450.0 ], [ 4669850.0, 3127350.0 ], [ 4670150.0, 3127250.0 ], [ 4670150.0, 3127150.0 ], [ 4670050.0, 3127150.0 ], [ 4669750.0, 3126850.0 ], [ 4669350.0, 3126550.0 ], [ 4669350.0, 3126450.0 ], [ 4669350.0, 3126250.0 ], [ 4669550.0, 3126250.0 ], [ 4669650.0, 3125850.0 ], [ 4669450.0, 3126150.0 ], [ 4669350.0, 3126150.0 ], [ 4669250.0, 3125950.0 ], [ 4669050.0, 3126050.0 ], [ 4668950.0, 3126050.0 ], [ 4668750.0, 3126050.0 ], [ 4668350.0, 3126250.0 ], [ 4668250.0, 3126250.0 ], [ 4668150.0, 3126450.0 ], [ 4668050.0, 3126550.0 ], [ 4668050.0, 3126650.0 ], [ 4667850.0, 3126750.0 ], [ 4667650.0, 3126750.0 ], [ 4667650.0, 3126650.0 ], [ 4667550.0, 3126650.0 ], [ 4667550.0, 3126750.0 ], [ 4667450.0, 3126750.0 ], [ 4667350.0, 3126550.0 ], [ 4667050.0, 3126450.0 ], [ 4667250.0, 3126050.0 ], [ 4667450.0, 3126050.0 ], [ 4667550.0, 3125950.0 ], [ 4667950.0, 3125150.0 ], [ 4667850.0, 3125150.0 ], [ 4667850.0, 3125250.0 ], [ 4667750.0, 3125450.0 ], [ 4667650.0, 3125350.0 ], [ 4667450.0, 3125550.0 ], [ 4667050.0, 3125550.0 ], [ 4666650.0, 3125550.0 ], [ 4666550.0, 3125050.0 ], [ 4666450.0, 3124950.0 ], [ 4666350.0, 3125150.0 ], [ 4666050.0, 3125250.0 ], [ 4665650.0, 3125850.0 ] ] ] } },
{ "type": "Feature", "properties": { "ID": "Herrnhut_146260180_c0", "GEN": "Herrnhut", "ARS": "146260180", "LAN": "Sachsen", "area": 0.005, "centroid": "POINT (4653583.333333 3111483.333333)", "DH_demand": 221.97441006710167, "total_demand_cells": 686.79035186767578, "total_demand_area": 1135.489501953125, "share_DH": 22.478135097183642, "heat_density_DH": 44.394882013420336, "heat_density": 227.097900390625, "DH_supplied_households": 23.0, "DH_cells": [ [ 4653450, 3111450 ], [ 4653550, 3111450 ], [ 4653750, 3111550 ] ] }, "geometry": { "type": "Polygon", "coordinates": [ [ [ 4653450.0, 3111450.0 ], [ 4653750.0, 3111550.0 ], [ 4653550.0, 3111450.0 ], [ 4653450.0, 3111450.0 ] ] ] } },
{ "type": "Feature", "properties": { "ID": "Kottmar_146260245_c0", "GEN": "Kottmar", "ARS": "146260245", "LAN": "Sachsen", "area": 0.065, "centroid": "POINT (4648714.102564 3112273.076923)", "DH_demand": 362.36670989747068, "total_demand_cells": 1055.9508476257324, "total_demand_area": 4275.75732421875, "share_DH": 9.7448629233812341, "heat_density_DH": 5.574872459961087, "heat_density": 65.780881911057691, "DH_supplied_households": 22.0, "DH_cells": [ [ 4648850, 3111850 ], [ 4648850, 3111950 ], [ 4648850, 3112050 ], [ 4648850, 3112250 ], [ 4648650, 3112350 ], [ 4648450, 3112650 ], [ 4648150, 3113050 ] ] }, "geometry": { "type": "Polygon", "coordinates": [ [ [ 4648650.0, 3112350.0 ], [ 4648150.0, 3113050.0 ], [ 4648450.0, 3112650.0 ], [ 4648850.0, 3112250.0 ], [ 4648850.0, 3112050.0 ], [ 4648850.0, 3111950.0 ], [ 4648850.0, 3111850.0 ], [ 4648650.0, 3112350.0 ] ] ] } },
{ "type": "Feature", "properties": { "ID": "Krauschwitz i.d.O.L._146260250_c0", "GEN": "Krauschwitz i.d.O.L.", "ARS": "146260250", "LAN": "Sachsen", "area": 0.245, "centroid": "POINT (4648442.517007 3166775.85034)", "DH_demand": 335.27328127830862, "total_demand_cells": 810.68860626220703, "total_demand_area": 3115.0693359375, "share_DH": 12.37575539716233, "heat_density_DH": 1.3684623725645249, "heat_density": 12.714568718112245, "DH_supplied_households": 57.0, "DH_cells": [ [ 4648550, 3166050 ], [ 4648250, 3166450 ], [ 4648350, 3166550 ], [ 4648450, 3166550 ], [ 4648550, 3166650 ], [ 4648250, 3167050 ], [ 4648350, 3167050 ], [ 4648650, 3167050 ], [ 4648650, 3167150 ], [ 4648350, 3167250 ] ] }, "geometry": { "type": "Polygon", "coordinates": [ [ [ 4648250.0, 3166450.0 ], [ 4648350.0, 3166550.0 ], [ 4648250.0, 3167050.0 ], [ 4648350.0, 3167050.0 ], [ 4648350.0, 3167250.0 ], [ 4648650.0, 3167150.0 ], [ 4648650.0, 3167050.0 ], [ 4648550.0, 3166650.0 ], [ 4648450.0, 3166550.0 ], [ 4648550.0, 3166050.0 ], [ 4648250.0, 3166450.0 ] ] ] } },
{ "type": "Feature", "properties": { "ID": "Mittelherwigsdorf_146260310_c0", "GEN": "Mittelherwigsdorf", "ARS": "146260310", "LAN": "Sachsen", "area": 0.01, "centroid": "POINT (4656016.666667 3101383.333333)", "DH_demand": 291.05485005391756, "total_demand_cells": 502.77055740356445, "total_demand_area": 1845.5081787109375, "share_DH": 18.134239885171226, "heat_density_DH": 29.105485005391756, "heat_density": 184.55081787109376, "DH_supplied_households": 9.0, "DH_cells": [ [ 4655850, 3100850 ], [ 4656050, 3101450 ], [ 4656150, 3101850 ] ] }, "geometry": { "type": "Polygon", "coordinates": [ [ [ 4655850.0, 3100850.0 ], [ 4656150.0, 3101850.0 ], [ 4656050.0, 3101450.0 ], [ 4655850.0, 3100850.0 ] ] ] } },
{ "type": "Feature", "properties": { "ID": "Niesky_146260370_c0", "GEN": "Niesky", "ARS": "146260370", "LAN": "Sachsen", "area": 1.87, "centroid": "POINT (4657682.709447 3142360.338681)", "DH_demand": 12955.367552061358, "total_demand_cells": 21732.45841217041, "total_demand_area": 46054.48828125, "share_DH": 32.345827603542574, "heat_density_DH": 6.9280040385354864, "heat_density": 24.628068599598933, "DH_supplied_households": 1988.0, "DH_cells": [ [ 4657850, 3141350 ], [ 4656850, 3141650 ], [ 4657750, 3141750 ], [ 4657050, 3141850 ], [ 4657150, 3141850 ], [ 4657650, 3141850 ], [ 4658750, 3141850 ], [ 4656750, 3141950 ], [ 4657550, 3141950 ], [ 4657750, 3141950 ], [ 4659150, 3141950 ], [ 4656650, 3142050 ], [ 4656950, 3142050 ], [ 4657550, 3142050 ], [ 4657650, 3142050 ], [ 4657750, 3142050 ], [ 4658250, 3142050 ], [ 4659050, 3142050 ], [ 4656650, 3142150 ], [ 4656950, 3142150 ], [ 4657050, 3142150 ], [ 4657150, 3142150 ], [ 4657250, 3142150 ], [ 4657550, 3142150 ], [ 4657650, 3142150 ], [ 4657750, 3142150 ], [ 4657850, 3142150 ], [ 4656350, 3142250 ], [ 4656550, 3142250 ], [ 4656650, 3142250 ], [ 4657050, 3142250 ], [ 4657150, 3142250 ], [ 4657250, 3142250 ], [ 4657350, 3142250 ], [ 4657550, 3142250 ], [ 4657650, 3142250 ], [ 4658550, 3142250 ], [ 4658650, 3142250 ], [ 4658750, 3142250 ], [ 4656350, 3142350 ], [ 4656450, 3142350 ], [ 4656750, 3142350 ], [ 4656850, 3142350 ], [ 4657150, 3142350 ], [ 4657250, 3142350 ], [ 4657350, 3142350 ], [ 4657450, 3142350 ], [ 4657850, 3142350 ], [ 4657950, 3142350 ], [ 4658550, 3142350 ], [ 4658650, 3142350 ], [ 4658750, 3142350 ], [ 4656850, 3142450 ], [ 4657150, 3142450 ], [ 4657250, 3142450 ], [ 4658450, 3142450 ], [ 4658550, 3142450 ], [ 4657050, 3142550 ], [ 4657150, 3142550 ], [ 4657250, 3142550 ], [ 4657350, 3142550 ], [ 4657450, 3142550 ], [ 4658350, 3142550 ], [ 4656950, 3142650 ], [ 4657050, 3142650 ], [ 4657150, 3142650 ], [ 4657250, 3142650 ], [ 4657350, 3142650 ], [ 4657450, 3142650 ], [ 4657550, 3142650 ], [ 4657950, 3142650 ], [ 4658750, 3142650 ], [ 4656950, 3142750 ], [ 4657150, 3142750 ], [ 4657350, 3142750 ], [ 4657550, 3142750 ], [ 4657750, 3142750 ], [ 4658750, 3142750 ], [ 4657450, 3142850 ], [ 4657650, 3142850 ], [ 4657750, 3142850 ], [ 4658150, 3142850 ], [ 4657650, 3142950 ], [ 4657950, 3143350 ], [ 4658150, 3143350 ], [ 4657850, 3143450 ] ] }, "geometry": { "type": "Polygon", "coordinates": [ [ [ 4656750.0, 3141950.0 ], [ 4656650.0, 3142050.0 ], [ 4656650.0, 3142150.0 ], [ 4656650.0, 3142250.0 ], [ 4656550.0, 3142250.0 ], [ 4656350.0, 3142250.0 ], [ 4656350.0, 3142350.0 ], [ 4656450.0, 3142350.0 ], [ 4656750.0, 3142350.0 ], [ 4656850.0, 3142350.0 ], [ 4656850.0, 3142450.0 ], [ 4657050.0, 3142550.0 ], [ 4657050.0, 3142650.0 ], [ 4656950.0, 3142650.0 ], [ 4656950.0, 3142750.0 ], [ 4657150.0, 3142750.0 ], [ 4657150.0, 3142650.0 ], [ 4657250.0, 3142650.0 ], [ 4657350.0, 3142650.0 ], [ 4657350.0, 3142750.0 ], [ 4657450.0, 3142850.0 ], [ 4657550.0, 3142750.0 ], [ 4657650.0, 3142850.0 ], [ 4657650.0, 3142950.0 ], [ 4657850.0, 3143450.0 ], [ 4657950.0, 3143350.0 ], [ 4658150.0, 3143350.0 ], [ 4658150.0, 3142850.0 ], [ 4658350.0, 3142550.0 ], [ 4658450.0, 3142450.0 ], [ 4658550.0, 3142450.0 ], [ 4658750.0, 3142750.0 ], [ 4658750.0, 3142650.0 ], [ 4658750.0, 3142350.0 ], [ 4658750.0, 3142250.0 ], [ 4659050.0, 3142050.0 ], [ 4659150.0, 3141950.0 ], [ 4658750.0, 3141850.0 ], [ 4658650.0, 3142250.0 ], [ 4658550.0, 3142250.0 ], [ 4658250.0, 3142050.0 ], [ 4657950.0, 3142350.0 ], [ 4657850.0, 3142350.0 ], [ 4657850.0, 3142150.0 ], [ 4657750.0, 3142150.0 ], [ 4657750.0, 3142050.0 ], [ 4657750.0, 3141950.0 ], [ 4657650.0, 3141850.0 ], [ 4657750.0, 3141750.0 ], [ 4657850.0, 3141350.0 ], [ 4657150.0, 3141850.0 ], [ 4657050.0, 3141850.0 ], [ 4656850.0, 3141650.0 ], [ 4656750.0, 3141950.0 ] ] ] } },
{ "type": "Feature", "properties": { "ID": "Oderwitz_146260390_c1", "GEN": "Oderwitz", "ARS": "146260390", "LAN": "Sachsen", "area": 0.25, "centroid": "POINT (4651360.666667 3106076)", "DH_demand": 366.06685881571292, "total_demand_cells": 934.25460958480835, "total_demand_area": 4964.89111328125, "share_DH": 8.477956312790198, "heat_density_DH": 1.4642674352628517, "heat_density": 19.859564453125, "DH_supplied_households": 24.0, "DH_cells": [ [ 4651850, 3105550 ], [ 4651650, 3105850 ], [ 4651150, 3106050 ], [ 4651650, 3106050 ], [ 4651450, 3106250 ], [ 4651150, 3106350 ], [ 4651250, 3106350 ], [ 4650850, 3106450 ] ] }, "geometry": { "type": "Polygon", "coordinates": [ [ [ 4650850.0, 3106450.0 ], [ 4651150.0, 3106350.0 ], [ 4651250.0, 3106350.0 ], [ 4651450.0, 3106250.0 ], [ 4651650.0, 3106050.0 ], [ 4651650.0, 3105850.0 ], [ 4651850.0, 3105550.0 ], [ 4651150.0, 3106050.0 ], [ 4650850.0, 3106450.0 ] ] ] } },
{ "type": "Feature", "properties": { "ID": "Ostritz_146260420_c0", "GEN": "Ostritz", "ARS": "146260420", "LAN": "Sachsen", "area": 0.73, "centroid": "POINT (4666736.073059 3111905.707763)", "DH_demand": 5602.4231438308407, "total_demand_cells": 10736.673054456711, "total_demand_area": 13684.9521484375, "share_DH": 47.073134088935994, "heat_density_DH": 7.6745522518230693, "heat_density": 18.746509792380138, "DH_supplied_households": 600.0, "DH_cells": [ [ 4666450, 3110250 ], [ 4666450, 3110350 ], [ 4666550, 3110350 ], [ 4666650, 3110350 ], [ 4666750, 3110550 ], [ 4666750, 3110650 ], [ 4666850, 3110750 ], [ 4666950, 3110850 ], [ 4666750, 3110950 ], [ 4666850, 3110950 ], [ 4666950, 3111050 ], [ 4666750, 3111150 ], [ 4666850, 3111150 ], [ 4666850, 3111350 ], [ 4666650, 3111450 ], [ 4666850, 3111450 ], [ 4666950, 3111450 ], [ 4666850, 3111550 ], [ 4666950, 3111550 ], [ 4666650, 3111750 ], [ 4666850, 3111750 ], [ 4666950, 3111750 ], [ 4666750, 3111850 ], [ 4666850, 3111850 ], [ 4666950, 3111850 ], [ 4666650, 3111950 ], [ 4666850, 3111950 ], [ 4666950, 3111950 ], [ 4666550, 3112050 ], [ 4666650, 3112050 ], [ 4666750, 3112050 ], [ 4666850, 3112050 ], [ 4666950, 3112050 ], [ 4666650, 3112150 ], [ 4666850, 3112150 ], [ 4666950, 3112150 ], [ 4666650, 3112250 ], [ 4666750, 3112250 ], [ 4666850, 3112250 ], [ 4666950, 3112250 ], [ 4667050, 3112250 ], [ 4667150, 3112250 ], [ 4666550, 3112350 ], [ 4666750, 3112350 ], [ 4666850, 3112350 ], [ 4666950, 3112350 ], [ 4666550, 3112450 ], [ 4666650, 3112450 ], [ 4666750, 3112450 ], [ 4666850, 3112450 ], [ 4666750, 3112550 ], [ 4666850, 3112550 ], [ 4666350, 3112650 ], [ 4666450, 3112650 ], [ 4666550, 3112650 ], [ 4666950, 3112650 ], [ 4666450, 3112750 ], [ 4666550, 3112750 ], [ 4666650, 3112750 ], [ 4666350, 3112850 ], [ 4666450, 3112850 ], [ 4666550, 3112850 ], [ 4666650, 3113050 ], [ 4666550, 3113150 ], [ 4666650, 3113150 ], [ 4666650, 3113250 ] ] }, "geometry": { "type": "Polygon", "coordinates": [ [ [ 4666450.0, 3110350.0 ], [ 4666750.0, 3110950.0 ], [ 4666750.0, 3111150.0 ], [ 4666650.0, 3111450.0 ], [ 4666650.0, 3111750.0 ], [ 4666750.0, 3111850.0 ], [ 4666650.0, 3111950.0 ], [ 4666650.0, 3112050.0 ], [ 4666550.0, 3112050.0 ], [ 4666650.0, 3112150.0 ], [ 4666650.0, 3112250.0 ], [ 4666550.0, 3112350.0 ], [ 4666550.0, 3112450.0 ], [ 4666350.0, 3112650.0 ], [ 4666450.0, 3112650.0 ], [ 4666450.0, 3112750.0 ], [ 4666350.0, 3112850.0 ], [ 4666450.0, 3112850.0 ], [ 4666550.0, 3112850.0 ], [ 4666650.0, 3113050.0 ], [ 4666550.0, 3113150.0 ], [ 4666650.0, 3113250.0 ], [ 4666650.0, 3113150.0 ], [ 4666950.0, 3112650.0 ], [ 4666850.0, 3112550.0 ], [ 4666850.0, 3112450.0 ], [ 4666850.0, 3112350.0 ], [ 4666950.0, 3112350.0 ], [ 4666950.0, 3112250.0 ], [ 4667050.0, 3112250.0 ], [ 4667150.0, 3112250.0 ], [ 4666950.0, 3112150.0 ], [ 4666950.0, 3112050.0 ], [ 4666950.0, 3111950.0 ], [ 4666950.0, 3111850.0 ], [ 4666950.0, 3111750.0 ], [ 4666950.0, 3111550.0 ], [ 4666950.0, 3111450.0 ], [ 4666850.0, 3111450.0 ], [ 4666850.0, 3111350.0 ], [ 4666850.0, 3111150.0 ], [ 4666950.0, 3111050.0 ], [ 4666850.0, 3110950.0 ], [ 4666950.0, 3110850.0 ], [ 4666850.0, 3110750.0 ], [ 4666750.0, 3110650.0 ], [ 4666750.0, 3110550.0 ], [ 4666650.0, 3110350.0 ], [ 4666550.0, 3110350.0 ], [ 4666450.0, 3110250.0 ], [ 4666450.0, 3110350.0 ] ] ] } },
{ "type": "Feature", "properties": { "ID": "Zittau_146260610_c1", "GEN": "Zittau", "ARS": "146260610", "LAN": "Sachsen", "area": 3.96, "centroid": "POINT (4658992.63468 3098456.818182)", "DH_demand": 18983.339448429109, "total_demand_cells": 48167.288431167603, "total_demand_area": 138026.296875, "share_DH": 15.814347118677688, "heat_density_DH": 4.7937725879871484, "heat_density": 34.855125473484847, "DH_supplied_households": 3891.0, "DH_cells": [ [ 4659250, 3096550 ], [ 4659350, 3096550 ], [ 4659250, 3096650 ], [ 4658450, 3096750 ], [ 4659250, 3096850 ], [ 4659150, 3096950 ], [ 4659250, 3096950 ], [ 4659350, 3096950 ], [ 4658650, 3097050 ], [ 4658950, 3097050 ], [ 4659150, 3097050 ], [ 4659250, 3097050 ], [ 4659350, 3097050 ], [ 4659450, 3097050 ], [ 4658750, 3097150 ], [ 4658850, 3097150 ], [ 4658950, 3097150 ], [ 4659050, 3097150 ], [ 4659350, 3097150 ], [ 4659450, 3097150 ], [ 4658750, 3097250 ], [ 4658850, 3097250 ], [ 4658950, 3097250 ], [ 4659050, 3097250 ], [ 4659150, 3097250 ], [ 4658750, 3097350 ], [ 4658850, 3097350 ], [ 4659150, 3097350 ], [ 4659350, 3097350 ], [ 4659150, 3097450 ], [ 4659250, 3097450 ], [ 4659650, 3097650 ], [ 4659950, 3097650 ], [ 4660050, 3097650 ], [ 4658050, 3097750 ], [ 4658150, 3097750 ], [ 4658650, 3097750 ], [ 4658850, 3097750 ], [ 4658950, 3097750 ], [ 4659450, 3097750 ], [ 4659550, 3097750 ], [ 4659650, 3097750 ], [ 4660050, 3097750 ], [ 4660150, 3097750 ], [ 4660250, 3097750 ], [ 4658450, 3097850 ], [ 4658550, 3097850 ], [ 4659250, 3097850 ], [ 4659450, 3097850 ], [ 4659550, 3097850 ], [ 4659650, 3097850 ], [ 4660050, 3097850 ], [ 4658050, 3097950 ], [ 4658350, 3097950 ], [ 4658450, 3097950 ], [ 4659250, 3097950 ], [ 4659350, 3097950 ], [ 4659450, 3097950 ], [ 4657750, 3098050 ], [ 4658350, 3098050 ], [ 4658750, 3098050 ], [ 4659050, 3098050 ], [ 4659150, 3098050 ], [ 4659350, 3098050 ], [ 4659450, 3098050 ], [ 4659550, 3098050 ], [ 4657750, 3098150 ], [ 4658650, 3098150 ], [ 4658850, 3098150 ], [ 4659150, 3098150 ], [ 4659250, 3098150 ], [ 4657650, 3098250 ], [ 4658250, 3098250 ], [ 4658350, 3098250 ], [ 4658550, 3098250 ], [ 4658650, 3098250 ], [ 4658950, 3098250 ], [ 4659050, 3098250 ], [ 4659150, 3098250 ], [ 4658250, 3098350 ], [ 4658750, 3098350 ], [ 4658850, 3098350 ], [ 4658950, 3098350 ], [ 4659050, 3098350 ], [ 4659150, 3098350 ], [ 4659850, 3098350 ], [ 4657650, 3098450 ], [ 4658050, 3098450 ], [ 4658550, 3098450 ], [ 4658650, 3098450 ], [ 4658750, 3098450 ], [ 4658850, 3098450 ], [ 4659050, 3098450 ], [ 4659350, 3098450 ], [ 4660050, 3098450 ], [ 4660150, 3098450 ], [ 4658650, 3098550 ], [ 4658750, 3098550 ], [ 4659350, 3098550 ], [ 4659950, 3098550 ], [ 4660050, 3098550 ], [ 4657250, 3098650 ], [ 4657350, 3098650 ], [ 4657850, 3098650 ], [ 4658650, 3098650 ], [ 4658750, 3098650 ], [ 4659250, 3098650 ], [ 4659450, 3098650 ], [ 4659950, 3098650 ], [ 4660050, 3098650 ], [ 4660350, 3098650 ], [ 4658150, 3098750 ], [ 4658650, 3098750 ], [ 4658750, 3098750 ], [ 4658950, 3098750 ], [ 4659150, 3098750 ], [ 4660350, 3098750 ], [ 4657950, 3098850 ], [ 4658150, 3098850 ], [ 4658250, 3098850 ], [ 4658350, 3098850 ], [ 4658450, 3098850 ], [ 4658850, 3098850 ], [ 4659950, 3098850 ], [ 4660050, 3098850 ], [ 4660250, 3098850 ], [ 4658250, 3098950 ], [ 4658350, 3098950 ], [ 4658450, 3098950 ], [ 4658550, 3098950 ], [ 4659250, 3098950 ], [ 4659750, 3098950 ], [ 4660050, 3098950 ], [ 4659250, 3099050 ], [ 4659850, 3099050 ], [ 4660250, 3099050 ], [ 4658950, 3099150 ], [ 4658250, 3099250 ], [ 4660050, 3099250 ], [ 4658250, 3099350 ], [ 4659050, 3099350 ], [ 4659150, 3099350 ], [ 4659250, 3099350 ], [ 4658750, 3099450 ], [ 4659150, 3099450 ], [ 4659250, 3099450 ], [ 4659350, 3099450 ], [ 4659450, 3099450 ], [ 4659250, 3099550 ], [ 4659350, 3099550 ], [ 4659450, 3099550 ], [ 4659250, 3099650 ], [ 4659350, 3099650 ], [ 4659350, 3099750 ], [ 4658650, 3099950 ] ] }, "geometry": { "type": "Polygon", "coordinates": [ [ [ 4658750.0, 3097250.0 ], [ 4658750.0, 3097350.0 ], [ 4658850.0, 3097350.0 ], [ 4658850.0, 3097750.0 ], [ 4658650.0, 3097750.0 ], [ 4658550.0, 3097850.0 ], [ 4658450.0, 3097850.0 ], [ 4658450.0, 3097950.0 ], [ 4658350.0, 3097950.0 ], [ 4658150.0, 3097750.0 ], [ 4658050.0, 3097750.0 ], [ 4658050.0, 3097950.0 ], [ 4657750.0, 3098050.0 ], [ 4657750.0, 3098150.0 ], [ 4657650.0, 3098250.0 ], [ 4657650.0, 3098450.0 ], [ 4657250.0, 3098650.0 ], [ 4657350.0, 3098650.0 ], [ 4657850.0, 3098650.0 ], [ 4657950.0, 3098850.0 ], [ 4658150.0, 3098850.0 ], [ 4658250.0, 3098850.0 ], [ 4658250.0, 3098950.0 ], [ 4658250.0, 3099250.0 ], [ 4658250.0, 3099350.0 ], [ 4658650.0, 3099950.0 ], [ 4658750.0, 3099450.0 ], [ 4658950.0, 3099150.0 ], [ 4659050.0, 3099350.0 ], [ 4659150.0, 3099350.0 ], [ 4659150.0, 3099450.0 ], [ 4659250.0, 3099450.0 ], [ 4659250.0, 3099550.0 ], [ 4659250.0, 3099650.0 ], [ 4659350.0, 3099750.0 ], [ 4659350.0, 3099650.0 ], [ 4659350.0, 3099550.0 ], [ 4659450.0, 3099550.0 ], [ 4659450.0, 3099450.0 ], [ 4659850.0, 3099050.0 ], [ 4660050.0, 3099250.0 ], [ 4660250.0, 3099050.0 ], [ 4660250.0, 3098850.0 ], [ 4660350.0, 3098750.0 ], [ 4660350.0, 3098650.0 ], [ 4660150.0, 3098450.0 ], [ 4660050.0, 3098450.0 ], [ 4660050.0, 3098550.0 ], [ 4659950.0, 3098550.0 ], [ 4659850.0, 3098350.0 ], [ 4660050.0, 3097850.0 ], [ 4660250.0, 3097750.0 ], [ 4660150.0, 3097750.0 ], [ 4660050.0, 3097750.0 ], [ 4660050.0, 3097650.0 ], [ 4659950.0, 3097650.0 ], [ 4659650.0, 3097650.0 ], [ 4659650.0, 3097750.0 ], [ 4659550.0, 3097750.0 ], [ 4659450.0, 3097750.0 ], [ 4659450.0, 3097850.0 ], [ 4659450.0, 3097950.0 ], [ 4659350.0, 3097950.0 ], [ 4659250.0, 3097950.0 ], [ 4659250.0, 3097850.0 ], [ 4659250.0, 3097450.0 ], [ 4659350.0, 3097350.0 ], [ 4659350.0, 3097150.0 ], [ 4659450.0, 3097150.0 ], [ 4659450.0, 3097050.0 ], [ 4659350.0, 3097050.0 ], [ 4659350.0, 3096950.0 ], [ 4659350.0, 3096550.0 ], [ 4659250.0, 3096550.0 ], [ 4659250.0, 3096650.0 ], [ 4659250.0, 3096850.0 ], [ 4659250.0, 3096950.0 ], [ 4659150.0, 3096950.0 ], [ 4659150.0, 3097050.0 ], [ 4659050.0, 3097150.0 ], [ 4658950.0, 3097050.0 ], [ 4658850.0, 3097150.0 ], [ 4658750.0, 3097150.0 ], [ 4658650.0, 3097050.0 ], [ 4658450.0, 3096750.0 ], [ 4658750.0, 3097250.0 ] ] ] } },
{ "type": "Feature", "properties": { "ID": "Zittau_146260610_c2", "GEN": "Zittau", "ARS": "146260610", "LAN": "Sachsen", "area": 0.01, "centroid": "POINT (4663250 3104866.666667)", "DH_demand": 362.25797362245027, "total_demand_cells": 1169.0396270751953, "total_demand_area": 2309.7431640625, "share_DH": 18.034111604187597, "heat_density_DH": 36.225797362245025, "heat_density": 230.97431640625001, "DH_supplied_households": 37.0, "DH_cells": [ [ 4663150, 3104650 ], [ 4663250, 3104850 ], [ 4663250, 3104950 ], [ 4663350, 3104950 ] ] }, "geometry": { "type": "Polygon", "coordinates": [ [ [ 4663250.0, 3104850.0 ], [ 4663150.0, 3104650.0 ], [ 4663250.0, 3104950.0 ], [ 4663350.0, 3104950.0 ], [ 4663250.0, 3104850.0 ] ] ] } },
{ "type": "Feature", "properties": { "ID": "Bad Muskau_146265203_c1", "GEN": "Bad Muskau", "ARS": "146265203", "LAN": "Sachsen", "area": 0.24, "centroid": "POINT (4647083.333333 3170929.166667)", "DH_demand": 613.96339926376822, "total_demand_cells": 996.53813934326172, "total_demand_area": 4196.05859375, "share_DH": 16.824471385617176, "heat_density_DH": 2.5581808302657008, "heat_density": 17.483577473958334, "DH_supplied_households": 29.0, "DH_cells": [ [ 4647550, 3170650 ], [ 4646750, 3170850 ], [ 4647350, 3170850 ], [ 4647450, 3170850 ], [ 4646650, 3170950 ], [ 4646750, 3170950 ], [ 4646850, 3171150 ], [ 4647250, 3171150 ] ] }, "geometry": { "type": "Polygon", "coordinates": [ [ [ 4646650.0, 3170950.0 ], [ 4646850.0, 3171150.0 ], [ 4647250.0, 3171150.0 ], [ 4647350.0, 3170850.0 ], [ 4647450.0, 3170850.0 ], [ 4647550.0, 3170650.0 ], [ 4646750.0, 3170850.0 ], [ 4646650.0, 3170950.0 ] ] ] } },
{ "type": "Feature", "properties": { "ID": "Großschönau-Hainewalde_146265214_c1", "GEN": "Großschönau-Hainewalde", "ARS": "146265214", "LAN": "Sachsen", "area": 0.72, "centroid": "POINT (4648950 3097432.407407)", "DH_demand": 6483.5496812756464, "total_demand_cells": 10274.644285202026, "total_demand_area": 19208.609375, "share_DH": 38.811230143276418, "heat_density_DH": 9.0049301128828425, "heat_density": 26.678624131944446, "DH_supplied_households": 747.0, "DH_cells": [ [ 4648750, 3096250 ], [ 4648750, 3096350 ], [ 4648750, 3096650 ], [ 4648950, 3096650 ], [ 4649050, 3096650 ], [ 4649150, 3096650 ], [ 4648750, 3096750 ], [ 4648950, 3096750 ], [ 4649050, 3096750 ], [ 4649150, 3096750 ], [ 4648950, 3096850 ], [ 4649050, 3096850 ], [ 4649150, 3096850 ], [ 4648950, 3096950 ], [ 4649050, 3096950 ], [ 4648650, 3097050 ], [ 4649150, 3097150 ], [ 4649250, 3097150 ], [ 4649150, 3097250 ], [ 4649250, 3097250 ], [ 4648950, 3097350 ], [ 4649150, 3097450 ], [ 4649250, 3097450 ], [ 4649550, 3097450 ], [ 4650050, 3097450 ], [ 4649150, 3097550 ], [ 4649250, 3097550 ], [ 4648850, 3097650 ], [ 4648350, 3097750 ], [ 4648850, 3097750 ], [ 4649050, 3097750 ], [ 4649750, 3097750 ], [ 4647950, 3097950 ], [ 4648450, 3097950 ], [ 4648250, 3098050 ], [ 4648350, 3098050 ], [ 4648650, 3098050 ], [ 4648250, 3098150 ], [ 4648150, 3098250 ], [ 4647950, 3098350 ], [ 4648050, 3098450 ] ] }, "geometry": { "type": "Polygon", "coordinates": [ [ [ 4648750.0, 3096350.0 ], [ 4648750.0, 3096650.0 ], [ 4648750.0, 3096750.0 ], [ 4648950.0, 3096750.0 ], [ 4648950.0, 3096850.0 ], [ 4648950.0, 3096950.0 ], [ 4648650.0, 3097050.0 ], [ 4648950.0, 3097350.0 ], [ 4649150.0, 3097450.0 ], [ 4648850.0, 3097650.0 ], [ 4648350.0, 3097750.0 ], [ 4647950.0, 3097950.0 ], [ 4648250.0, 3098050.0 ], [ 4648250.0, 3098150.0 ], [ 4648150.0, 3098250.0 ], [ 4647950.0, 3098350.0 ], [ 4648050.0, 3098450.0 ], [ 4648350.0, 3098050.0 ], [ 4648450.0, 3097950.0 ], [ 4648650.0, 3098050.0 ], [ 4648850.0, 3097750.0 ], [ 4649050.0, 3097750.0 ], [ 4649150.0, 3097550.0 ], [ 4649250.0, 3097550.0 ], [ 4649250.0, 3097450.0 ], [ 4649550.0, 3097450.0 ], [ 4649750.0, 3097750.0 ], [ 4650050.0, 3097450.0 ], [ 4649250.0, 3097250.0 ], [ 4649250.0, 3097150.0 ], [ 4649150.0, 3097150.0 ], [ 4649050.0, 3096950.0 ], [ 4649050.0, 3096850.0 ], [ 4649150.0, 3096850.0 ], [ 4649150.0, 3096750.0 ], [ 4649150.0, 3096650.0 ], [ 4649050.0, 3096650.0 ], [ 4648950.0, 3096650.0 ], [ 4648750.0, 3096250.0 ], [ 4648750.0, 3096350.0 ] ] ] } },
{ "type": "Feature", "properties": { "ID": "Löbau_146265220_c0", "GEN": "Löbau", "ARS": "146265220", "LAN": "Sachsen", "area": 0.115, "centroid": "POINT (4646715.217391 3117336.956522)", "DH_demand": 211.6746421841724, "total_demand_cells": 465.89934921264648, "total_demand_area": 1994.5146484375, "share_DH": 12.203154057133816, "heat_density_DH": 1.8406490624710645, "heat_density": 17.343605638586958, "DH_supplied_households": 30.0, "DH_cells": [ [ 4646450, 3117250 ], [ 4647150, 3117250 ], [ 4646150, 3117350 ], [ 4646550, 3117350 ], [ 4646850, 3117450 ], [ 4646850, 3117550 ] ] }, "geometry": { "type": "Polygon", "coordinates": [ [ [ 4646150.0, 3117350.0 ], [ 4646550.0, 3117350.0 ], [ 4646850.0, 3117550.0 ], [ 4646850.0, 3117450.0 ], [ 4647150.0, 3117250.0 ], [ 4646450.0, 3117250.0 ], [ 4646150.0, 3117350.0 ] ] ] } },
{ "type": "Feature", "properties": { "ID": "Löbau_146265220_c1", "GEN": "Löbau", "ARS": "146265220", "LAN": "Sachsen", "area": 0.26, "centroid": "POINT (4649111.538462 3117858.974359)", "DH_demand": 225.70776006081729, "total_demand_cells": 737.68206024169922, "total_demand_area": 3048.6328125, "share_DH": 8.5129848624081976, "heat_density_DH": 0.8681067694646819, "heat_density": 11.725510817307692, "DH_supplied_households": 18.0, "DH_cells": [ [ 4649150, 3117350 ], [ 4649050, 3117950 ], [ 4649150, 3117950 ], [ 4648650, 3118150 ], [ 4649250, 3118250 ], [ 4649450, 3118250 ] ] }, "geometry": { "type": "Polygon", "coordinates": [ [ [ 4648650.0, 3118150.0 ], [ 4649050.0, 3117950.0 ], [ 4649150.0, 3117950.0 ], [ 4649250.0, 3118250.0 ], [ 4649450.0, 3118250.0 ], [ 4649150.0, 3117350.0 ], [ 4648650.0, 3118150.0 ] ] ] } },
{ "type": "Feature", "properties": { "ID": "Löbau_146265220_c2", "GEN": "Löbau", "ARS": "146265220", "LAN": "Sachsen", "area": 1.66, "centroid": "POINT (4647832.53012 3120145.682731)", "DH_demand": 16419.755801470907, "total_demand_cells": 30162.122581481934, "total_demand_area": 61283.5234375, "share_DH": 30.807996563822311, "heat_density_DH": 9.891419157512594, "heat_density": 36.917785203313251, "DH_supplied_households": 2695.0, "DH_cells": [ [ 4647850, 3118350 ], [ 4647950, 3118350 ], [ 4647850, 3118450 ], [ 4647950, 3118450 ], [ 4647750, 3118550 ], [ 4647850, 3118550 ], [ 4647850, 3118650 ], [ 4647450, 3118750 ], [ 4647550, 3118750 ], [ 4647450, 3118850 ], [ 4647550, 3118850 ], [ 4647650, 3118850 ], [ 4647650, 3118950 ], [ 4647750, 3118950 ], [ 4647650, 3119050 ], [ 4647750, 3119050 ], [ 4647650, 3119150 ], [ 4647850, 3119150 ], [ 4647750, 3119250 ], [ 4648350, 3119450 ], [ 4647050, 3119550 ], [ 4647150, 3119550 ], [ 4647350, 3119550 ], [ 4647450, 3119550 ], [ 4648050, 3119550 ], [ 4648150, 3119550 ], [ 4648250, 3119550 ], [ 4648350, 3119550 ], [ 4647050, 3119650 ], [ 4647150, 3119650 ], [ 4647250, 3119650 ], [ 4647450, 3119650 ], [ 4647550, 3119650 ], [ 4647650, 3119650 ], [ 4648050, 3119650 ], [ 4648150, 3119650 ], [ 4648250, 3119650 ], [ 4648350, 3119650 ], [ 4648450, 3119650 ], [ 4646350, 3119750 ], [ 4647450, 3119750 ], [ 4647550, 3119750 ], [ 4647650, 3119750 ], [ 4647750, 3119750 ], [ 4648050, 3119750 ], [ 4648350, 3119750 ], [ 4648450, 3119750 ], [ 4647550, 3119850 ], [ 4647650, 3119850 ], [ 4648150, 3119850 ], [ 4646350, 3119950 ], [ 4646650, 3119950 ], [ 4647650, 3119950 ], [ 4647150, 3120050 ], [ 4647250, 3120050 ], [ 4647550, 3120150 ], [ 4647750, 3120150 ], [ 4647950, 3120150 ], [ 4647650, 3120250 ], [ 4647850, 3120450 ], [ 4648250, 3120550 ], [ 4647750, 3120650 ], [ 4647550, 3120850 ], [ 4647750, 3120850 ], [ 4647750, 3120950 ], [ 4647950, 3120950 ], [ 4648050, 3120950 ], [ 4648150, 3120950 ], [ 4648250, 3120950 ], [ 4648850, 3120950 ], [ 4647950, 3121050 ], [ 4648050, 3121050 ], [ 4648150, 3121050 ], [ 4648250, 3121050 ], [ 4648350, 3121050 ], [ 4648450, 3121050 ], [ 4648850, 3121050 ], [ 4649350, 3121050 ], [ 4647950, 3121150 ], [ 4648150, 3121150 ], [ 4648250, 3121150 ], [ 4648850, 3121150 ], [ 4649350, 3121150 ], [ 4647950, 3121250 ], [ 4647850, 3121350 ], [ 4648950, 3121650 ] ] }, "geometry": { "type": "Polygon", "coordinates": [ [ [ 4647850.0, 3118450.0 ], [ 4647750.0, 3118550.0 ], [ 4647550.0, 3118750.0 ], [ 4647450.0, 3118750.0 ], [ 4647450.0, 3118850.0 ], [ 4647550.0, 3118850.0 ], [ 4647650.0, 3119050.0 ], [ 4647650.0, 3119150.0 ], [ 4647750.0, 3119250.0 ], [ 4647650.0, 3119650.0 ], [ 4647550.0, 3119650.0 ], [ 4647450.0, 3119650.0 ], [ 4647450.0, 3119550.0 ], [ 4647350.0, 3119550.0 ], [ 4647250.0, 3119650.0 ], [ 4647150.0, 3119650.0 ], [ 4647150.0, 3119550.0 ], [ 4647050.0, 3119550.0 ], [ 4647050.0, 3119650.0 ], [ 4646350.0, 3119750.0 ], [ 4646350.0, 3119950.0 ], [ 4646650.0, 3119950.0 ], [ 4647150.0, 3120050.0 ], [ 4647250.0, 3120050.0 ], [ 4647550.0, 3120150.0 ], [ 4647650.0, 3120250.0 ], [ 4647850.0, 3120450.0 ], [ 4647750.0, 3120650.0 ], [ 4647550.0, 3120850.0 ], [ 4647750.0, 3120850.0 ], [ 4647750.0, 3120950.0 ], [ 4647950.0, 3120950.0 ], [ 4647950.0, 3121050.0 ], [ 4647850.0, 3121350.0 ], [ 4647950.0, 3121250.0 ], [ 4647950.0, 3121150.0 ], [ 4648050.0, 3121050.0 ], [ 4648150.0, 3121050.0 ], [ 4648150.0, 3121150.0 ], [ 4648250.0, 3121150.0 ], [ 4648250.0, 3121050.0 ], [ 4648350.0, 3121050.0 ], [ 4648450.0, 3121050.0 ], [ 4648850.0, 3121150.0 ], [ 4648950.0, 3121650.0 ], [ 4649350.0, 3121150.0 ], [ 4649350.0, 3121050.0 ], [ 4648850.0, 3121050.0 ], [ 4648850.0, 3120950.0 ], [ 4648250.0, 3120950.0 ], [ 4648250.0, 3120550.0 ], [ 4647950.0, 3120150.0 ], [ 4648150.0, 3119850.0 ], [ 4648050.0, 3119750.0 ], [ 4648050.0, 3119650.0 ], [ 4648150.0, 3119650.0 ], [ 4648250.0, 3119650.0 ], [ 4648350.0, 3119750.0 ], [ 4648450.0, 3119750.0 ], [ 4648450.0, 3119650.0 ], [ 4648350.0, 3119650.0 ], [ 4648350.0, 3119550.0 ], [ 4648350.0, 3119450.0 ], [ 4648250.0, 3119550.0 ], [ 4648150.0, 3119550.0 ], [ 4648050.0, 3119550.0 ], [ 4647850.0, 3119150.0 ], [ 4647750.0, 3119050.0 ], [ 4647750.0, 3118950.0 ], [ 4647650.0, 3118950.0 ], [ 4647650.0, 3118850.0 ], [ 4647850.0, 3118650.0 ], [ 4647850.0, 3118550.0 ], [ 4647950.0, 3118450.0 ], [ 4647950.0, 3118350.0 ], [ 4647850.0, 3118350.0 ], [ 4647850.0, 3118450.0 ] ] ] } },
{ "type": "Feature", "properties": { "ID": "Neusalza-Spremberg_146265224_c1", "GEN": "Neusalza-Spremberg", "ARS": "146265224", "LAN": "Sachsen", "area": 0.085, "centroid": "POINT (4638083.333333 3112583.333333)", "DH_demand": 240.90083272233397, "total_demand_cells": 456.82052993774414, "total_demand_area": 2244.30859375, "share_DH": 12.342303418896627, "heat_density_DH": 2.8341274437921649, "heat_density": 26.403630514705888, "DH_supplied_households": 13.0, "DH_cells": [ [ 4637850, 3112450 ], [ 4638450, 3112550 ], [ 4637950, 3112750 ] ] }, "geometry": { "type": "Polygon", "coordinates": [ [ [ 4637850.0, 3112450.0 ], [ 4637950.0, 3112750.0 ], [ 4638450.0, 3112550.0 ], [ 4637850.0, 3112450.0 ] ] ] } },
{ "type": "Feature", "properties": { "ID": "Olbersdorf_146265227_c0", "GEN": "Olbersdorf", "ARS": "146265227", "LAN": "Sachsen", "area": 0.03, "centroid": "POINT (4652016.666667 3093283.333333)", "DH_demand": 260.38839474521052, "total_demand_cells": 702.6802978515625, "total_demand_area": 1676.3983154296875, "share_DH": 17.86014162847718, "heat_density_DH": 8.6796131581736837, "heat_density": 55.87994384765625, "DH_supplied_households": 13.0, "DH_cells": [ [ 4651950, 3093150 ], [ 4651850, 3093250 ], [ 4652250, 3093450 ] ] }, "geometry": { "type": "Polygon", "coordinates": [ [ [ 4651850.0, 3093250.0 ], [ 4652250.0, 3093450.0 ], [ 4651950.0, 3093150.0 ], [ 4651850.0, 3093250.0 ] ] ] } },
{ "type": "Feature", "properties": { "ID": "Olbersdorf_146265227_c2", "GEN": "Olbersdorf", "ARS": "146265227", "LAN": "Sachsen", "area": 1.01, "centroid": "POINT (4656134.158416 3095384.818482)", "DH_demand": 8798.4908464144537, "total_demand_cells": 13929.827002048492, "total_demand_area": 29475.9609375, "share_DH": 34.322641505018019, "heat_density_DH": 8.7113770756578752, "heat_density": 29.18411974009901, "DH_supplied_households": 1458.0, "DH_cells": [ [ 4655950, 3094550 ], [ 4655750, 3094650 ], [ 4655850, 3094650 ], [ 4655950, 3094650 ], [ 4655850, 3094750 ], [ 4655950, 3094750 ], [ 4656050, 3094750 ], [ 4656150, 3094750 ], [ 4655550, 3094850 ], [ 4655650, 3094850 ], [ 4655850, 3094850 ], [ 4655950, 3094850 ], [ 4656050, 3094850 ], [ 4656150, 3094850 ], [ 4656350, 3094850 ], [ 4656050, 3094950 ], [ 4656150, 3094950 ], [ 4656350, 3094950 ], [ 4655750, 3095050 ], [ 4656150, 3095050 ], [ 4656350, 3095050 ], [ 4655450, 3095250 ], [ 4656250, 3095350 ], [ 4656750, 3095350 ], [ 4655550, 3095450 ], [ 4655650, 3095450 ], [ 4655750, 3095450 ], [ 4655850, 3095450 ], [ 4655950, 3095450 ], [ 4656050, 3095450 ], [ 4656150, 3095450 ], [ 4656250, 3095450 ], [ 4656750, 3095450 ], [ 4655550, 3095550 ], [ 4655650, 3095550 ], [ 4655750, 3095550 ], [ 4655850, 3095550 ], [ 4655950, 3095550 ], [ 4656050, 3095550 ], [ 4656150, 3095550 ], [ 4656250, 3095550 ], [ 4655750, 3095650 ], [ 4655850, 3095650 ], [ 4655950, 3095650 ], [ 4656050, 3095650 ], [ 4656150, 3095650 ], [ 4656650, 3095750 ], [ 4656750, 3096250 ], [ 4656850, 3096250 ], [ 4656950, 3096250 ], [ 4657050, 3096450 ], [ 4657150, 3096450 ] ] }, "geometry": { "type": "Polygon", "coordinates": [ [ [ 4655450.0, 3095250.0 ], [ 4655550.0, 3095450.0 ], [ 4655550.0, 3095550.0 ], [ 4655650.0, 3095550.0 ], [ 4655750.0, 3095550.0 ], [ 4655750.0, 3095650.0 ], [ 4655850.0, 3095650.0 ], [ 4655950.0, 3095650.0 ], [ 4656050.0, 3095650.0 ], [ 4656150.0, 3095650.0 ], [ 4656750.0, 3096250.0 ], [ 4656850.0, 3096250.0 ], [ 4657050.0, 3096450.0 ], [ 4657150.0, 3096450.0 ], [ 4656950.0, 3096250.0 ], [ 4656650.0, 3095750.0 ], [ 4656750.0, 3095450.0 ], [ 4656750.0, 3095350.0 ], [ 4656250.0, 3095350.0 ], [ 4656150.0, 3095050.0 ], [ 4656350.0, 3095050.0 ], [ 4656350.0, 3094950.0 ], [ 4656350.0, 3094850.0 ], [ 4656150.0, 3094850.0 ], [ 4656150.0, 3094750.0 ], [ 4656050.0, 3094750.0 ], [ 4655950.0, 3094750.0 ], [ 4655950.0, 3094650.0 ], [ 4655950.0, 3094550.0 ], [ 4655850.0, 3094650.0 ], [ 4655750.0, 3094650.0 ], [ 4655650.0, 3094850.0 ], [ 4655550.0, 3094850.0 ], [ 4655450.0, 3095250.0 ] ] ] } },
{ "type": "Feature", "properties": { "ID": "Olbersdorf_146265227_c3", "GEN": "Olbersdorf", "ARS": "146265227", "LAN": "Sachsen", "area": 0.18, "centroid": "POINT (4654998.148148 3098309.259259)", "DH_demand": 344.09725390978707, "total_demand_cells": 967.76849746704102, "total_demand_area": 4141.5185546875, "share_DH": 9.553490702242744, "heat_density_DH": 1.9116514106099283, "heat_density": 23.008436414930557, "DH_supplied_households": 26.0, "DH_cells": [ [ 4654850, 3098050 ], [ 4655150, 3098150 ], [ 4655250, 3098150 ], [ 4655550, 3098150 ], [ 4655250, 3098250 ], [ 4655050, 3098450 ], [ 4654750, 3098550 ], [ 4654850, 3098650 ] ] }, "geometry": { "type": "Polygon", "coordinates": [ [ [ 4654750.0, 3098550.0 ], [ 4654850.0, 3098650.0 ], [ 4655050.0, 3098450.0 ], [ 4655250.0, 3098250.0 ], [ 4655550.0, 3098150.0 ], [ 4655250.0, 3098150.0 ], [ 4655150.0, 3098150.0 ], [ 4654850.0, 3098050.0 ], [ 4654750.0, 3098550.0 ] ] ] } },
{ "type": "Feature", "properties": { "ID": "Oppach-Beiersdorf_146265228_c0", "GEN": "Oppach-Beiersdorf", "ARS": "146265228", "LAN": "Sachsen", "area": 0.035, "centroid": "POINT (4638716.666667 3116983.333333)", "DH_demand": 182.32903853893512, "total_demand_cells": 435.46258926391602, "total_demand_area": 768.7301025390625, "share_DH": 27.27234260144246, "heat_density_DH": 5.2094011011124328, "heat_density": 21.96371721540179, "DH_supplied_households": 9.0, "DH_cells": [ [ 4638250, 3116550 ], [ 4638950, 3117150 ], [ 4638950, 3117250 ] ] }, "geometry": { "type": "Polygon", "coordinates": [ [ [ 4638250.0, 3116550.0 ], [ 4638950.0, 3117250.0 ], [ 4638950.0, 3117150.0 ], [ 4638250.0, 3116550.0 ] ] ] } },
{ "type": "Feature", "properties": { "ID": "Reichenbach/O.L._146265232_c0", "GEN": "Reichenbach/O.L.", "ARS": "146265232", "LAN": "Sachsen", "area": 0.355, "centroid": "POINT (4656449.530516 3125390.84507)", "DH_demand": 1418.3605483865417, "total_demand_cells": 3874.878133893013, "total_demand_area": 11530.5107421875, "share_DH": 14.14420649586326, "heat_density_DH": 3.9953818264409624, "heat_density": 32.480311949823943, "DH_supplied_households": 245.0, "DH_cells": [ [ 4655750, 3124950 ], [ 4656650, 3124950 ], [ 4655950, 3125050 ], [ 4656550, 3125050 ], [ 4656650, 3125250 ], [ 4656450, 3125350 ], [ 4656550, 3125350 ], [ 4656150, 3125450 ], [ 4657050, 3125450 ], [ 4656150, 3125550 ], [ 4656250, 3125550 ], [ 4656350, 3125550 ], [ 4656650, 3125550 ], [ 4656850, 3125550 ], [ 4657150, 3125550 ], [ 4656250, 3125650 ], [ 4656550, 3125650 ], [ 4656250, 3125750 ] ] }, "geometry": { "type": "Polygon", "coordinates": [ [ [ 4656550.0, 3125050.0 ], [ 4656550.0, 3125350.0 ], [ 4656450.0, 3125350.0 ], [ 4655950.0, 3125050.0 ], [ 4655750.0, 3124950.0 ], [ 4656150.0, 3125450.0 ], [ 4656150.0, 3125550.0 ], [ 4656250.0, 3125550.0 ], [ 4656250.0, 3125650.0 ], [ 4656250.0, 3125750.0 ], [ 4656550.0, 3125650.0 ], [ 4656650.0, 3125550.0 ], [ 4656850.0, 3125550.0 ], [ 4657150.0, 3125550.0 ], [ 4657050.0, 3125450.0 ], [ 4656650.0, 3125250.0 ], [ 4656650.0, 3124950.0 ], [ 4656550.0, 3125050.0 ] ] ] } },
{ "type": "Feature", "properties": { "ID": "Reichenbach/O.L._146265232_c1", "GEN": "Reichenbach/O.L.", "ARS": "146265232", "LAN": "Sachsen", "area": 0.055, "centroid": "POINT (4661398.484848 3130280.30303)", "DH_demand": 186.2558027832126, "total_demand_cells": 413.27351379394531, "total_demand_area": 1791.417724609375, "share_DH": 11.955106109296903, "heat_density_DH": 3.3864691415129564, "heat_density": 32.571231356534092, "DH_supplied_households": 19.0, "DH_cells": [ [ 4660950, 3130150 ], [ 4661250, 3130150 ], [ 4661250, 3130250 ], [ 4661450, 3130250 ], [ 4661950, 3130550 ] ] }, "geometry": { "type": "Polygon", "coordinates": [ [ [ 4660950.0, 3130150.0 ], [ 4661250.0, 3130250.0 ], [ 4661950.0, 3130550.0 ], [ 4661450.0, 3130250.0 ], [ 4661250.0, 3130150.0 ], [ 4660950.0, 3130150.0 ] ] ] } },
{ "type": "Feature", "properties": { "ID": "Rietschen_146265233_c0", "GEN": "Rietschen", "ARS": "146265233", "LAN": "Sachsen", "area": 0.295, "centroid": "POINT (4653738.700565 3153419.491525)", "DH_demand": 195.468442976218, "total_demand_cells": 396.24356079101562, "total_demand_area": 4255.94580078125, "share_DH": 5.2810594312162316, "heat_density_DH": 0.66260489144480683, "heat_density": 14.426934917902543, "DH_supplied_households": 22.0, "DH_cells": [ [ 4653850, 3152850 ], [ 4653350, 3152950 ], [ 4653650, 3153350 ], [ 4653950, 3153350 ], [ 4653750, 3153650 ], [ 4653950, 3153850 ], [ 4653950, 3154450 ] ] }, "geometry": { "type": "Polygon", "coordinates": [ [ [ 4653350.0, 3152950.0 ], [ 4653750.0, 3153650.0 ], [ 4653950.0, 3154450.0 ], [ 4653950.0, 3153850.0 ], [ 4653950.0, 3153350.0 ], [ 4653650.0, 3153350.0 ], [ 4653850.0, 3152850.0 ], [ 4653350.0, 3152950.0 ] ] ] } },
{ "type": "Feature", "properties": { "ID": "Rothenburg/O.L._146265235_c0", "GEN": "Rothenburg/O.L.", "ARS": "146265235", "LAN": "Sachsen", "area": 0.965, "centroid": "POINT (4666928.411054 3147536.528497)", "DH_demand": 2631.1719908920118, "total_demand_cells": 5046.3137540817261, "total_demand_area": 15550.0400390625, "share_DH": 19.45620868201285, "heat_density_DH": 2.7266030993699606, "heat_density": 16.114031128562175, "DH_supplied_households": 460.0, "DH_cells": [ [ 4666950, 3146650 ], [ 4666450, 3146750 ], [ 4666550, 3146750 ], [ 4666650, 3146750 ], [ 4666750, 3146750 ], [ 4666850, 3146750 ], [ 4666550, 3146850 ], [ 4666650, 3146850 ], [ 4666850, 3146850 ], [ 4666950, 3146850 ], [ 4666750, 3146950 ], [ 4666650, 3147050 ], [ 4667250, 3147050 ], [ 4666850, 3147150 ], [ 4666650, 3147350 ], [ 4666750, 3147350 ], [ 4667050, 3147750 ], [ 4667150, 3147750 ], [ 4667450, 3147750 ], [ 4667550, 3147750 ], [ 4666450, 3147850 ], [ 4666950, 3147850 ], [ 4667450, 3147850 ], [ 4667550, 3147950 ], [ 4666850, 3148050 ], [ 4667450, 3148050 ], [ 4666650, 3148150 ], [ 4666450, 3148350 ], [ 4666550, 3148450 ], [ 4666550, 3148550 ], [ 4666550, 3148850 ], [ 4666450, 3149050 ] ] }, "geometry": { "type": "Polygon", "coordinates": [ [ [ 4666850.0, 3146750.0 ], [ 4666750.0, 3146750.0 ], [ 4666650.0, 3146750.0 ], [ 4666550.0, 3146750.0 ], [ 4666450.0, 3146750.0 ], [ 4666550.0, 3146850.0 ], [ 4666650.0, 3146850.0 ], [ 4666750.0, 3146950.0 ], [ 4666650.0, 3147050.0 ], [ 4666650.0, 3147350.0 ], [ 4666450.0, 3147850.0 ], [ 4666650.0, 3148150.0 ], [ 4666450.0, 3148350.0 ], [ 4666550.0, 3148450.0 ], [ 4666450.0, 3149050.0 ], [ 4666550.0, 3148850.0 ], [ 4666550.0, 3148550.0 ], [ 4666850.0, 3148050.0 ], [ 4666950.0, 3147850.0 ], [ 4667050.0, 3147750.0 ], [ 4667150.0, 3147750.0 ], [ 4667450.0, 3148050.0 ], [ 4667550.0, 3147950.0 ], [ 4667450.0, 3147850.0 ], [ 4667450.0, 3147750.0 ], [ 4667550.0, 3147750.0 ], [ 4667250.0, 3147050.0 ], [ 4666950.0, 3146850.0 ], [ 4666950.0, 3146650.0 ], [ 4666850.0, 3146750.0 ] ] ] } },
{ "type": "Feature", "properties": { "ID": "Schleife_146265237_c2", "GEN": "Schleife", "ARS": "146265237", "LAN": "Sachsen", "area": 0.17, "centroid": "POINT (4634867.647059 3168234.313725)", "DH_demand": 324.4473259211407, "total_demand_cells": 1008.0022773742676, "total_demand_area": 3562.05908203125, "share_DH": 10.473300643285253, "heat_density_DH": 1.9085136818890633, "heat_density": 20.953288717830887, "DH_supplied_households": 40.0, "DH_cells": [ [ 4635250, 3167950 ], [ 4635350, 3168050 ], [ 4634450, 3168150 ], [ 4635450, 3168150 ], [ 4635050, 3168250 ], [ 4635150, 3168250 ], [ 4634650, 3168350 ], [ 4634950, 3168350 ], [ 4635050, 3168350 ], [ 4634350, 3168450 ] ] }, "geometry": { "type": "Polygon", "coordinates": [ [ [ 4634350.0, 3168450.0 ], [ 4634650.0, 3168350.0 ], [ 4634950.0, 3168350.0 ], [ 4635050.0, 3168350.0 ], [ 4635150.0, 3168250.0 ], [ 4635450.0, 3168150.0 ], [ 4635350.0, 3168050.0 ], [ 4635250.0, 3167950.0 ], [ 4635050.0, 3168250.0 ], [ 4634450.0, 3168150.0 ], [ 4634350.0, 3168450.0 ] ] ] } },
{ "type": "Feature", "properties": { "ID": "Weißwasser/O.L._146265242_c0", "GEN": "Weißwasser/O.L.", "ARS": "146265242", "LAN": "Sachsen", "area": 3.795, "centroid": "POINT (4642581.884058 3165094.312692)", "DH_demand": 39103.648893283709, "total_demand_cells": 67271.211887359619, "total_demand_area": 121567.8203125, "share_DH": 36.986151544539169, "heat_density_DH": 10.303991803236814, "heat_density": 32.033681241765478, "DH_supplied_households": 5763.0, "DH_cells": [ [ 4642050, 3163750 ], [ 4642150, 3163750 ], [ 4642250, 3163750 ], [ 4642650, 3163750 ], [ 4642750, 3163750 ], [ 4642150, 3163850 ], [ 4642250, 3163850 ], [ 4642550, 3163850 ], [ 4642750, 3163850 ], [ 4642850, 3163850 ], [ 4643050, 3163850 ], [ 4643150, 3163850 ], [ 4642150, 3163950 ], [ 4642350, 3163950 ], [ 4642450, 3163950 ], [ 4642550, 3163950 ], [ 4642650, 3163950 ], [ 4642750, 3163950 ], [ 4642850, 3163950 ], [ 4642950, 3163950 ], [ 4643050, 3163950 ], [ 4643150, 3163950 ], [ 4642250, 3164050 ], [ 4642350, 3164050 ], [ 4642450, 3164050 ], [ 4642550, 3164050 ], [ 4643050, 3164050 ], [ 4643150, 3164050 ], [ 4643250, 3164050 ], [ 4642350, 3164150 ], [ 4642450, 3164150 ], [ 4643150, 3164150 ], [ 4643250, 3164150 ], [ 4643350, 3164150 ], [ 4642250, 3164250 ], [ 4642350, 3164250 ], [ 4642450, 3164250 ], [ 4643050, 3164250 ], [ 4643150, 3164250 ], [ 4643250, 3164250 ], [ 4642150, 3164350 ], [ 4642250, 3164350 ], [ 4642350, 3164350 ], [ 4642450, 3164350 ], [ 4642950, 3164350 ], [ 4643250, 3164350 ], [ 4643350, 3164350 ], [ 4643450, 3164350 ], [ 4643550, 3164350 ], [ 4642150, 3164450 ], [ 4642250, 3164450 ], [ 4642750, 3164450 ], [ 4642850, 3164450 ], [ 4643250, 3164450 ], [ 4643350, 3164450 ], [ 4643450, 3164450 ], [ 4643550, 3164450 ], [ 4642050, 3164550 ], [ 4642150, 3164550 ], [ 4642250, 3164550 ], [ 4642350, 3164550 ], [ 4642450, 3164550 ], [ 4642750, 3164550 ], [ 4642850, 3164550 ], [ 4642950, 3164550 ], [ 4643050, 3164550 ], [ 4643150, 3164550 ], [ 4643250, 3164550 ], [ 4643350, 3164550 ], [ 4643450, 3164550 ], [ 4643550, 3164550 ], [ 4643650, 3164550 ], [ 4642050, 3164650 ], [ 4642150, 3164650 ], [ 4642250, 3164650 ], [ 4642350, 3164650 ], [ 4642450, 3164650 ], [ 4642550, 3164650 ], [ 4642650, 3164650 ], [ 4642950, 3164650 ], [ 4643150, 3164650 ], [ 4643250, 3164650 ], [ 4643350, 3164650 ], [ 4643450, 3164650 ], [ 4643550, 3164650 ], [ 4643750, 3164650 ], [ 4642050, 3164750 ], [ 4642150, 3164750 ], [ 4642250, 3164750 ], [ 4642350, 3164750 ], [ 4642450, 3164750 ], [ 4642550, 3164750 ], [ 4642650, 3164750 ], [ 4643050, 3164750 ], [ 4643250, 3164750 ], [ 4643350, 3164750 ], [ 4643450, 3164750 ], [ 4641750, 3164850 ], [ 4641850, 3164850 ], [ 4642150, 3164850 ], [ 4642550, 3164850 ], [ 4642650, 3164850 ], [ 4642750, 3164850 ], [ 4642950, 3164850 ], [ 4643050, 3164850 ], [ 4643150, 3164850 ], [ 4643250, 3164850 ], [ 4641250, 3164950 ], [ 4641950, 3164950 ], [ 4642050, 3164950 ], [ 4642550, 3164950 ], [ 4642650, 3164950 ], [ 4641450, 3165050 ], [ 4641650, 3165050 ], [ 4642550, 3165050 ], [ 4641250, 3165150 ], [ 4641350, 3165150 ], [ 4643150, 3165150 ], [ 4643250, 3165150 ], [ 4643350, 3165150 ], [ 4643550, 3165150 ], [ 4643650, 3165150 ], [ 4643750, 3165150 ], [ 4641050, 3165250 ], [ 4641350, 3165250 ], [ 4643050, 3165250 ], [ 4643150, 3165250 ], [ 4643250, 3165250 ], [ 4643350, 3165250 ], [ 4643450, 3165250 ], [ 4643550, 3165250 ], [ 4643650, 3165250 ], [ 4641550, 3165350 ], [ 4642350, 3165350 ], [ 4642450, 3165350 ], [ 4642950, 3165350 ], [ 4643150, 3165350 ], [ 4643250, 3165350 ], [ 4643350, 3165350 ], [ 4643450, 3165350 ], [ 4643550, 3165350 ], [ 4643650, 3165350 ], [ 4640650, 3165450 ], [ 4640850, 3165450 ], [ 4641050, 3165450 ], [ 4641450, 3165450 ], [ 4642450, 3165450 ], [ 4643250, 3165450 ], [ 4643350, 3165450 ], [ 4643550, 3165450 ], [ 4643650, 3165450 ], [ 4643750, 3165450 ], [ 4641050, 3165550 ], [ 4641150, 3165550 ], [ 4642650, 3165550 ], [ 4643250, 3165550 ], [ 4643350, 3165550 ], [ 4641250, 3165650 ], [ 4641350, 3165650 ], [ 4641850, 3165650 ], [ 4642250, 3165650 ], [ 4642650, 3165650 ], [ 4643650, 3165650 ], [ 4642050, 3165750 ], [ 4643450, 3165750 ], [ 4643950, 3165750 ], [ 4644150, 3165750 ], [ 4643150, 3165850 ], [ 4641350, 3165950 ], [ 4641250, 3166050 ], [ 4642250, 3166050 ], [ 4642350, 3166050 ], [ 4642550, 3166050 ], [ 4643050, 3166050 ], [ 4642250, 3166150 ], [ 4640850, 3166250 ], [ 4642550, 3166250 ], [ 4642550, 3166350 ], [ 4642250, 3166450 ], [ 4642550, 3166450 ] ] }, "geometry": { "type": "Polygon", "coordinates": [ [ [ 4642150.0, 3163850.0 ], [ 4642150.0, 3163950.0 ], [ 4642250.0, 3164050.0 ], [ 4642350.0, 3164050.0 ], [ 4642350.0, 3164150.0 ], [ 4642350.0, 3164250.0 ], [ 4642250.0, 3164250.0 ], [ 4642250.0, 3164350.0 ], [ 4642150.0, 3164350.0 ], [ 4642150.0, 3164450.0 ], [ 4642150.0, 3164550.0 ], [ 4642050.0, 3164550.0 ], [ 4642050.0, 3164650.0 ], [ 4642050.0, 3164750.0 ], [ 4642150.0, 3164750.0 ], [ 4642150.0, 3164850.0 ], [ 4642050.0, 3164950.0 ], [ 4641950.0, 3164950.0 ], [ 4641850.0, 3164850.0 ], [ 4641750.0, 3164850.0 ], [ 4641650.0, 3165050.0 ], [ 4641450.0, 3165050.0 ], [ 4641250.0, 3164950.0 ], [ 4641250.0, 3165150.0 ], [ 4641050.0, 3165250.0 ], [ 4640650.0, 3165450.0 ], [ 4640850.0, 3165450.0 ], [ 4641050.0, 3165450.0 ], [ 4641050.0, 3165550.0 ], [ 4641150.0, 3165550.0 ], [ 4641250.0, 3165650.0 ], [ 4640850.0, 3166250.0 ], [ 4641250.0, 3166050.0 ], [ 4641350.0, 3165950.0 ], [ 4641350.0, 3165650.0 ], [ 4641450.0, 3165450.0 ], [ 4641550.0, 3165350.0 ], [ 4641850.0, 3165650.0 ], [ 4642050.0, 3165750.0 ], [ 4642250.0, 3165650.0 ], [ 4642250.0, 3166050.0 ], [ 4642250.0, 3166150.0 ], [ 4642250.0, 3166450.0 ], [ 4642550.0, 3166450.0 ], [ 4642550.0, 3166350.0 ], [ 4642550.0, 3166250.0 ], [ 4642550.0, 3166050.0 ], [ 4643050.0, 3166050.0 ], [ 4643150.0, 3165850.0 ], [ 4643250.0, 3165550.0 ], [ 4643350.0, 3165550.0 ], [ 4643450.0, 3165750.0 ], [ 4643950.0, 3165750.0 ], [ 4644150.0, 3165750.0 ], [ 4643650.0, 3165650.0 ], [ 4643750.0, 3165450.0 ], [ 4643650.0, 3165450.0 ], [ 4643650.0, 3165350.0 ], [ 4643650.0, 3165250.0 ], [ 4643650.0, 3165150.0 ], [ 4643750.0, 3165150.0 ], [ 4643750.0, 3164650.0 ], [ 4643650.0, 3164550.0 ], [ 4643550.0, 3164550.0 ], [ 4643550.0, 3164450.0 ], [ 4643550.0, 3164350.0 ], [ 4643450.0, 3164350.0 ], [ 4643350.0, 3164350.0 ], [ 4643350.0, 3164150.0 ], [ 4643250.0, 3164150.0 ], [ 4643250.0, 3164050.0 ], [ 4643150.0, 3164050.0 ], [ 4643150.0, 3163950.0 ], [ 4643150.0, 3163850.0 ], [ 4643050.0, 3163850.0 ], [ 4643050.0, 3163950.0 ], [ 4642950.0, 3163950.0 ], [ 4642850.0, 3163950.0 ], [ 4642850.0, 3163850.0 ], [ 4642750.0, 3163850.0 ], [ 4642750.0, 3163750.0 ], [ 4642650.0, 3163750.0 ], [ 4642550.0, 3163850.0 ], [ 4642550.0, 3163950.0 ], [ 4642450.0, 3163950.0 ], [ 4642350.0, 3163950.0 ], [ 4642250.0, 3163850.0 ], [ 4642250.0, 3163750.0 ], [ 4642150.0, 3163750.0 ], [ 4642050.0, 3163750.0 ], [ 4642150.0, 3163850.0 ] ] ] } },
{ "type": "Feature", "properties": { "ID": "Weißer Schöps/Neiße_146265503_c0", "GEN": "Weißer Schöps/Neiße", "ARS": "146265503", "LAN": "Sachsen", "area": 0.085, "centroid": "POINT (4665461.764706 3130408.823529)", "DH_demand": 508.09441125899747, "total_demand_cells": 1282.5010986328125, "total_demand_area": 2889.2900390625, "share_DH": 20.220587402758895, "heat_density_DH": 5.9775813089293832, "heat_density": 33.991647518382358, "DH_supplied_households": 26.0, "DH_cells": [ [ 4665150, 3130150 ], [ 4665150, 3130250 ], [ 4665250, 3130250 ], [ 4665150, 3130350 ], [ 4665550, 3130450 ], [ 4665750, 3130450 ], [ 4665750, 3130550 ], [ 4665550, 3130650 ] ] }, "geometry": { "type": "Polygon", "coordinates": [ [ [ 4665250.0, 3130250.0 ], [ 4665150.0, 3130150.0 ], [ 4665150.0, 3130250.0 ], [ 4665150.0, 3130350.0 ], [ 4665550.0, 3130450.0 ], [ 4665550.0, 3130650.0 ], [ 4665750.0, 3130550.0 ], [ 4665750.0, 3130450.0 ], [ 4665250.0, 3130250.0 ] ] ] } },
{ "type": "Feature", "properties": { "ID": "Coswig_146270010_c0", "GEN": "Coswig", "ARS": "146270010", "LAN": "Sachsen", "area": 3.035, "centroid": "POINT (4571799.368479 3119414.305327)", "DH_demand": 34753.434924120615, "total_demand_cells": 54210.11518239975, "total_demand_area": 98375.546875, "share_DH": 40.621042570869854, "heat_density_DH": 11.450884653746497, "heat_density": 32.413689250411863, "DH_supplied_households": 5904.0, "DH_cells": [ [ 4571250, 3117650 ], [ 4571450, 3117650 ], [ 4571550, 3117650 ], [ 4571550, 3117750 ], [ 4570950, 3117850 ], [ 4571250, 3117850 ], [ 4571450, 3117850 ], [ 4570950, 3117950 ], [ 4571450, 3117950 ], [ 4570950, 3118050 ], [ 4571050, 3118050 ], [ 4571150, 3118150 ], [ 4571450, 3118250 ], [ 4571450, 3118350 ], [ 4570550, 3118450 ], [ 4570650, 3118450 ], [ 4571050, 3118550 ], [ 4571650, 3118550 ], [ 4571750, 3118550 ], [ 4572350, 3118550 ], [ 4570750, 3118650 ], [ 4571350, 3118650 ], [ 4571450, 3118650 ], [ 4571650, 3118650 ], [ 4571750, 3118650 ], [ 4571950, 3118650 ], [ 4572050, 3118650 ], [ 4572150, 3118650 ], [ 4572250, 3118650 ], [ 4572350, 3118650 ], [ 4570850, 3118750 ], [ 4571350, 3118750 ], [ 4571450, 3118750 ], [ 4571550, 3118750 ], [ 4571750, 3118750 ], [ 4571850, 3118750 ], [ 4572050, 3118750 ], [ 4572150, 3118750 ], [ 4572250, 3118750 ], [ 4572350, 3118750 ], [ 4571350, 3118850 ], [ 4571650, 3118850 ], [ 4571950, 3118850 ], [ 4572050, 3118850 ], [ 4572150, 3118850 ], [ 4572250, 3118850 ], [ 4572350, 3118850 ], [ 4571250, 3118950 ], [ 4571550, 3118950 ], [ 4571650, 3118950 ], [ 4572050, 3118950 ], [ 4572150, 3118950 ], [ 4572250, 3118950 ], [ 4571550, 3119050 ], [ 4571650, 3119050 ], [ 4571750, 3119050 ], [ 4571850, 3119050 ], [ 4571950, 3119050 ], [ 4572050, 3119050 ], [ 4572150, 3119050 ], [ 4572250, 3119050 ], [ 4572650, 3119050 ], [ 4571450, 3119150 ], [ 4571650, 3119150 ], [ 4571850, 3119150 ], [ 4571950, 3119150 ], [ 4572050, 3119150 ], [ 4572150, 3119150 ], [ 4572250, 3119150 ], [ 4571350, 3119250 ], [ 4571450, 3119250 ], [ 4571850, 3119250 ], [ 4571950, 3119250 ], [ 4572050, 3119250 ], [ 4572150, 3119250 ], [ 4571350, 3119350 ], [ 4571650, 3119350 ], [ 4571950, 3119350 ], [ 4572750, 3119350 ], [ 4571350, 3119450 ], [ 4571550, 3119450 ], [ 4571950, 3119450 ], [ 4572050, 3119450 ], [ 4572150, 3119450 ], [ 4572650, 3119450 ], [ 4572750, 3119450 ], [ 4571350, 3119550 ], [ 4571450, 3119550 ], [ 4571550, 3119550 ], [ 4571650, 3119550 ], [ 4571750, 3119550 ], [ 4572650, 3119550 ], [ 4571350, 3119650 ], [ 4571450, 3119650 ], [ 4571550, 3119650 ], [ 4571650, 3119650 ], [ 4571750, 3119650 ], [ 4572650, 3119650 ], [ 4571450, 3119750 ], [ 4571550, 3119750 ], [ 4571650, 3119750 ], [ 4571750, 3119750 ], [ 4571450, 3119850 ], [ 4571550, 3119850 ], [ 4571650, 3119850 ], [ 4571450, 3119950 ], [ 4571550, 3119950 ], [ 4571650, 3119950 ], [ 4571750, 3119950 ], [ 4571450, 3120050 ], [ 4571550, 3120050 ], [ 4571650, 3120050 ], [ 4571750, 3120050 ], [ 4571850, 3120050 ], [ 4571650, 3120150 ], [ 4571750, 3120150 ], [ 4571850, 3120150 ], [ 4571950, 3120150 ], [ 4572150, 3120150 ], [ 4572250, 3120150 ], [ 4572150, 3120250 ], [ 4572250, 3120250 ], [ 4572350, 3120250 ], [ 4572650, 3120250 ], [ 4571350, 3120350 ], [ 4571850, 3120350 ], [ 4572050, 3120350 ], [ 4572150, 3120350 ], [ 4572250, 3120350 ], [ 4572350, 3120350 ], [ 4572750, 3120350 ], [ 4570950, 3120450 ], [ 4571150, 3120450 ], [ 4572050, 3120450 ], [ 4572150, 3120450 ], [ 4572250, 3120450 ], [ 4572350, 3120450 ], [ 4572450, 3120450 ], [ 4572650, 3120450 ], [ 4572750, 3120450 ], [ 4572050, 3120550 ], [ 4572150, 3120550 ], [ 4572350, 3120550 ], [ 4572450, 3120550 ], [ 4572550, 3120550 ], [ 4572650, 3120550 ], [ 4571550, 3120650 ], [ 4571950, 3120650 ], [ 4572050, 3120650 ], [ 4572150, 3120650 ], [ 4572450, 3120650 ], [ 4572550, 3120650 ], [ 4572650, 3120650 ], [ 4571650, 3120750 ], [ 4571750, 3120750 ], [ 4572050, 3120750 ], [ 4572150, 3120750 ], [ 4572350, 3120750 ], [ 4572450, 3120750 ], [ 4572550, 3120750 ], [ 4572650, 3120750 ] ] }, "geometry": { "type": "Polygon", "coordinates": [ [ [ 4570950.0, 3117950.0 ], [ 4570950.0, 3118050.0 ], [ 4570550.0, 3118450.0 ], [ 4570650.0, 3118450.0 ], [ 4570750.0, 3118650.0 ], [ 4570850.0, 3118750.0 ], [ 4571050.0, 3118550.0 ], [ 4571350.0, 3118650.0 ], [ 4571350.0, 3118750.0 ], [ 4571350.0, 3118850.0 ], [ 4571250.0, 3118950.0 ], [ 4571450.0, 3119150.0 ], [ 4571450.0, 3119250.0 ], [ 4571350.0, 3119250.0 ], [ 4571350.0, 3119350.0 ], [ 4571350.0, 3119450.0 ], [ 4571350.0, 3119550.0 ], [ 4571350.0, 3119650.0 ], [ 4571450.0, 3119650.0 ], [ 4571450.0, 3119750.0 ], [ 4571450.0, 3119850.0 ], [ 4571450.0, 3119950.0 ], [ 4571450.0, 3120050.0 ], [ 4570950.0, 3120450.0 ], [ 4571150.0, 3120450.0 ], [ 4571350.0, 3120350.0 ], [ 4571550.0, 3120650.0 ], [ 4571650.0, 3120750.0 ], [ 4571750.0, 3120750.0 ], [ 4571950.0, 3120650.0 ], [ 4572050.0, 3120650.0 ], [ 4572050.0, 3120750.0 ], [ 4572150.0, 3120750.0 ], [ 4572350.0, 3120750.0 ], [ 4572450.0, 3120750.0 ], [ 4572550.0, 3120750.0 ], [ 4572650.0, 3120750.0 ], [ 4572650.0, 3120650.0 ], [ 4572650.0, 3120550.0 ], [ 4572650.0, 3120450.0 ], [ 4572750.0, 3120450.0 ], [ 4572750.0, 3120350.0 ], [ 4572650.0, 3120250.0 ], [ 4572350.0, 3120250.0 ], [ 4572250.0, 3120250.0 ], [ 4572250.0, 3120150.0 ], [ 4572650.0, 3119650.0 ], [ 4572650.0, 3119550.0 ], [ 4572650.0, 3119450.0 ], [ 4572750.0, 3119450.0 ], [ 4572750.0, 3119350.0 ], [ 4572650.0, 3119050.0 ], [ 4572250.0, 3119050.0 ], [ 4572250.0, 3118950.0 ], [ 4572250.0, 3118850.0 ], [ 4572350.0, 3118850.0 ], [ 4572350.0, 3118750.0 ], [ 4572350.0, 3118650.0 ], [ 4572350.0, 3118550.0 ], [ 4572250.0, 3118650.0 ], [ 4572150.0, 3118650.0 ], [ 4572050.0, 3118650.0 ], [ 4571950.0, 3118650.0 ], [ 4571850.0, 3118750.0 ], [ 4571750.0, 3118750.0 ], [ 4571750.0, 3118650.0 ], [ 4571750.0, 3118550.0 ], [ 4571650.0, 3118550.0 ], [ 4571450.0, 3118350.0 ], [ 4571450.0, 3118250.0 ], [ 4571450.0, 3117950.0 ], [ 4571450.0, 3117850.0 ], [ 4571550.0, 3117750.0 ], [ 4571550.0, 3117650.0 ], [ 4571450.0, 3117650.0 ], [ 4571250.0, 3117650.0 ], [ 4571250.0, 3117850.0 ], [ 4570950.0, 3117850.0 ], [ 4570950.0, 3117950.0 ] ] ] } },
{ "type": "Feature", "properties": { "ID": "Coswig_146270010_c2", "GEN": "Coswig", "ARS": "146270010", "LAN": "Sachsen", "area": 0.31, "centroid": "POINT (4567947.849462 3120533.870968)", "DH_demand": 212.02036147889436, "total_demand_cells": 828.55267128348351, "total_demand_area": 2387.6376953125, "share_DH": 10.210561694943344, "heat_density_DH": 0.68393664993191727, "heat_density": 7.7020570816532254, "DH_supplied_households": 43.0, "DH_cells": [ [ 4567450, 3119850 ], [ 4567350, 3120050 ], [ 4567550, 3120050 ], [ 4567850, 3120250 ], [ 4568150, 3120550 ], [ 4568350, 3120650 ], [ 4568250, 3120950 ], [ 4568350, 3120950 ], [ 4568150, 3121050 ], [ 4568350, 3121050 ], [ 4568350, 3121150 ], [ 4568250, 3121250 ] ] }, "geometry": { "type": "Polygon", "coordinates": [ [ [ 4567350.0, 3120050.0 ], [ 4568250.0, 3120950.0 ], [ 4568150.0, 3121050.0 ], [ 4568250.0, 3121250.0 ], [ 4568350.0, 3121150.0 ], [ 4568350.0, 3121050.0 ], [ 4568350.0, 3120950.0 ], [ 4568350.0, 3120650.0 ], [ 4568150.0, 3120550.0 ], [ 4567850.0, 3120250.0 ], [ 4567550.0, 3120050.0 ], [ 4567450.0, 3119850.0 ], [ 4567350.0, 3120050.0 ] ] ] } },
{ "type": "Feature", "properties": { "ID": "Coswig_146270010_c3", "GEN": "Coswig", "ARS": "146270010", "LAN": "Sachsen", "area": 0.015, "centroid": "POINT (4569283.333333 3120950)", "DH_demand": 187.06239649130265, "total_demand_cells": 863.59983062744141, "total_demand_area": 1298.9627685546875, "share_DH": 16.558854135470227, "heat_density_DH": 12.47082643275351, "heat_density": 86.597517903645837, "DH_supplied_households": 44.0, "DH_cells": [ [ 4569250, 3120850 ], [ 4569350, 3120850 ], [ 4569250, 3121050 ], [ 4569250, 3121150 ] ] }, "geometry": { "type": "Polygon", "coordinates": [ [ [ 4569250.0, 3120850.0 ], [ 4569250.0, 3121050.0 ], [ 4569250.0, 3121150.0 ], [ 4569350.0, 3120850.0 ], [ 4569250.0, 3120850.0 ] ] ] } },
{ "type": "Feature", "properties": { "ID": "Gröditz_146270050_c0", "GEN": "Gröditz", "ARS": "146270050", "LAN": "Sachsen", "area": 1.495, "centroid": "POINT (4560588.461538 3150466.610925)", "DH_demand": 15508.411356123806, "total_demand_cells": 21932.788160681725, "total_demand_area": 37418.140625, "share_DH": 47.656879188850461, "heat_density_DH": 10.373519301755056, "heat_density": 25.028856605351173, "DH_supplied_households": 2527.0, "DH_cells": [ [ 4560950, 3149750 ], [ 4560050, 3149850 ], [ 4560250, 3149850 ], [ 4560250, 3149950 ], [ 4560450, 3149950 ], [ 4560550, 3149950 ], [ 4560750, 3150050 ], [ 4561250, 3150050 ], [ 4561350, 3150050 ], [ 4561450, 3150050 ], [ 4561550, 3150050 ], [ 4560250, 3150150 ], [ 4560550, 3150150 ], [ 4560750, 3150150 ], [ 4560950, 3150150 ], [ 4561050, 3150150 ], [ 4561450, 3150150 ], [ 4561550, 3150150 ], [ 4561650, 3150150 ], [ 4559950, 3150250 ], [ 4560250, 3150250 ], [ 4560750, 3150250 ], [ 4560850, 3150250 ], [ 4560950, 3150250 ], [ 4561050, 3150250 ], [ 4561450, 3150250 ], [ 4561550, 3150250 ], [ 4561650, 3150250 ], [ 4560550, 3150350 ], [ 4560750, 3150350 ], [ 4560950, 3150350 ], [ 4561050, 3150350 ], [ 4561150, 3150350 ], [ 4561350, 3150350 ], [ 4561450, 3150350 ], [ 4561550, 3150350 ], [ 4561650, 3150350 ], [ 4559850, 3150450 ], [ 4559950, 3150450 ], [ 4560750, 3150450 ], [ 4560950, 3150450 ], [ 4561050, 3150450 ], [ 4561150, 3150450 ], [ 4561250, 3150450 ], [ 4561350, 3150450 ], [ 4561450, 3150450 ], [ 4560850, 3150550 ], [ 4560950, 3150550 ], [ 4561150, 3150550 ], [ 4561250, 3150550 ], [ 4560550, 3150650 ], [ 4560650, 3150650 ], [ 4560850, 3150650 ], [ 4560950, 3150650 ], [ 4561050, 3150650 ], [ 4561150, 3150650 ], [ 4561250, 3150650 ], [ 4560550, 3150750 ], [ 4560850, 3150750 ], [ 4560950, 3150750 ], [ 4561250, 3150750 ], [ 4561350, 3150750 ], [ 4561450, 3150750 ], [ 4560550, 3150850 ], [ 4560750, 3150850 ], [ 4560850, 3150850 ], [ 4561350, 3150850 ], [ 4561450, 3150850 ], [ 4560150, 3150950 ], [ 4560550, 3150950 ], [ 4560650, 3150950 ], [ 4560750, 3150950 ], [ 4561350, 3150950 ], [ 4560650, 3151050 ], [ 4560750, 3151050 ], [ 4559750, 3151150 ], [ 4561350, 3151150 ], [ 4559950, 3151250 ], [ 4561350, 3151350 ] ] }, "geometry": { "type": "Polygon", "coordinates": [ [ [ 4559950.0, 3151250.0 ], [ 4560150.0, 3150950.0 ], [ 4560550.0, 3150950.0 ], [ 4560650.0, 3150950.0 ], [ 4560650.0, 3151050.0 ], [ 4560750.0, 3151050.0 ], [ 4560750.0, 3150950.0 ], [ 4560750.0, 3150850.0 ], [ 4560850.0, 3150850.0 ], [ 4560850.0, 3150750.0 ], [ 4560950.0, 3150750.0 ], [ 4560950.0, 3150650.0 ], [ 4561050.0, 3150650.0 ], [ 4561150.0, 3150650.0 ], [ 4561250.0, 3150650.0 ], [ 4561250.0, 3150750.0 ], [ 4561350.0, 3150750.0 ], [ 4561350.0, 3150850.0 ], [ 4561450.0, 3150850.0 ], [ 4561450.0, 3150750.0 ], [ 4561450.0, 3150450.0 ], [ 4561450.0, 3150350.0 ], [ 4561550.0, 3150350.0 ], [ 4561650.0, 3150350.0 ], [ 4561650.0, 3150250.0 ], [ 4561650.0, 3150150.0 ], [ 4561550.0, 3150150.0 ], [ 4561550.0, 3150050.0 ], [ 4561450.0, 3150050.0 ], [ 4561350.0, 3150050.0 ], [ 4561250.0, 3150050.0 ], [ 4561050.0, 3150150.0 ], [ 4560950.0, 3150150.0 ], [ 4560950.0, 3149750.0 ], [ 4560750.0, 3150050.0 ], [ 4560550.0, 3149950.0 ], [ 4560450.0, 3149950.0 ], [ 4560250.0, 3149950.0 ], [ 4560250.0, 3149850.0 ], [ 4560050.0, 3149850.0 ], [ 4559950.0, 3150250.0 ], [ 4559950.0, 3150450.0 ], [ 4559850.0, 3150450.0 ], [ 4559750.0, 3151150.0 ], [ 4559950.0, 3151250.0 ] ] ] } },
{ "type": "Feature", "properties": { "ID": "Großenhain_146270060_c0", "GEN": "Großenhain", "ARS": "146270060", "LAN": "Sachsen", "area": 3.865, "centroid": "POINT (4567583.937042 3137193.251401)", "DH_demand": 14816.404623587025, "total_demand_cells": 29878.062047123909, "total_demand_area": 84303.0390625, "share_DH": 20.208779662264128, "heat_density_DH": 3.8334811445244572, "heat_density": 21.81191178848642, "DH_supplied_households": 3070.0, "DH_cells": [ [ 4567250, 3135850 ], [ 4567250, 3136050 ], [ 4566250, 3136150 ], [ 4566550, 3136150 ], [ 4566650, 3136150 ], [ 4567550, 3136150 ], [ 4567850, 3136150 ], [ 4568450, 3136150 ], [ 4566550, 3136250 ], [ 4567350, 3136250 ], [ 4567650, 3136250 ], [ 4568450, 3136250 ], [ 4568550, 3136250 ], [ 4567550, 3136350 ], [ 4567650, 3136350 ], [ 4567750, 3136350 ], [ 4567850, 3136350 ], [ 4567950, 3136350 ], [ 4568050, 3136350 ], [ 4568150, 3136350 ], [ 4568250, 3136350 ], [ 4568350, 3136350 ], [ 4568450, 3136350 ], [ 4568550, 3136350 ], [ 4566850, 3136450 ], [ 4567650, 3136450 ], [ 4567750, 3136450 ], [ 4567950, 3136450 ], [ 4568050, 3136450 ], [ 4568150, 3136450 ], [ 4568250, 3136450 ], [ 4568350, 3136450 ], [ 4568450, 3136450 ], [ 4568550, 3136450 ], [ 4567250, 3136550 ], [ 4567350, 3136550 ], [ 4567750, 3136550 ], [ 4567950, 3136550 ], [ 4568050, 3136550 ], [ 4568150, 3136550 ], [ 4568250, 3136550 ], [ 4568450, 3136550 ], [ 4568550, 3136550 ], [ 4568250, 3136650 ], [ 4568350, 3136650 ], [ 4567650, 3136750 ], [ 4567950, 3136750 ], [ 4568150, 3136750 ], [ 4568250, 3136750 ], [ 4568650, 3136750 ], [ 4566850, 3136850 ], [ 4566950, 3136850 ], [ 4567750, 3136850 ], [ 4566950, 3136950 ], [ 4567050, 3136950 ], [ 4567250, 3136950 ], [ 4567850, 3136950 ], [ 4566950, 3137050 ], [ 4567050, 3137050 ], [ 4567150, 3137050 ], [ 4567250, 3137050 ], [ 4567150, 3137150 ], [ 4565750, 3137250 ], [ 4566850, 3137250 ], [ 4567150, 3137250 ], [ 4567450, 3137250 ], [ 4564950, 3137350 ], [ 4565050, 3137350 ], [ 4565950, 3137350 ], [ 4566050, 3137350 ], [ 4566550, 3137350 ], [ 4566850, 3137350 ], [ 4567050, 3137350 ], [ 4564950, 3137450 ], [ 4565350, 3137450 ], [ 4565650, 3137450 ], [ 4565750, 3137450 ], [ 4565850, 3137450 ], [ 4566150, 3137450 ], [ 4566950, 3137450 ], [ 4564850, 3137550 ], [ 4565650, 3137550 ], [ 4565750, 3137550 ], [ 4566050, 3137550 ], [ 4566250, 3137550 ], [ 4566850, 3137550 ], [ 4566950, 3137550 ], [ 4567050, 3137550 ], [ 4567250, 3137550 ], [ 4567550, 3137550 ], [ 4567650, 3137550 ], [ 4567850, 3137550 ], [ 4567950, 3137550 ], [ 4566050, 3137650 ], [ 4566850, 3137650 ], [ 4566950, 3137650 ], [ 4567050, 3137650 ], [ 4567150, 3137650 ], [ 4567250, 3137650 ], [ 4567550, 3137650 ], [ 4566050, 3137750 ], [ 4566950, 3137750 ], [ 4567050, 3137750 ], [ 4567150, 3137750 ], [ 4567250, 3137750 ], [ 4567350, 3137750 ], [ 4567550, 3137750 ], [ 4567150, 3137850 ], [ 4567250, 3137850 ], [ 4567350, 3137850 ], [ 4568250, 3138050 ], [ 4568750, 3138050 ], [ 4568750, 3138150 ], [ 4568750, 3138250 ], [ 4567450, 3138350 ], [ 4567450, 3138450 ], [ 4567450, 3138550 ] ] }, "geometry": { "type": "Polygon", "coordinates": [ [ [ 4564950.0, 3137450.0 ], [ 4564850.0, 3137550.0 ], [ 4565650.0, 3137550.0 ], [ 4565750.0, 3137550.0 ], [ 4565850.0, 3137450.0 ], [ 4566050.0, 3137550.0 ], [ 4566050.0, 3137650.0 ], [ 4566050.0, 3137750.0 ], [ 4566250.0, 3137550.0 ], [ 4566850.0, 3137550.0 ], [ 4566850.0, 3137650.0 ], [ 4566950.0, 3137650.0 ], [ 4566950.0, 3137750.0 ], [ 4567050.0, 3137750.0 ], [ 4567150.0, 3137750.0 ], [ 4567150.0, 3137850.0 ], [ 4567250.0, 3137850.0 ], [ 4567350.0, 3137850.0 ], [ 4567450.0, 3138350.0 ], [ 4567450.0, 3138450.0 ], [ 4567450.0, 3138550.0 ], [ 4568250.0, 3138050.0 ], [ 4568750.0, 3138250.0 ], [ 4568750.0, 3138150.0 ], [ 4568750.0, 3138050.0 ], [ 4568650.0, 3136750.0 ], [ 4568550.0, 3136550.0 ], [ 4568550.0, 3136450.0 ], [ 4568550.0, 3136350.0 ], [ 4568550.0, 3136250.0 ], [ 4568450.0, 3136250.0 ], [ 4568450.0, 3136150.0 ], [ 4568350.0, 3136350.0 ], [ 4568250.0, 3136350.0 ], [ 4568150.0, 3136350.0 ], [ 4568050.0, 3136350.0 ], [ 4567950.0, 3136350.0 ], [ 4567850.0, 3136150.0 ], [ 4567750.0, 3136350.0 ], [ 4567650.0, 3136350.0 ], [ 4567650.0, 3136250.0 ], [ 4567550.0, 3136150.0 ], [ 4567350.0, 3136250.0 ], [ 4567250.0, 3136050.0 ], [ 4567250.0, 3135850.0 ], [ 4566850.0, 3136450.0 ], [ 4566650.0, 3136150.0 ], [ 4566550.0, 3136150.0 ], [ 4566250.0, 3136150.0 ], [ 4566850.0, 3136850.0 ], [ 4566950.0, 3136850.0 ], [ 4566950.0, 3136950.0 ], [ 4566950.0, 3137050.0 ], [ 4566850.0, 3137250.0 ], [ 4566850.0, 3137350.0 ], [ 4566550.0, 3137350.0 ], [ 4566150.0, 3137450.0 ], [ 4566050.0, 3137350.0 ], [ 4565950.0, 3137350.0 ], [ 4565750.0, 3137250.0 ], [ 4565750.0, 3137450.0 ], [ 4565650.0, 3137450.0 ], [ 4565350.0, 3137450.0 ], [ 4565050.0, 3137350.0 ], [ 4564950.0, 3137350.0 ], [ 4564950.0, 3137450.0 ] ] ] } },
{ "type": "Feature", "properties": { "ID": "Klipphausen_146270100_c4", "GEN": "Klipphausen", "ARS": "146270100", "LAN": "Sachsen", "area": 0.025, "centroid": "POINT (4566976.666667 3117896.666667)", "DH_demand": 175.55411379375738, "total_demand_cells": 673.99471282958984, "total_demand_area": 795.560791015625, "share_DH": 25.373368679694792, "heat_density_DH": 7.0221645517502962, "heat_density": 31.822431640625005, "DH_supplied_households": 23.0, "DH_cells": [ [ 4566850, 3117850 ], [ 4566950, 3117850 ], [ 4567150, 3117850 ], [ 4566850, 3117950 ], [ 4566950, 3117950 ], [ 4567050, 3117950 ] ] }, "geometry": { "type": "Polygon", "coordinates": [ [ [ 4566950.0, 3117850.0 ], [ 4566850.0, 3117850.0 ], [ 4566850.0, 3117950.0 ], [ 4566950.0, 3117950.0 ], [ 4567050.0, 3117950.0 ], [ 4567150.0, 3117850.0 ], [ 4566950.0, 3117850.0 ] ] ] } },
{ "type": "Feature", "properties": { "ID": "Lommatzsch_146270130_c0", "GEN": "Lommatzsch", "ARS": "146270130", "LAN": "Sachsen", "area": 0.125, "centroid": "POINT (4552246 3126023.333333)", "DH_demand": 466.29423927900604, "total_demand_cells": 2060.8300857543945, "total_demand_area": 7394.02001953125, "share_DH": 7.251367536533154, "heat_density_DH": 3.7303539142320483, "heat_density": 59.152160156249998, "DH_supplied_households": 31.0, "DH_cells": [ [ 4552650, 3125650 ], [ 4552750, 3125650 ], [ 4552550, 3125750 ], [ 4552450, 3125850 ], [ 4552550, 3125950 ], [ 4552050, 3126050 ], [ 4552150, 3126050 ], [ 4552450, 3126050 ], [ 4551850, 3126150 ], [ 4552150, 3126350 ] ] }, "geometry": { "type": "Polygon", "coordinates": [ [ [ 4552050.0, 3126050.0 ], [ 4551850.0, 3126150.0 ], [ 4552150.0, 3126350.0 ], [ 4552150.0, 3126050.0 ], [ 4552450.0, 3126050.0 ], [ 4552550.0, 3125950.0 ], [ 4552450.0, 3125850.0 ], [ 4552550.0, 3125750.0 ], [ 4552750.0, 3125650.0 ], [ 4552650.0, 3125650.0 ], [ 4552050.0, 3126050.0 ] ] ] } },
{ "type": "Feature", "properties": { "ID": "Meißen_146270140_c0", "GEN": "Meißen", "ARS": "146270140", "LAN": "Sachsen", "area": 6.04, "centroid": "POINT (4564202.842163 3122515.976821)", "DH_demand": 32543.927784998657, "total_demand_cells": 65976.422190666199, "total_demand_area": 145915.453125, "share_DH": 25.645381817102813, "heat_density_DH": 5.3880675140726257, "heat_density": 24.158187603476822, "DH_supplied_households": 6707.0, "DH_cells": [ [ 4562950, 3120050 ], [ 4563050, 3120050 ], [ 4562950, 3120150 ], [ 4563050, 3120150 ], [ 4562950, 3120250 ], [ 4563050, 3120250 ], [ 4562950, 3120350 ], [ 4563050, 3120350 ], [ 4563150, 3120350 ], [ 4562950, 3120450 ], [ 4563050, 3120450 ], [ 4563150, 3120450 ], [ 4562950, 3120550 ], [ 4563050, 3120550 ], [ 4563150, 3120550 ], [ 4562950, 3120650 ], [ 4563050, 3120650 ], [ 4563150, 3120650 ], [ 4563050, 3120750 ], [ 4563150, 3120750 ], [ 4562950, 3120850 ], [ 4562850, 3121250 ], [ 4562950, 3121250 ], [ 4563050, 3121250 ], [ 4565350, 3121250 ], [ 4562850, 3121350 ], [ 4562950, 3121350 ], [ 4563150, 3121350 ], [ 4565650, 3121350 ], [ 4562850, 3121450 ], [ 4562950, 3121450 ], [ 4562850, 3121550 ], [ 4562950, 3121550 ], [ 4563050, 3121550 ], [ 4563250, 3121550 ], [ 4563350, 3121550 ], [ 4564050, 3121550 ], [ 4564150, 3121550 ], [ 4562950, 3121650 ], [ 4563050, 3121650 ], [ 4563150, 3121650 ], [ 4563350, 3121650 ], [ 4564050, 3121650 ], [ 4564150, 3121650 ], [ 4564950, 3121650 ], [ 4565850, 3121650 ], [ 4564150, 3121750 ], [ 4564650, 3121750 ], [ 4564750, 3121750 ], [ 4565350, 3121750 ], [ 4565850, 3121750 ], [ 4565950, 3121750 ], [ 4566650, 3121750 ], [ 4562550, 3121850 ], [ 4562650, 3121850 ], [ 4562850, 3121850 ], [ 4563550, 3121850 ], [ 4564650, 3121850 ], [ 4564750, 3121850 ], [ 4564850, 3121850 ], [ 4566350, 3121850 ], [ 4562450, 3121950 ], [ 4563450, 3121950 ], [ 4563550, 3121950 ], [ 4563650, 3121950 ], [ 4564550, 3121950 ], [ 4564650, 3121950 ], [ 4564750, 3121950 ], [ 4564850, 3121950 ], [ 4564950, 3121950 ], [ 4566350, 3121950 ], [ 4562250, 3122050 ], [ 4562650, 3122050 ], [ 4562850, 3122050 ], [ 4563150, 3122050 ], [ 4563250, 3122050 ], [ 4563650, 3122050 ], [ 4564750, 3122050 ], [ 4564850, 3122050 ], [ 4564950, 3122050 ], [ 4566250, 3122050 ], [ 4562250, 3122150 ], [ 4563550, 3122150 ], [ 4563650, 3122150 ], [ 4563750, 3122150 ], [ 4564650, 3122150 ], [ 4564750, 3122150 ], [ 4564850, 3122150 ], [ 4565350, 3122150 ], [ 4566150, 3122150 ], [ 4563550, 3122250 ], [ 4563650, 3122250 ], [ 4563750, 3122250 ], [ 4564150, 3122250 ], [ 4564650, 3122250 ], [ 4564750, 3122250 ], [ 4564850, 3122250 ], [ 4565150, 3122250 ], [ 4565250, 3122250 ], [ 4565350, 3122250 ], [ 4565450, 3122250 ], [ 4562650, 3122350 ], [ 4562750, 3122350 ], [ 4563050, 3122350 ], [ 4563350, 3122350 ], [ 4563650, 3122350 ], [ 4563750, 3122350 ], [ 4563850, 3122350 ], [ 4564650, 3122350 ], [ 4564750, 3122350 ], [ 4564850, 3122350 ], [ 4564950, 3122350 ], [ 4565050, 3122350 ], [ 4565150, 3122350 ], [ 4565250, 3122350 ], [ 4565350, 3122350 ], [ 4565450, 3122350 ], [ 4562250, 3122450 ], [ 4562650, 3122450 ], [ 4562850, 3122450 ], [ 4563650, 3122450 ], [ 4563850, 3122450 ], [ 4563950, 3122450 ], [ 4564050, 3122450 ], [ 4564550, 3122450 ], [ 4564650, 3122450 ], [ 4564750, 3122450 ], [ 4564850, 3122450 ], [ 4564950, 3122450 ], [ 4565050, 3122450 ], [ 4562650, 3122550 ], [ 4563650, 3122550 ], [ 4563750, 3122550 ], [ 4563950, 3122550 ], [ 4564050, 3122550 ], [ 4564450, 3122550 ], [ 4564550, 3122550 ], [ 4564650, 3122550 ], [ 4564750, 3122550 ], [ 4562050, 3122650 ], [ 4562150, 3122650 ], [ 4563250, 3122650 ], [ 4563650, 3122650 ], [ 4563750, 3122650 ], [ 4563850, 3122650 ], [ 4564750, 3122650 ], [ 4564850, 3122650 ], [ 4562650, 3122750 ], [ 4563350, 3122750 ], [ 4563650, 3122750 ], [ 4563750, 3122750 ], [ 4563850, 3122750 ], [ 4562050, 3122850 ], [ 4562150, 3122850 ], [ 4563250, 3122850 ], [ 4563350, 3122850 ], [ 4563650, 3122850 ], [ 4563750, 3122850 ], [ 4563850, 3122850 ], [ 4564150, 3122850 ], [ 4564550, 3122850 ], [ 4563550, 3122950 ], [ 4563650, 3122950 ], [ 4564150, 3122950 ], [ 4564550, 3122950 ], [ 4564650, 3122950 ], [ 4564750, 3122950 ], [ 4563550, 3123050 ], [ 4563850, 3123050 ], [ 4564150, 3123050 ], [ 4564250, 3123050 ], [ 4564350, 3123050 ], [ 4564450, 3123050 ], [ 4564550, 3123050 ], [ 4564850, 3123050 ], [ 4564250, 3123150 ], [ 4564350, 3123150 ], [ 4564450, 3123150 ], [ 4564550, 3123150 ], [ 4564650, 3123150 ], [ 4564750, 3123150 ], [ 4564850, 3123150 ], [ 4565150, 3123150 ], [ 4565250, 3123150 ], [ 4565350, 3123150 ], [ 4565550, 3123150 ], [ 4565650, 3123150 ], [ 4564150, 3123250 ], [ 4564250, 3123250 ], [ 4564350, 3123250 ], [ 4564450, 3123250 ], [ 4564550, 3123250 ], [ 4564650, 3123250 ], [ 4564750, 3123250 ], [ 4564850, 3123250 ], [ 4564950, 3123250 ], [ 4566550, 3123250 ], [ 4566650, 3123250 ], [ 4563550, 3123350 ], [ 4564050, 3123350 ], [ 4564150, 3123350 ], [ 4564250, 3123350 ], [ 4564350, 3123350 ], [ 4564750, 3123350 ], [ 4564850, 3123350 ], [ 4565250, 3123350 ], [ 4565350, 3123350 ], [ 4565850, 3123350 ], [ 4565950, 3123350 ], [ 4566050, 3123350 ], [ 4566450, 3123350 ], [ 4566550, 3123350 ], [ 4566650, 3123350 ], [ 4563050, 3123450 ], [ 4564150, 3123450 ], [ 4564250, 3123450 ], [ 4564750, 3123450 ], [ 4565250, 3123450 ], [ 4565850, 3123450 ], [ 4565950, 3123450 ], [ 4566650, 3123450 ], [ 4564750, 3123550 ], [ 4564850, 3123550 ], [ 4564950, 3123550 ], [ 4565850, 3123550 ], [ 4565950, 3123550 ], [ 4565050, 3123650 ], [ 4565850, 3123650 ], [ 4565950, 3123650 ], [ 4564950, 3123750 ], [ 4565150, 3123750 ], [ 4565750, 3123750 ], [ 4565150, 3123850 ], [ 4565250, 3123850 ], [ 4565750, 3123850 ], [ 4565150, 3123950 ], [ 4565250, 3124050 ], [ 4565050, 3124150 ], [ 4565150, 3124150 ], [ 4565250, 3124150 ], [ 4565350, 3124150 ], [ 4565450, 3124150 ], [ 4565050, 3124250 ], [ 4565150, 3124250 ], [ 4565250, 3124250 ], [ 4565350, 3124250 ], [ 4565450, 3124250 ], [ 4565150, 3124350 ], [ 4565250, 3124350 ], [ 4565050, 3124450 ], [ 4565150, 3124450 ], [ 4565650, 3124450 ] ] }, "geometry": { "type": "Polygon", "coordinates": [ [ [ 4562250.0, 3122150.0 ], [ 4562250.0, 3122450.0 ], [ 4562150.0, 3122650.0 ], [ 4562050.0, 3122650.0 ], [ 4562050.0, 3122850.0 ], [ 4562150.0, 3122850.0 ], [ 4562650.0, 3122750.0 ], [ 4563050.0, 3123450.0 ], [ 4563550.0, 3123350.0 ], [ 4564050.0, 3123350.0 ], [ 4564150.0, 3123350.0 ], [ 4564150.0, 3123450.0 ], [ 4564250.0, 3123450.0 ], [ 4564250.0, 3123350.0 ], [ 4564350.0, 3123350.0 ], [ 4564350.0, 3123250.0 ], [ 4564450.0, 3123250.0 ], [ 4564550.0, 3123250.0 ], [ 4564650.0, 3123250.0 ], [ 4564750.0, 3123250.0 ], [ 4564750.0, 3123350.0 ], [ 4564750.0, 3123450.0 ], [ 4564750.0, 3123550.0 ], [ 4564850.0, 3123550.0 ], [ 4564950.0, 3123550.0 ], [ 4565050.0, 3123650.0 ], [ 4564950.0, 3123750.0 ], [ 4565150.0, 3123750.0 ], [ 4565150.0, 3123850.0 ], [ 4565150.0, 3123950.0 ], [ 4565250.0, 3124050.0 ], [ 4565250.0, 3124150.0 ], [ 4565150.0, 3124150.0 ], [ 4565050.0, 3124150.0 ], [ 4565050.0, 3124250.0 ], [ 4565050.0, 3124450.0 ], [ 4565150.0, 3124450.0 ], [ 4565150.0, 3124350.0 ], [ 4565250.0, 3124350.0 ], [ 4565250.0, 3124250.0 ], [ 4565350.0, 3124250.0 ], [ 4565450.0, 3124250.0 ], [ 4565650.0, 3124450.0 ], [ 4565750.0, 3123850.0 ], [ 4565750.0, 3123750.0 ], [ 4565850.0, 3123650.0 ], [ 4565950.0, 3123650.0 ], [ 4565950.0, 3123550.0 ], [ 4565950.0, 3123450.0 ], [ 4566050.0, 3123350.0 ], [ 4566450.0, 3123350.0 ], [ 4566550.0, 3123350.0 ], [ 4566650.0, 3123450.0 ], [ 4566650.0, 3123350.0 ], [ 4566650.0, 3123250.0 ], [ 4566550.0, 3123250.0 ], [ 4565950.0, 3123350.0 ], [ 4565850.0, 3123350.0 ], [ 4565650.0, 3123150.0 ], [ 4565550.0, 3123150.0 ], [ 4565350.0, 3123150.0 ], [ 4565250.0, 3123150.0 ], [ 4565150.0, 3123150.0 ], [ 4564950.0, 3123250.0 ], [ 4564850.0, 3123250.0 ], [ 4564850.0, 3123150.0 ], [ 4564850.0, 3123050.0 ], [ 4564750.0, 3122950.0 ], [ 4564750.0, 3122650.0 ], [ 4564850.0, 3122650.0 ], [ 4564850.0, 3122450.0 ], [ 4564950.0, 3122450.0 ], [ 4565050.0, 3122450.0 ], [ 4565050.0, 3122350.0 ], [ 4565150.0, 3122350.0 ], [ 4565250.0, 3122350.0 ], [ 4565350.0, 3122350.0 ], [ 4565450.0, 3122350.0 ], [ 4565450.0, 3122250.0 ], [ 4566150.0, 3122150.0 ], [ 4566250.0, 3122050.0 ], [ 4566350.0, 3121950.0 ], [ 4566350.0, 3121850.0 ], [ 4566650.0, 3121750.0 ], [ 4565950.0, 3121750.0 ], [ 4565850.0, 3121750.0 ], [ 4565850.0, 3121650.0 ], [ 4565650.0, 3121350.0 ], [ 4565350.0, 3121250.0 ], [ 4564950.0, 3121650.0 ], [ 4564850.0, 3121850.0 ], [ 4564750.0, 3121850.0 ], [ 4564750.0, 3121750.0 ], [ 4564650.0, 3121750.0 ], [ 4564650.0, 3121850.0 ], [ 4564650.0, 3121950.0 ], [ 4564550.0, 3121950.0 ], [ 4564150.0, 3121750.0 ], [ 4564150.0, 3121650.0 ], [ 4564150.0, 3121550.0 ], [ 4564050.0, 3121550.0 ], [ 4564050.0, 3121650.0 ], [ 4563650.0, 3121950.0 ], [ 4563550.0, 3121950.0 ], [ 4563550.0, 3121850.0 ], [ 4563350.0, 3121650.0 ], [ 4563350.0, 3121550.0 ], [ 4563250.0, 3121550.0 ], [ 4563150.0, 3121350.0 ], [ 4563050.0, 3121250.0 ], [ 4563150.0, 3120750.0 ], [ 4563150.0, 3120650.0 ], [ 4563150.0, 3120550.0 ], [ 4563150.0, 3120450.0 ], [ 4563150.0, 3120350.0 ], [ 4563050.0, 3120350.0 ], [ 4563050.0, 3120250.0 ], [ 4563050.0, 3120150.0 ], [ 4563050.0, 3120050.0 ], [ 4562950.0, 3120050.0 ], [ 4562950.0, 3120150.0 ], [ 4562950.0, 3120250.0 ], [ 4562950.0, 3120350.0 ], [ 4562950.0, 3120450.0 ], [ 4562950.0, 3120550.0 ], [ 4562950.0, 3120650.0 ], [ 4563050.0, 3120650.0 ], [ 4563050.0, 3120750.0 ], [ 4562950.0, 3120850.0 ], [ 4562950.0, 3121250.0 ], [ 4562850.0, 3121250.0 ], [ 4562850.0, 3121350.0 ], [ 4562850.0, 3121450.0 ], [ 4562850.0, 3121550.0 ], [ 4562950.0, 3121550.0 ], [ 4562950.0, 3121650.0 ], [ 4562850.0, 3121850.0 ], [ 4562650.0, 3121850.0 ], [ 4562550.0, 3121850.0 ], [ 4562450.0, 3121950.0 ], [ 4562250.0, 3122050.0 ], [ 4562250.0, 3122150.0 ] ] ] } },
{ "type": "Feature", "properties": { "ID": "Moritzburg_146270150_c0", "GEN": "Moritzburg", "ARS": "146270150", "LAN": "Sachsen", "area": 0.165, "centroid": "POINT (4580010.606061 3118400.505051)", "DH_demand": 441.54980409927072, "total_demand_cells": 1919.4155502319336, "total_demand_area": 4801.658203125, "share_DH": 10.573747711823907, "heat_density_DH": 2.6760594187834594, "heat_density": 29.100958806818188, "DH_supplied_households": 37.0, "DH_cells": [ [ 4579850, 3118050 ], [ 4579850, 3118250 ], [ 4580250, 3118350 ], [ 4580250, 3118450 ], [ 4580350, 3118450 ], [ 4580450, 3118450 ], [ 4580050, 3118550 ], [ 4579850, 3118650 ], [ 4579850, 3118750 ], [ 4579750, 3118850 ] ] }, "geometry": { "type": "Polygon", "coordinates": [ [ [ 4579850.0, 3118250.0 ], [ 4579850.0, 3118650.0 ], [ 4579750.0, 3118850.0 ], [ 4579850.0, 3118750.0 ], [ 4580050.0, 3118550.0 ], [ 4580250.0, 3118450.0 ], [ 4580350.0, 3118450.0 ], [ 4580450.0, 3118450.0 ], [ 4580250.0, 3118350.0 ], [ 4579850.0, 3118050.0 ], [ 4579850.0, 3118250.0 ] ] ] } },
{ "type": "Feature", "properties": { "ID": "Moritzburg_146270150_c1", "GEN": "Moritzburg", "ARS": "146270150", "LAN": "Sachsen", "area": 0.265, "centroid": "POINT (4578170.125786 3122747.484277)", "DH_demand": 378.32179883224046, "total_demand_cells": 1880.4089965820312, "total_demand_area": 5822.0, "share_DH": 7.4718759814559954, "heat_density_DH": 1.4276294295556244, "heat_density": 21.969811320754715, "DH_supplied_households": 40.0, "DH_cells": [ [ 4578150, 3122150 ], [ 4577950, 3122450 ], [ 4578350, 3122550 ], [ 4578350, 3122850 ], [ 4578150, 3122950 ], [ 4578250, 3122950 ], [ 4578150, 3123050 ], [ 4578250, 3123150 ], [ 4578050, 3123250 ], [ 4578050, 3123350 ], [ 4578250, 3123350 ], [ 4578050, 3123450 ] ] }, "geometry": { "type": "Polygon", "coordinates": [ [ [ 4577950.0, 3122450.0 ], [ 4578150.0, 3122950.0 ], [ 4578150.0, 3123050.0 ], [ 4578050.0, 3123250.0 ], [ 4578050.0, 3123350.0 ], [ 4578050.0, 3123450.0 ], [ 4578250.0, 3123350.0 ], [ 4578250.0, 3123150.0 ], [ 4578250.0, 3122950.0 ], [ 4578350.0, 3122850.0 ], [ 4578350.0, 3122550.0 ], [ 4578150.0, 3122150.0 ], [ 4577950.0, 3122450.0 ] ] ] } },
{ "type": "Feature", "properties": { "ID": "Nossen_146270180_c0", "GEN": "Nossen", "ARS": "146270180", "LAN": "Sachsen", "area": 0.465, "centroid": "POINT (4552066.845878 3109998.387097)", "DH_demand": 418.24724019435808, "total_demand_cells": 1559.5836855769157, "total_demand_area": 11010.3046875, "share_DH": 4.3679155853393841, "heat_density_DH": 0.89945643052550139, "heat_density": 23.678074596774195, "DH_supplied_households": 72.0, "DH_cells": [ [ 4552250, 3109250 ], [ 4551850, 3109550 ], [ 4551950, 3109650 ], [ 4551750, 3110150 ], [ 4551750, 3110250 ], [ 4551850, 3110350 ], [ 4551950, 3110350 ], [ 4552250, 3110450 ], [ 4552250, 3110850 ] ] }, "geometry": { "type": "Polygon", "coordinates": [ [ [ 4551950.0, 3109650.0 ], [ 4551750.0, 3110150.0 ], [ 4551750.0, 3110250.0 ], [ 4551850.0, 3110350.0 ], [ 4551950.0, 3110350.0 ], [ 4552250.0, 3110850.0 ], [ 4552250.0, 3110450.0 ], [ 4552250.0, 3109250.0 ], [ 4551850.0, 3109550.0 ], [ 4551950.0, 3109650.0 ] ] ] } },
{ "type": "Feature", "properties": { "ID": "Radebeul_146270210_c0", "GEN": "Radebeul", "ARS": "146270210", "LAN": "Sachsen", "area": 5.64, "centroid": "POINT (4576949.763593 3117002.009456)", "DH_demand": 5277.0786688789576, "total_demand_cells": 21868.995403289795, "total_demand_area": 137932.5, "share_DH": 4.3991366305525368, "heat_density_DH": 0.93565224625513432, "heat_density": 24.456117021276597, "DH_supplied_households": 454.0, "DH_cells": [ [ 4579450, 3115450 ], [ 4578850, 3115650 ], [ 4578950, 3115650 ], [ 4577150, 3115750 ], [ 4578750, 3115750 ], [ 4577150, 3115850 ], [ 4578950, 3115850 ], [ 4578050, 3115950 ], [ 4578450, 3115950 ], [ 4578150, 3116050 ], [ 4577550, 3116150 ], [ 4579050, 3116150 ], [ 4576350, 3116250 ], [ 4577550, 3116550 ], [ 4578750, 3116550 ], [ 4574650, 3116650 ], [ 4575050, 3116650 ], [ 4575650, 3116650 ], [ 4576050, 3116650 ], [ 4577350, 3116650 ], [ 4578150, 3116650 ], [ 4578450, 3116650 ], [ 4578550, 3116650 ], [ 4575250, 3116750 ], [ 4575350, 3116750 ], [ 4575550, 3116750 ], [ 4577050, 3116750 ], [ 4577250, 3116750 ], [ 4578250, 3116750 ], [ 4578350, 3116750 ], [ 4578650, 3116750 ], [ 4575050, 3116850 ], [ 4575950, 3116850 ], [ 4576150, 3116850 ], [ 4577050, 3116850 ], [ 4577550, 3116850 ], [ 4578650, 3116850 ], [ 4579050, 3116850 ], [ 4579150, 3116850 ], [ 4579350, 3116850 ], [ 4575650, 3116950 ], [ 4577050, 3116950 ], [ 4577250, 3116950 ], [ 4577350, 3116950 ], [ 4578350, 3116950 ], [ 4578450, 3116950 ], [ 4578550, 3116950 ], [ 4579350, 3116950 ], [ 4579450, 3116950 ], [ 4575450, 3117050 ], [ 4577650, 3117050 ], [ 4578650, 3117050 ], [ 4579350, 3117050 ], [ 4575850, 3117150 ], [ 4576450, 3117150 ], [ 4576950, 3117150 ], [ 4576250, 3117250 ], [ 4576350, 3117250 ], [ 4576650, 3117250 ], [ 4577450, 3117250 ], [ 4578250, 3117250 ], [ 4575550, 3117350 ], [ 4575750, 3117350 ], [ 4577150, 3117350 ], [ 4577650, 3117350 ], [ 4577850, 3117350 ], [ 4578150, 3117350 ], [ 4578750, 3117350 ], [ 4575250, 3117450 ], [ 4576050, 3117450 ], [ 4577650, 3117450 ], [ 4574650, 3117550 ], [ 4575450, 3117550 ], [ 4576350, 3117550 ], [ 4578150, 3117550 ], [ 4574850, 3117650 ], [ 4575850, 3117650 ], [ 4576350, 3117650 ], [ 4577450, 3117650 ], [ 4575450, 3117850 ], [ 4575850, 3118050 ], [ 4576650, 3118050 ], [ 4575050, 3118350 ], [ 4575150, 3118450 ], [ 4575450, 3118450 ], [ 4575250, 3118650 ], [ 4575050, 3118850 ], [ 4575150, 3118850 ], [ 4575250, 3118850 ], [ 4575850, 3118850 ], [ 4575250, 3119050 ], [ 4575650, 3119150 ] ] }, "geometry": { "type": "Polygon", "coordinates": [ [ [ 4577150.0, 3115850.0 ], [ 4576350.0, 3116250.0 ], [ 4576050.0, 3116650.0 ], [ 4575950.0, 3116850.0 ], [ 4575650.0, 3116650.0 ], [ 4575550.0, 3116750.0 ], [ 4575050.0, 3116650.0 ], [ 4574650.0, 3116650.0 ], [ 4575050.0, 3116850.0 ], [ 4575250.0, 3116750.0 ], [ 4575350.0, 3116750.0 ], [ 4575650.0, 3116950.0 ], [ 4575450.0, 3117050.0 ], [ 4575550.0, 3117350.0 ], [ 4575450.0, 3117550.0 ], [ 4575250.0, 3117450.0 ], [ 4574850.0, 3117650.0 ], [ 4574650.0, 3117550.0 ], [ 4575050.0, 3118350.0 ], [ 4575150.0, 3118450.0 ], [ 4575250.0, 3118650.0 ], [ 4575050.0, 3118850.0 ], [ 4575150.0, 3118850.0 ], [ 4575250.0, 3118850.0 ], [ 4575250.0, 3119050.0 ], [ 4575650.0, 3119150.0 ], [ 4575850.0, 3118850.0 ], [ 4575450.0, 3118450.0 ], [ 4575850.0, 3118050.0 ], [ 4575850.0, 3117650.0 ], [ 4576050.0, 3117450.0 ], [ 4576350.0, 3117550.0 ], [ 4576350.0, 3117650.0 ], [ 4576650.0, 3118050.0 ], [ 4576650.0, 3117250.0 ], [ 4576950.0, 3117150.0 ], [ 4577150.0, 3117350.0 ], [ 4577450.0, 3117650.0 ], [ 4577650.0, 3117450.0 ], [ 4577650.0, 3117350.0 ], [ 4577850.0, 3117350.0 ], [ 4578150.0, 3117550.0 ], [ 4578150.0, 3117350.0 ], [ 4578250.0, 3117250.0 ], [ 4578350.0, 3116950.0 ], [ 4578450.0, 3116950.0 ], [ 4578750.0, 3117350.0 ], [ 4578650.0, 3117050.0 ], [ 4578550.0, 3116950.0 ], [ 4578650.0, 3116850.0 ], [ 4579050.0, 3116850.0 ], [ 4579150.0, 3116850.0 ], [ 4579350.0, 3117050.0 ], [ 4579350.0, 3116950.0 ], [ 4579450.0, 3116950.0 ], [ 4579350.0, 3116850.0 ], [ 4578750.0, 3116550.0 ], [ 4579050.0, 3116150.0 ], [ 4579450.0, 3115450.0 ], [ 4578950.0, 3115650.0 ], [ 4578850.0, 3115650.0 ], [ 4578750.0, 3115750.0 ], [ 4578450.0, 3115950.0 ], [ 4578150.0, 3116050.0 ], [ 4578050.0, 3115950.0 ], [ 4577550.0, 3116150.0 ], [ 4577150.0, 3115750.0 ], [ 4577150.0, 3115850.0 ] ] ] } },
{ "type": "Feature", "properties": { "ID": "Radeburg_146270220_c0", "GEN": "Radeburg", "ARS": "146270220", "LAN": "Sachsen", "area": 0.065, "centroid": "POINT (4584457.692308 3127624.358974)", "DH_demand": 356.15260335927121, "total_demand_cells": 616.69553828239441, "total_demand_area": 1809.7322998046875, "share_DH": 22.628839156646706, "heat_density_DH": 5.4792708209118643, "heat_density": 27.842035381610575, "DH_supplied_households": 30.0, "DH_cells": [ [ 4584350, 3127150 ], [ 4584550, 3127650 ], [ 4584550, 3127750 ], [ 4584450, 3127950 ], [ 4584450, 3128050 ] ] }, "geometry": { "type": "Polygon", "coordinates": [ [ [ 4584350.0, 3127150.0 ], [ 4584450.0, 3127950.0 ], [ 4584450.0, 3128050.0 ], [ 4584550.0, 3127750.0 ], [ 4584550.0, 3127650.0 ], [ 4584350.0, 3127150.0 ] ] ] } },
{ "type": "Feature", "properties": { "ID": "Radeburg_146270220_c1", "GEN": "Radeburg", "ARS": "146270220", "LAN": "Sachsen", "area": 0.095, "centroid": "POINT (4581276.315789 3128588.596491)", "DH_demand": 233.86210676343927, "total_demand_cells": 601.89759826660156, "total_demand_area": 2075.531982421875, "share_DH": 12.955999356698431, "heat_density_DH": 2.4617063869835714, "heat_density": 21.847705078124999, "DH_supplied_households": 27.0, "DH_cells": [ [ 4580950, 3128450 ], [ 4581150, 3128450 ], [ 4581350, 3128450 ], [ 4581450, 3128550 ], [ 4581450, 3128850 ] ] }, "geometry": { "type": "Polygon", "coordinates": [ [ [ 4581150.0, 3128450.0 ], [ 4580950.0, 3128450.0 ], [ 4581450.0, 3128850.0 ], [ 4581450.0, 3128550.0 ], [ 4581350.0, 3128450.0 ], [ 4581150.0, 3128450.0 ] ] ] } },
{ "type": "Feature", "properties": { "ID": "Radeburg_146270220_c2", "GEN": "Radeburg", "ARS": "146270220", "LAN": "Sachsen", "area": 0.115, "centroid": "POINT (4580741.304348 3129477.536232)", "DH_demand": 306.21960064011779, "total_demand_cells": 1206.3504247665405, "total_demand_area": 6721.43603515625, "share_DH": 5.2385537667670512, "heat_density_DH": 2.6627791360010247, "heat_density": 58.447269870923918, "DH_supplied_households": 19.0, "DH_cells": [ [ 4581050, 3129350 ], [ 4580250, 3129450 ], [ 4580350, 3129450 ], [ 4580950, 3129450 ], [ 4581250, 3129450 ], [ 4580750, 3129650 ] ] }, "geometry": { "type": "Polygon", "coordinates": [ [ [ 4580350.0, 3129450.0 ], [ 4580250.0, 3129450.0 ], [ 4580750.0, 3129650.0 ], [ 4580950.0, 3129450.0 ], [ 4581250.0, 3129450.0 ], [ 4581050.0, 3129350.0 ], [ 4580350.0, 3129450.0 ] ] ] } },
{ "type": "Feature", "properties": { "ID": "Riesa_146270230_c0", "GEN": "Riesa", "ARS": "146270230", "LAN": "Sachsen", "area": 7.405, "centroid": "POINT (4549404.445195 3138150.33761)", "DH_demand": 55745.518082720155, "total_demand_cells": 92797.85139632225, "total_demand_area": 183924.796875, "share_DH": 34.850592090795814, "heat_density_DH": 7.5280915709277734, "heat_density": 24.837919902093184, "DH_supplied_households": 8758.0, "DH_cells": [ [ 4550150, 3136050 ], [ 4550250, 3136350 ], [ 4550750, 3136350 ], [ 4550850, 3136350 ], [ 4550850, 3136450 ], [ 4550950, 3136450 ], [ 4550850, 3136550 ], [ 4550950, 3136550 ], [ 4551050, 3136550 ], [ 4551150, 3136550 ], [ 4550950, 3136650 ], [ 4551050, 3136650 ], [ 4551150, 3136650 ], [ 4551250, 3136650 ], [ 4550950, 3136750 ], [ 4551150, 3136750 ], [ 4551250, 3136750 ], [ 4551750, 3136750 ], [ 4551850, 3136750 ], [ 4550950, 3136850 ], [ 4551250, 3136850 ], [ 4551650, 3136850 ], [ 4551750, 3136850 ], [ 4551950, 3136850 ], [ 4551150, 3136950 ], [ 4551250, 3136950 ], [ 4551450, 3136950 ], [ 4551550, 3136950 ], [ 4551650, 3136950 ], [ 4552350, 3136950 ], [ 4547250, 3137050 ], [ 4551450, 3137050 ], [ 4551550, 3137050 ], [ 4551650, 3137050 ], [ 4551950, 3137050 ], [ 4552050, 3137050 ], [ 4547750, 3137150 ], [ 4548350, 3137150 ], [ 4548450, 3137150 ], [ 4551250, 3137150 ], [ 4551350, 3137150 ], [ 4551450, 3137150 ], [ 4551550, 3137150 ], [ 4551850, 3137150 ], [ 4551950, 3137150 ], [ 4547850, 3137250 ], [ 4547950, 3137250 ], [ 4548050, 3137250 ], [ 4548350, 3137250 ], [ 4548450, 3137250 ], [ 4548650, 3137250 ], [ 4548750, 3137250 ], [ 4551250, 3137250 ], [ 4551350, 3137250 ], [ 4551450, 3137250 ], [ 4551550, 3137250 ], [ 4551650, 3137250 ], [ 4551850, 3137250 ], [ 4552350, 3137250 ], [ 4547750, 3137350 ], [ 4547850, 3137350 ], [ 4547950, 3137350 ], [ 4548050, 3137350 ], [ 4548150, 3137350 ], [ 4548250, 3137350 ], [ 4548350, 3137350 ], [ 4548450, 3137350 ], [ 4548550, 3137350 ], [ 4548650, 3137350 ], [ 4548750, 3137350 ], [ 4551350, 3137350 ], [ 4551450, 3137350 ], [ 4551550, 3137350 ], [ 4551650, 3137350 ], [ 4551850, 3137350 ], [ 4552050, 3137350 ], [ 4552150, 3137350 ], [ 4547650, 3137450 ], [ 4547750, 3137450 ], [ 4547850, 3137450 ], [ 4548150, 3137450 ], [ 4548250, 3137450 ], [ 4548350, 3137450 ], [ 4548450, 3137450 ], [ 4548550, 3137450 ], [ 4548650, 3137450 ], [ 4548750, 3137450 ], [ 4551150, 3137450 ], [ 4552050, 3137450 ], [ 4552250, 3137450 ], [ 4547650, 3137550 ], [ 4547750, 3137550 ], [ 4548150, 3137550 ], [ 4548250, 3137550 ], [ 4548350, 3137550 ], [ 4548450, 3137550 ], [ 4548550, 3137550 ], [ 4548650, 3137550 ], [ 4548750, 3137550 ], [ 4550350, 3137550 ], [ 4550750, 3137550 ], [ 4550950, 3137550 ], [ 4551250, 3137550 ], [ 4551550, 3137550 ], [ 4551650, 3137550 ], [ 4551850, 3137550 ], [ 4552150, 3137550 ], [ 4552350, 3137550 ], [ 4547850, 3137650 ], [ 4548250, 3137650 ], [ 4548550, 3137650 ], [ 4548650, 3137650 ], [ 4548950, 3137650 ], [ 4549250, 3137650 ], [ 4549450, 3137650 ], [ 4550450, 3137650 ], [ 4550550, 3137650 ], [ 4550750, 3137650 ], [ 4551550, 3137650 ], [ 4551750, 3137650 ], [ 4551850, 3137650 ], [ 4547250, 3137750 ], [ 4548250, 3137750 ], [ 4548350, 3137750 ], [ 4548450, 3137750 ], [ 4548550, 3137750 ], [ 4548650, 3137750 ], [ 4548850, 3137750 ], [ 4548950, 3137750 ], [ 4549050, 3137750 ], [ 4549350, 3137750 ], [ 4549450, 3137750 ], [ 4549650, 3137750 ], [ 4549750, 3137750 ], [ 4550450, 3137750 ], [ 4550750, 3137750 ], [ 4550950, 3137750 ], [ 4551050, 3137750 ], [ 4551250, 3137750 ], [ 4551450, 3137750 ], [ 4551550, 3137750 ], [ 4551850, 3137750 ], [ 4547250, 3137850 ], [ 4547350, 3137850 ], [ 4548350, 3137850 ], [ 4548450, 3137850 ], [ 4548550, 3137850 ], [ 4548650, 3137850 ], [ 4548850, 3137850 ], [ 4548950, 3137850 ], [ 4549050, 3137850 ], [ 4549250, 3137850 ], [ 4549350, 3137850 ], [ 4550550, 3137850 ], [ 4550650, 3137850 ], [ 4550750, 3137850 ], [ 4550950, 3137850 ], [ 4551150, 3137850 ], [ 4551250, 3137850 ], [ 4551350, 3137850 ], [ 4551450, 3137850 ], [ 4551750, 3137850 ], [ 4547350, 3137950 ], [ 4547450, 3137950 ], [ 4548750, 3137950 ], [ 4548850, 3137950 ], [ 4548950, 3137950 ], [ 4549050, 3137950 ], [ 4549750, 3137950 ], [ 4550450, 3137950 ], [ 4550550, 3137950 ], [ 4550650, 3137950 ], [ 4550750, 3137950 ], [ 4550850, 3137950 ], [ 4550950, 3137950 ], [ 4551050, 3137950 ], [ 4551150, 3137950 ], [ 4547450, 3138050 ], [ 4547650, 3138050 ], [ 4548750, 3138050 ], [ 4548850, 3138050 ], [ 4549050, 3138050 ], [ 4549350, 3138050 ], [ 4549450, 3138050 ], [ 4550450, 3138050 ], [ 4550550, 3138050 ], [ 4550650, 3138050 ], [ 4550750, 3138050 ], [ 4550850, 3138050 ], [ 4550950, 3138050 ], [ 4551050, 3138050 ], [ 4547550, 3138150 ], [ 4547750, 3138150 ], [ 4548950, 3138150 ], [ 4549950, 3138150 ], [ 4550150, 3138150 ], [ 4550450, 3138150 ], [ 4550750, 3138150 ], [ 4550850, 3138150 ], [ 4550950, 3138150 ], [ 4551050, 3138150 ], [ 4547450, 3138250 ], [ 4547550, 3138250 ], [ 4547850, 3138250 ], [ 4550750, 3138250 ], [ 4547350, 3138350 ], [ 4547750, 3138350 ], [ 4547850, 3138350 ], [ 4550450, 3138350 ], [ 4547650, 3138450 ], [ 4547750, 3138450 ], [ 4547850, 3138550 ], [ 4547950, 3138550 ], [ 4548050, 3138550 ], [ 4547550, 3138650 ], [ 4547750, 3138750 ], [ 4548250, 3138750 ], [ 4547350, 3138850 ], [ 4547450, 3138850 ], [ 4547550, 3138850 ], [ 4547650, 3138850 ], [ 4547850, 3138950 ], [ 4547950, 3138950 ], [ 4547750, 3139050 ], [ 4547850, 3139050 ], [ 4549750, 3139050 ], [ 4547450, 3139150 ], [ 4547550, 3139150 ], [ 4547650, 3139150 ], [ 4549550, 3139150 ], [ 4549850, 3139150 ], [ 4547550, 3139250 ], [ 4547650, 3139250 ], [ 4547850, 3139250 ], [ 4547950, 3139250 ], [ 4548050, 3139250 ], [ 4548150, 3139250 ], [ 4548250, 3139250 ], [ 4549850, 3139250 ], [ 4547550, 3139350 ], [ 4547750, 3139350 ], [ 4547850, 3139350 ], [ 4547950, 3139350 ], [ 4548050, 3139350 ], [ 4548150, 3139350 ], [ 4548250, 3139350 ], [ 4548350, 3139350 ], [ 4548450, 3139350 ], [ 4547950, 3139450 ], [ 4548050, 3139450 ], [ 4548150, 3139450 ], [ 4548250, 3139450 ], [ 4548350, 3139450 ], [ 4548450, 3139450 ], [ 4547950, 3139550 ], [ 4548050, 3139550 ], [ 4548150, 3139550 ], [ 4548250, 3139550 ], [ 4548350, 3139550 ], [ 4548450, 3139550 ], [ 4548550, 3139550 ], [ 4548750, 3139550 ], [ 4550150, 3139550 ], [ 4548050, 3139650 ], [ 4548150, 3139650 ], [ 4548250, 3139650 ], [ 4548350, 3139650 ], [ 4548450, 3139650 ], [ 4549150, 3139650 ], [ 4549450, 3139650 ], [ 4549850, 3139650 ], [ 4548350, 3139750 ], [ 4549250, 3139750 ], [ 4549450, 3139750 ], [ 4549550, 3139750 ], [ 4548850, 3139850 ], [ 4548950, 3139850 ], [ 4549150, 3139850 ], [ 4549250, 3139850 ], [ 4548950, 3139950 ], [ 4549350, 3139950 ], [ 4549150, 3140150 ] ] }, "geometry": { "type": "Polygon", "coordinates": [ [ [ 4550450.0, 3137650.0 ], [ 4550450.0, 3137750.0 ], [ 4550550.0, 3137850.0 ], [ 4550550.0, 3137950.0 ], [ 4550450.0, 3137950.0 ], [ 4550150.0, 3138150.0 ], [ 4549750.0, 3137950.0 ], [ 4549750.0, 3137750.0 ], [ 4549650.0, 3137750.0 ], [ 4549450.0, 3137650.0 ], [ 4549450.0, 3137750.0 ], [ 4549350.0, 3137750.0 ], [ 4549250.0, 3137650.0 ], [ 4549050.0, 3137750.0 ], [ 4548950.0, 3137650.0 ], [ 4548850.0, 3137750.0 ], [ 4548650.0, 3137750.0 ], [ 4548650.0, 3137650.0 ], [ 4548650.0, 3137550.0 ], [ 4548750.0, 3137550.0 ], [ 4548750.0, 3137450.0 ], [ 4548750.0, 3137350.0 ], [ 4548750.0, 3137250.0 ], [ 4548650.0, 3137250.0 ], [ 4548650.0, 3137350.0 ], [ 4548550.0, 3137350.0 ], [ 4548450.0, 3137350.0 ], [ 4548450.0, 3137250.0 ], [ 4548450.0, 3137150.0 ], [ 4548350.0, 3137150.0 ], [ 4548350.0, 3137250.0 ], [ 4548350.0, 3137350.0 ], [ 4548250.0, 3137350.0 ], [ 4548150.0, 3137350.0 ], [ 4548050.0, 3137350.0 ], [ 4548050.0, 3137250.0 ], [ 4547950.0, 3137250.0 ], [ 4547850.0, 3137250.0 ], [ 4547750.0, 3137150.0 ], [ 4547250.0, 3137050.0 ], [ 4547650.0, 3137450.0 ], [ 4547650.0, 3137550.0 ], [ 4547250.0, 3137750.0 ], [ 4547250.0, 3137850.0 ], [ 4547350.0, 3137850.0 ], [ 4547350.0, 3137950.0 ], [ 4547450.0, 3137950.0 ], [ 4547450.0, 3138050.0 ], [ 4547550.0, 3138150.0 ], [ 4547550.0, 3138250.0 ], [ 4547450.0, 3138250.0 ], [ 4547350.0, 3138350.0 ], [ 4547650.0, 3138450.0 ], [ 4547550.0, 3138650.0 ], [ 4547350.0, 3138850.0 ], [ 4547450.0, 3138850.0 ], [ 4547450.0, 3139150.0 ], [ 4547550.0, 3139150.0 ], [ 4547550.0, 3139250.0 ], [ 4547550.0, 3139350.0 ], [ 4547750.0, 3139350.0 ], [ 4547850.0, 3139350.0 ], [ 4547950.0, 3139350.0 ], [ 4547950.0, 3139450.0 ], [ 4547950.0, 3139550.0 ], [ 4548050.0, 3139550.0 ], [ 4548050.0, 3139650.0 ], [ 4548150.0, 3139650.0 ], [ 4548250.0, 3139650.0 ], [ 4548350.0, 3139650.0 ], [ 4548350.0, 3139750.0 ], [ 4548450.0, 3139650.0 ], [ 4548450.0, 3139550.0 ], [ 4548550.0, 3139550.0 ], [ 4548750.0, 3139550.0 ], [ 4548850.0, 3139850.0 ], [ 4548950.0, 3139850.0 ], [ 4548950.0, 3139950.0 ], [ 4549150.0, 3140150.0 ], [ 4549350.0, 3139950.0 ], [ 4549250.0, 3139850.0 ], [ 4549250.0, 3139750.0 ], [ 4549450.0, 3139750.0 ], [ 4549550.0, 3139750.0 ], [ 4549850.0, 3139650.0 ], [ 4550150.0, 3139550.0 ], [ 4549850.0, 3139250.0 ], [ 4549850.0, 3139150.0 ], [ 4549750.0, 3139050.0 ], [ 4549450.0, 3138050.0 ], [ 4549950.0, 3138150.0 ], [ 4550450.0, 3138350.0 ], [ 4550450.0, 3138150.0 ], [ 4550450.0, 3138050.0 ], [ 4550550.0, 3138050.0 ], [ 4550650.0, 3138050.0 ], [ 4550750.0, 3138050.0 ], [ 4550750.0, 3138150.0 ], [ 4550850.0, 3138150.0 ], [ 4550950.0, 3138150.0 ], [ 4551050.0, 3138150.0 ], [ 4551050.0, 3138050.0 ], [ 4551050.0, 3137950.0 ], [ 4551150.0, 3137950.0 ], [ 4551150.0, 3137850.0 ], [ 4551250.0, 3137850.0 ], [ 4551350.0, 3137850.0 ], [ 4551450.0, 3137850.0 ], [ 4551450.0, 3137750.0 ], [ 4551550.0, 3137750.0 ], [ 4551750.0, 3137850.0 ], [ 4551850.0, 3137750.0 ], [ 4551850.0, 3137650.0 ], [ 4551850.0, 3137550.0 ], [ 4552050.0, 3137450.0 ], [ 4552150.0, 3137550.0 ], [ 4552350.0, 3137550.0 ], [ 4552350.0, 3137250.0 ], [ 4552350.0, 3136950.0 ], [ 4552050.0, 3137050.0 ], [ 4551950.0, 3137050.0 ], [ 4551950.0, 3136850.0 ], [ 4551850.0, 3136750.0 ], [ 4551750.0, 3136750.0 ], [ 4551750.0, 3136850.0 ], [ 4551650.0, 3136850.0 ], [ 4551650.0, 3136950.0 ], [ 4551550.0, 3136950.0 ], [ 4551450.0, 3136950.0 ], [ 4551250.0, 3136950.0 ], [ 4551250.0, 3136850.0 ], [ 4551250.0, 3136750.0 ], [ 4551250.0, 3136650.0 ], [ 4551150.0, 3136650.0 ], [ 4551150.0, 3136550.0 ], [ 4551050.0, 3136550.0 ], [ 4550950.0, 3136550.0 ], [ 4550950.0, 3136450.0 ], [ 4550850.0, 3136450.0 ], [ 4550850.0, 3136350.0 ], [ 4550750.0, 3136350.0 ], [ 4550250.0, 3136350.0 ], [ 4550150.0, 3136050.0 ], [ 4550350.0, 3137550.0 ], [ 4550450.0, 3137650.0 ] ] ] } },
{ "type": "Feature", "properties": { "ID": "Strehla_146270270_c0", "GEN": "Strehla", "ARS": "146270270", "LAN": "Sachsen", "area": 0.355, "centroid": "POINT (4545673.004695 3142881.455399)", "DH_demand": 593.81084865057926, "total_demand_cells": 2477.4464645385742, "total_demand_area": 9834.5712890625, "share_DH": 6.9427765010313109, "heat_density_DH": 1.6727066159171247, "heat_density": 27.703017715669013, "DH_supplied_households": 73.0, "DH_cells": [ [ 4546350, 3142150 ], [ 4546550, 3142150 ], [ 4546050, 3142650 ], [ 4545150, 3142850 ], [ 4545550, 3142850 ], [ 4545850, 3142850 ], [ 4545950, 3142850 ], [ 4546050, 3142850 ], [ 4545050, 3142950 ], [ 4545550, 3142950 ], [ 4545950, 3142950 ], [ 4546150, 3142950 ], [ 4545550, 3143050 ], [ 4545850, 3143050 ], [ 4545450, 3143450 ] ] }, "geometry": { "type": "Polygon", "coordinates": [ [ [ 4545050.0, 3142950.0 ], [ 4545450.0, 3143450.0 ], [ 4545550.0, 3143050.0 ], [ 4545850.0, 3143050.0 ], [ 4545950.0, 3142950.0 ], [ 4546150.0, 3142950.0 ], [ 4546050.0, 3142850.0 ], [ 4546050.0, 3142650.0 ], [ 4546550.0, 3142150.0 ], [ 4546350.0, 3142150.0 ], [ 4545850.0, 3142850.0 ], [ 4545550.0, 3142850.0 ], [ 4545150.0, 3142850.0 ], [ 4545050.0, 3142950.0 ] ] ] } },
{ "type": "Feature", "properties": { "ID": "Strehla_146270270_c1", "GEN": "Strehla", "ARS": "146270270", "LAN": "Sachsen", "area": 0.05, "centroid": "POINT (4543870 3146736.666667)", "DH_demand": 232.48182197370514, "total_demand_cells": 557.89854907989502, "total_demand_area": 800.142822265625, "share_DH": 33.408884631981849, "heat_density_DH": 4.6496364394741034, "heat_density": 16.002856445312503, "DH_supplied_households": 28.0, "DH_cells": [ [ 4543650, 3146650 ], [ 4543950, 3146650 ], [ 4543750, 3146750 ], [ 4544050, 3146750 ], [ 4543850, 3146850 ], [ 4543950, 3146850 ] ] }, "geometry": { "type": "Polygon", "coordinates": [ [ [ 4543650.0, 3146650.0 ], [ 4543750.0, 3146750.0 ], [ 4543850.0, 3146850.0 ], [ 4543950.0, 3146850.0 ], [ 4544050.0, 3146750.0 ], [ 4543950.0, 3146650.0 ], [ 4543650.0, 3146650.0 ] ] ] } },
{ "type": "Feature", "properties": { "ID": "Weinböhla_146270310_c0", "GEN": "Weinböhla", "ARS": "146270310", "LAN": "Sachsen", "area": 1.475, "centroid": "POINT (4570485.59322 3122514.745763)", "DH_demand": 2090.153165377521, "total_demand_cells": 7761.3703875541687, "total_demand_area": 34611.9453125, "share_DH": 6.943726288777369, "heat_density_DH": 1.4170529934762857, "heat_density": 23.465725635593223, "DH_supplied_households": 203.0, "DH_cells": [ [ 4570850, 3121250 ], [ 4569550, 3121350 ], [ 4569750, 3121450 ], [ 4569950, 3121450 ], [ 4569950, 3121550 ], [ 4570450, 3121750 ], [ 4570850, 3121850 ], [ 4570550, 3122050 ], [ 4570650, 3122050 ], [ 4570550, 3122150 ], [ 4571150, 3122250 ], [ 4570250, 3122350 ], [ 4570350, 3122350 ], [ 4570450, 3122350 ], [ 4570550, 3122350 ], [ 4570950, 3122450 ], [ 4571050, 3122450 ], [ 4571150, 3122450 ], [ 4570250, 3122550 ], [ 4570650, 3122550 ], [ 4570850, 3122750 ], [ 4571150, 3122750 ], [ 4571250, 3122750 ], [ 4570150, 3122850 ], [ 4570550, 3122850 ], [ 4571350, 3122950 ], [ 4571450, 3122950 ], [ 4570450, 3123050 ], [ 4569850, 3123150 ], [ 4569950, 3123150 ], [ 4570050, 3123150 ], [ 4570150, 3123150 ], [ 4571050, 3123150 ], [ 4571050, 3123250 ], [ 4571150, 3123250 ], [ 4570150, 3123350 ], [ 4570250, 3123350 ], [ 4570350, 3123350 ], [ 4570950, 3123350 ], [ 4569750, 3123450 ], [ 4570250, 3123450 ], [ 4571050, 3123450 ], [ 4570350, 3123550 ], [ 4570150, 3123950 ] ] }, "geometry": { "type": "Polygon", "coordinates": [ [ [ 4569950.0, 3121450.0 ], [ 4569750.0, 3121450.0 ], [ 4569550.0, 3121350.0 ], [ 4570550.0, 3122050.0 ], [ 4570450.0, 3122350.0 ], [ 4570350.0, 3122350.0 ], [ 4570250.0, 3122350.0 ], [ 4570250.0, 3122550.0 ], [ 4570150.0, 3122850.0 ], [ 4570150.0, 3123150.0 ], [ 4570050.0, 3123150.0 ], [ 4569950.0, 3123150.0 ], [ 4569850.0, 3123150.0 ], [ 4569750.0, 3123450.0 ], [ 4570150.0, 3123950.0 ], [ 4570350.0, 3123550.0 ], [ 4570250.0, 3123450.0 ], [ 4570250.0, 3123350.0 ], [ 4570350.0, 3123350.0 ], [ 4570450.0, 3123050.0 ], [ 4570550.0, 3122850.0 ], [ 4570850.0, 3122750.0 ], [ 4571050.0, 3123150.0 ], [ 4570950.0, 3123350.0 ], [ 4571050.0, 3123450.0 ], [ 4571050.0, 3123250.0 ], [ 4571150.0, 3123250.0 ], [ 4571350.0, 3122950.0 ], [ 4571450.0, 3122950.0 ], [ 4571250.0, 3122750.0 ], [ 4571150.0, 3122750.0 ], [ 4571150.0, 3122450.0 ], [ 4571150.0, 3122250.0 ], [ 4571050.0, 3122450.0 ], [ 4570950.0, 3122450.0 ], [ 4570650.0, 3122550.0 ], [ 4570550.0, 3122350.0 ], [ 4570550.0, 3122150.0 ], [ 4570650.0, 3122050.0 ], [ 4570850.0, 3121850.0 ], [ 4570850.0, 3121250.0 ], [ 4569950.0, 3121450.0 ] ] ] } },
{ "type": "Feature", "properties": { "ID": "Zeithain_146270360_c0", "GEN": "Zeithain", "ARS": "146270360", "LAN": "Sachsen", "area": 0.05, "centroid": "POINT (4552333.333333 3139826.666667)", "DH_demand": 285.04981097726898, "total_demand_cells": 1376.140983581543, "total_demand_area": 2922.06787109375, "share_DH": 11.21685092980972, "heat_density_DH": 5.7009962195453801, "heat_density": 58.441357421875011, "DH_supplied_households": 22.0, "DH_cells": [ [ 4552250, 3139450 ], [ 4552350, 3139750 ], [ 4552350, 3139850 ], [ 4552250, 3139950 ], [ 4552350, 3139950 ], [ 4552450, 3140050 ], [ 4552550, 3140050 ] ] }, "geometry": { "type": "Polygon", "coordinates": [ [ [ 4552350.0, 3139850.0 ], [ 4552350.0, 3139750.0 ], [ 4552250.0, 3139450.0 ], [ 4552250.0, 3139950.0 ], [ 4552350.0, 3139950.0 ], [ 4552450.0, 3140050.0 ], [ 4552550.0, 3140050.0 ], [ 4552350.0, 3139850.0 ] ] ] } },
{ "type": "Feature", "properties": { "ID": "Zeithain_146270360_c2", "GEN": "Zeithain", "ARS": "146270360", "LAN": "Sachsen", "area": 0.27, "centroid": "POINT (4553865.432099 3140926.54321)", "DH_demand": 1101.2082826837361, "total_demand_cells": 2292.1918158531189, "total_demand_area": 6153.0029296875, "share_DH": 20.578932248195692, "heat_density_DH": 4.0785491951249497, "heat_density": 22.788899739583339, "DH_supplied_households": 603.0, "DH_cells": [ [ 4554050, 3140450 ], [ 4553850, 3140650 ], [ 4553450, 3140750 ], [ 4553550, 3140850 ], [ 4553750, 3140950 ], [ 4553950, 3140950 ], [ 4554050, 3140950 ], [ 4553650, 3141050 ], [ 4553850, 3141250 ], [ 4553950, 3141250 ], [ 4554050, 3141250 ], [ 4553950, 3141350 ], [ 4554050, 3141350 ], [ 4553950, 3141450 ], [ 4554050, 3141450 ] ] }, "geometry": { "type": "Polygon", "coordinates": [ [ [ 4553850.0, 3140650.0 ], [ 4553450.0, 3140750.0 ], [ 4553550.0, 3140850.0 ], [ 4553750.0, 3140950.0 ], [ 4553650.0, 3141050.0 ], [ 4553850.0, 3141250.0 ], [ 4553950.0, 3141250.0 ], [ 4553950.0, 3141350.0 ], [ 4553950.0, 3141450.0 ], [ 4554050.0, 3141450.0 ], [ 4554050.0, 3141350.0 ], [ 4554050.0, 3141250.0 ], [ 4554050.0, 3140950.0 ], [ 4554050.0, 3140450.0 ], [ 4553850.0, 3140650.0 ] ] ] } },
{ "type": "Feature", "properties": { "ID": "Zeithain_146270360_c3", "GEN": "Zeithain", "ARS": "146270360", "LAN": "Sachsen", "area": 0.12, "centroid": "POINT (4550119.444444 3142265.277778)", "DH_demand": 200.99330262577305, "total_demand_cells": 937.7667236328125, "total_demand_area": 2825.5146484375, "share_DH": 8.1794577445219812, "heat_density_DH": 1.6749441885481089, "heat_density": 23.545955403645834, "DH_supplied_households": 18.0, "DH_cells": [ [ 4550450, 3142050 ], [ 4550050, 3142150 ], [ 4550150, 3142150 ], [ 4550350, 3142250 ], [ 4550450, 3142250 ], [ 4549650, 3142550 ] ] }, "geometry": { "type": "Polygon", "coordinates": [ [ [ 4549650.0, 3142550.0 ], [ 4550350.0, 3142250.0 ], [ 4550450.0, 3142250.0 ], [ 4550450.0, 3142050.0 ], [ 4550150.0, 3142150.0 ], [ 4550050.0, 3142150.0 ], [ 4549650.0, 3142550.0 ] ] ] } },
{ "type": "Feature", "properties": { "ID": "Nünchritz_146275225_c0", "GEN": "Nünchritz", "ARS": "146275225", "LAN": "Sachsen", "area": 0.175, "centroid": "POINT (4556889.047619 3137878.571429)", "DH_demand": 899.68138482343261, "total_demand_cells": 2864.7924194335938, "total_demand_area": 5407.1611328125, "share_DH": 19.131979767089042, "heat_density_DH": 5.1410364847053289, "heat_density": 30.898063616071429, "DH_supplied_households": 155.0, "DH_cells": [ [ 4557150, 3137550 ], [ 4557050, 3137650 ], [ 4557250, 3137650 ], [ 4556950, 3137750 ], [ 4557250, 3137750 ], [ 4557050, 3137850 ], [ 4556450, 3137950 ], [ 4556850, 3137950 ], [ 4556550, 3138050 ], [ 4556650, 3138050 ], [ 4556750, 3138050 ], [ 4556950, 3138050 ], [ 4557050, 3138050 ], [ 4556650, 3138150 ], [ 4557050, 3138150 ] ] }, "geometry": { "type": "Polygon", "coordinates": [ [ [ 4557050.0, 3137650.0 ], [ 4556950.0, 3137750.0 ], [ 4556450.0, 3137950.0 ], [ 4556550.0, 3138050.0 ], [ 4556650.0, 3138150.0 ], [ 4556750.0, 3138050.0 ], [ 4556850.0, 3137950.0 ], [ 4556950.0, 3138050.0 ], [ 4557050.0, 3138150.0 ], [ 4557050.0, 3138050.0 ], [ 4557050.0, 3137850.0 ], [ 4557250.0, 3137750.0 ], [ 4557250.0, 3137650.0 ], [ 4557150.0, 3137550.0 ], [ 4557050.0, 3137650.0 ] ] ] } },
{ "type": "Feature", "properties": { "ID": "Nünchritz_146275225_c1", "GEN": "Nünchritz", "ARS": "146275225", "LAN": "Sachsen", "area": 0.085, "centroid": "POINT (4555959.803922 3139563.72549)", "DH_demand": 296.77738498870247, "total_demand_cells": 972.02676391601562, "total_demand_area": 2146.999267578125, "share_DH": 15.894226494451777, "heat_density_DH": 3.4914986469259119, "heat_density": 25.258814912683828, "DH_supplied_households": 22.0, "DH_cells": [ [ 4555950, 3139050 ], [ 4555850, 3139150 ], [ 4555950, 3139150 ], [ 4555950, 3139650 ], [ 4556050, 3139750 ], [ 4555950, 3139850 ], [ 4555950, 3140250 ] ] }, "geometry": { "type": "Polygon", "coordinates": [ [ [ 4555850.0, 3139150.0 ], [ 4555950.0, 3139650.0 ], [ 4555950.0, 3139850.0 ], [ 4555950.0, 3140250.0 ], [ 4556050.0, 3139750.0 ], [ 4555950.0, 3139150.0 ], [ 4555950.0, 3139050.0 ], [ 4555850.0, 3139150.0 ] ] ] } },
{ "type": "Feature", "properties": { "ID": "Röderaue-Wülknitz_146275234_c0", "GEN": "Röderaue-Wülknitz", "ARS": "146275234", "LAN": "Sachsen", "area": 0.09, "centroid": "POINT (4560879.62963 3147616.666667)", "DH_demand": 2390.2758023313409, "total_demand_cells": 3249.6074619293213, "total_demand_area": 3588.25927734375, "share_DH": 76.595752744902441, "heat_density_DH": 26.558620025903789, "heat_density": 39.869547526041664, "DH_supplied_households": 339.0, "DH_cells": [ [ 4560750, 3147450 ], [ 4560850, 3147450 ], [ 4560950, 3147450 ], [ 4560650, 3147550 ], [ 4560750, 3147550 ], [ 4560850, 3147550 ], [ 4560950, 3147550 ], [ 4561050, 3147550 ], [ 4560550, 3147650 ], [ 4560650, 3147650 ], [ 4560750, 3147650 ], [ 4560850, 3147650 ], [ 4561050, 3147650 ], [ 4561050, 3147750 ], [ 4561050, 3147850 ], [ 4561150, 3147850 ] ] }, "geometry": { "type": "Polygon", "coordinates": [ [ [ 4560750.0, 3147550.0 ], [ 4560650.0, 3147550.0 ], [ 4560550.0, 3147650.0 ], [ 4560650.0, 3147650.0 ], [ 4560750.0, 3147650.0 ], [ 4560850.0, 3147650.0 ], [ 4561050.0, 3147850.0 ], [ 4561150.0, 3147850.0 ], [ 4561050.0, 3147750.0 ], [ 4561050.0, 3147650.0 ], [ 4561050.0, 3147550.0 ], [ 4560950.0, 3147550.0 ], [ 4560950.0, 3147450.0 ], [ 4560850.0, 3147450.0 ], [ 4560750.0, 3147450.0 ], [ 4560750.0, 3147550.0 ] ] ] } },
{ "type": "Feature", "properties": { "ID": "Bannewitz_146280050_c0", "GEN": "Bannewitz", "ARS": "146280050", "LAN": "Sachsen", "area": 0.535, "centroid": "POINT (4581316.666667 3101588.94081)", "DH_demand": 453.93718136692803, "total_demand_cells": 2212.1295547485352, "total_demand_area": 8796.0078125, "share_DH": 5.9340423327894802, "heat_density_DH": 0.84848071283537951, "heat_density": 16.441136098130841, "DH_supplied_households": 49.0, "DH_cells": [ [ 4581650, 3101150 ], [ 4580750, 3101450 ], [ 4581450, 3101650 ], [ 4581650, 3101650 ], [ 4581350, 3101750 ], [ 4581650, 3101750 ], [ 4581950, 3101750 ], [ 4582150, 3101750 ], [ 4581550, 3101850 ], [ 4582050, 3101850 ], [ 4580850, 3101950 ], [ 4581550, 3101950 ], [ 4582050, 3101950 ] ] }, "geometry": { "type": "Polygon", "coordinates": [ [ [ 4580750.0, 3101450.0 ], [ 4580850.0, 3101950.0 ], [ 4581350.0, 3101750.0 ], [ 4581550.0, 3101950.0 ], [ 4581550.0, 3101850.0 ], [ 4581650.0, 3101750.0 ], [ 4582050.0, 3101950.0 ], [ 4582050.0, 3101850.0 ], [ 4582150.0, 3101750.0 ], [ 4581950.0, 3101750.0 ], [ 4581650.0, 3101650.0 ], [ 4581650.0, 3101150.0 ], [ 4580750.0, 3101450.0 ] ] ] } },
{ "type": "Feature", "properties": { "ID": "Bannewitz_146280050_c1", "GEN": "Bannewitz", "ARS": "146280050", "LAN": "Sachsen", "area": 0.085, "centroid": "POINT (4582120.588235 3102918.627451)", "DH_demand": 372.12635883559113, "total_demand_cells": 1817.2657470703125, "total_demand_area": 3629.4521484375, "share_DH": 11.789349657631899, "heat_density_DH": 4.3779571627716614, "heat_density": 42.699437040441182, "DH_supplied_households": 30.0, "DH_cells": [ [ 4581850, 3102650 ], [ 4581950, 3102650 ], [ 4582050, 3102650 ], [ 4582250, 3102750 ], [ 4582150, 3102850 ], [ 4582250, 3102850 ], [ 4582050, 3103250 ], [ 4582150, 3103250 ], [ 4582150, 3103350 ] ] }, "geometry": { "type": "Polygon", "coordinates": [ [ [ 4581950.0, 3102650.0 ], [ 4581850.0, 3102650.0 ], [ 4582150.0, 3102850.0 ], [ 4582050.0, 3103250.0 ], [ 4582150.0, 3103350.0 ], [ 4582150.0, 3103250.0 ], [ 4582250.0, 3102850.0 ], [ 4582250.0, 3102750.0 ], [ 4582050.0, 3102650.0 ], [ 4581950.0, 3102650.0 ] ] ] } },
{ "type": "Feature", "properties": { "ID": "Bannewitz_146280050_c3", "GEN": "Bannewitz", "ARS": "146280050", "LAN": "Sachsen", "area": 0.045, "centroid": "POINT (4584742.592593 3104320.37037)", "DH_demand": 231.51999784342644, "total_demand_cells": 1386.0099945068359, "total_demand_area": 3197.17724609375, "share_DH": 8.3264961619628259, "heat_density_DH": 5.1448888409650317, "heat_density": 71.048383246527777, "DH_supplied_households": 12.0, "DH_cells": [ [ 4584450, 3104250 ], [ 4584850, 3104250 ], [ 4584650, 3104350 ], [ 4584950, 3104450 ] ] }, "geometry": { "type": "Polygon", "coordinates": [ [ [ 4584450.0, 3104250.0 ], [ 4584650.0, 3104350.0 ], [ 4584950.0, 3104450.0 ], [ 4584850.0, 3104250.0 ], [ 4584450.0, 3104250.0 ] ] ] } },
{ "type": "Feature", "properties": { "ID": "Bannewitz_146280050_c4", "GEN": "Bannewitz", "ARS": "146280050", "LAN": "Sachsen", "area": 0.585, "centroid": "POINT (4582438.319088 3105159.401709)", "DH_demand": 405.5437595799861, "total_demand_cells": 3324.4486541748047, "total_demand_area": 12671.650390625, "share_DH": 3.6799763756839479, "heat_density_DH": 0.69323719586322408, "heat_density": 21.660940838675213, "DH_supplied_households": 60.0, "DH_cells": [ [ 4581650, 3104550 ], [ 4581550, 3104650 ], [ 4581950, 3104650 ], [ 4582150, 3104650 ], [ 4582550, 3104650 ], [ 4582150, 3104750 ], [ 4582050, 3104950 ], [ 4582350, 3105350 ], [ 4582350, 3105550 ], [ 4582450, 3105550 ], [ 4582450, 3105650 ], [ 4582950, 3105950 ] ] }, "geometry": { "type": "Polygon", "coordinates": [ [ [ 4581550.0, 3104650.0 ], [ 4582150.0, 3104750.0 ], [ 4582050.0, 3104950.0 ], [ 4582350.0, 3105350.0 ], [ 4582350.0, 3105550.0 ], [ 4582450.0, 3105550.0 ], [ 4582450.0, 3105650.0 ], [ 4582950.0, 3105950.0 ], [ 4582550.0, 3104650.0 ], [ 4582150.0, 3104650.0 ], [ 4581950.0, 3104650.0 ], [ 4581650.0, 3104550.0 ], [ 4581550.0, 3104650.0 ] ] ] } },
{ "type": "Feature", "properties": { "ID": "Dippoldiswalde_146280060_c0", "GEN": "Dippoldiswalde", "ARS": "146280060", "LAN": "Sachsen", "area": 0.005, "centroid": "POINT (4579816.666667 3086950)", "DH_demand": 201.26308621778003, "total_demand_cells": 527.53905487060547, "total_demand_area": 1883.062255859375, "share_DH": 12.289662021406306, "heat_density_DH": 40.252617243556003, "heat_density": 376.61245117187502, "DH_supplied_households": 9.0, "DH_cells": [ [ 4579650, 3086850 ], [ 4579850, 3086950 ], [ 4579950, 3087050 ] ] }, "geometry": { "type": "Polygon", "coordinates": [ [ [ 4579650.0, 3086850.0 ], [ 4579950.0, 3087050.0 ], [ 4579850.0, 3086950.0 ], [ 4579650.0, 3086850.0 ] ] ] } },
{ "type": "Feature", "properties": { "ID": "Dippoldiswalde_146280060_c1", "GEN": "Dippoldiswalde", "ARS": "146280060", "LAN": "Sachsen", "area": 0.52, "centroid": "POINT (4578885.25641 3093755.128205)", "DH_demand": 1111.3698496203983, "total_demand_cells": 4212.839729309082, "total_demand_area": 19875.923828125, "share_DH": 6.4294197044665786, "heat_density_DH": 2.1372497108084585, "heat_density": 38.222930438701923, "DH_supplied_households": 77.0, "DH_cells": [ [ 4578850, 3092650 ], [ 4578650, 3092750 ], [ 4578650, 3093050 ], [ 4578750, 3093250 ], [ 4578950, 3093250 ], [ 4578650, 3093350 ], [ 4578950, 3093450 ], [ 4579050, 3093550 ], [ 4578950, 3093650 ], [ 4579050, 3093650 ], [ 4579450, 3093650 ], [ 4578850, 3093750 ], [ 4579050, 3093750 ], [ 4578550, 3093850 ], [ 4579050, 3093950 ], [ 4579050, 3094050 ], [ 4578650, 3094250 ], [ 4579150, 3094450 ], [ 4579350, 3094650 ] ] }, "geometry": { "type": "Polygon", "coordinates": [ [ [ 4578650.0, 3093050.0 ], [ 4578650.0, 3093350.0 ], [ 4578950.0, 3093650.0 ], [ 4578850.0, 3093750.0 ], [ 4578550.0, 3093850.0 ], [ 4578650.0, 3094250.0 ], [ 4579150.0, 3094450.0 ], [ 4579350.0, 3094650.0 ], [ 4579050.0, 3094050.0 ], [ 4579050.0, 3093950.0 ], [ 4579050.0, 3093750.0 ], [ 4579450.0, 3093650.0 ], [ 4579050.0, 3093550.0 ], [ 4578950.0, 3093450.0 ], [ 4578950.0, 3093250.0 ], [ 4578750.0, 3093250.0 ], [ 4578850.0, 3092650.0 ], [ 4578650.0, 3092750.0 ], [ 4578650.0, 3093050.0 ] ] ] } },
{ "type": "Feature", "properties": { "ID": "Dürrröhrsdorf-Dittersbach_146280100_c0", "GEN": "Dürrröhrsdorf-Dittersbach", "ARS": "146280100", "LAN": "Sachsen", "area": 0.01, "centroid": "POINT (4601650 3109616.666667)", "DH_demand": 232.51791953315808, "total_demand_cells": 811.1971435546875, "total_demand_area": 1223.3525390625, "share_DH": 21.854722212664022, "heat_density_DH": 23.251791953315809, "heat_density": 122.33525390625, "DH_supplied_households": 22.0, "DH_cells": [ [ 4601650, 3109550 ], [ 4601750, 3109550 ], [ 4601550, 3109750 ] ] }, "geometry": { "type": "Polygon", "coordinates": [ [ [ 4601550.0, 3109750.0 ], [ 4601750.0, 3109550.0 ], [ 4601650.0, 3109550.0 ], [ 4601550.0, 3109750.0 ] ] ] } },
{ "type": "Feature", "properties": { "ID": "Freital_146280110_c0", "GEN": "Freital", "ARS": "146280110", "LAN": "Sachsen", "area": 0.27, "centroid": "POINT (4575780.864198 3102626.54321)", "DH_demand": 1419.9226766271936, "total_demand_cells": 2968.5702209472656, "total_demand_area": 12490.1318359375, "share_DH": 13.071883316467867, "heat_density_DH": 5.2589728763970145, "heat_density": 46.259747540509267, "DH_supplied_households": 239.0, "DH_cells": [ [ 4576050, 3102350 ], [ 4575350, 3102450 ], [ 4575450, 3102450 ], [ 4575550, 3102450 ], [ 4575550, 3102550 ], [ 4575350, 3102650 ], [ 4575550, 3102650 ], [ 4575850, 3102950 ], [ 4575950, 3102950 ], [ 4576050, 3102950 ] ] }, "geometry": { "type": "Polygon", "coordinates": [ [ [ 4575550.0, 3102450.0 ], [ 4575450.0, 3102450.0 ], [ 4575350.0, 3102450.0 ], [ 4575350.0, 3102650.0 ], [ 4575550.0, 3102650.0 ], [ 4575850.0, 3102950.0 ], [ 4575950.0, 3102950.0 ], [ 4576050.0, 3102950.0 ], [ 4576050.0, 3102350.0 ], [ 4575550.0, 3102450.0 ] ] ] } },
{ "type": "Feature", "properties": { "ID": "Freital_146280110_c1", "GEN": "Freital", "ARS": "146280110", "LAN": "Sachsen", "area": 8.145, "centroid": "POINT (4577090.90444 3105738.172703)", "DH_demand": 39578.19641496359, "total_demand_cells": 69638.152304172516, "total_demand_area": 177366.625, "share_DH": 25.658105542120374, "heat_density_DH": 4.8592015242435345, "heat_density": 21.776135666052792, "DH_supplied_households": 7049.0, "DH_cells": [ [ 4578150, 3103550 ], [ 4578350, 3103550 ], [ 4575950, 3103650 ], [ 4577850, 3103650 ], [ 4578050, 3103650 ], [ 4578150, 3103650 ], [ 4578250, 3103650 ], [ 4575950, 3103750 ], [ 4577550, 3103750 ], [ 4577650, 3103750 ], [ 4577750, 3103750 ], [ 4577850, 3103750 ], [ 4577950, 3103750 ], [ 4578050, 3103750 ], [ 4578150, 3103750 ], [ 4578250, 3103750 ], [ 4576450, 3103850 ], [ 4576650, 3103850 ], [ 4577350, 3103850 ], [ 4577550, 3103850 ], [ 4577650, 3103850 ], [ 4577750, 3103850 ], [ 4577850, 3103850 ], [ 4577950, 3103850 ], [ 4578050, 3103850 ], [ 4576450, 3103950 ], [ 4576550, 3103950 ], [ 4576650, 3103950 ], [ 4576750, 3103950 ], [ 4577250, 3103950 ], [ 4577350, 3103950 ], [ 4577450, 3103950 ], [ 4577550, 3103950 ], [ 4577650, 3103950 ], [ 4577750, 3103950 ], [ 4577850, 3103950 ], [ 4577950, 3103950 ], [ 4576550, 3104050 ], [ 4576650, 3104050 ], [ 4576750, 3104050 ], [ 4576850, 3104050 ], [ 4577350, 3104050 ], [ 4577450, 3104050 ], [ 4577550, 3104050 ], [ 4577650, 3104050 ], [ 4576050, 3104150 ], [ 4576150, 3104150 ], [ 4576250, 3104150 ], [ 4576550, 3104150 ], [ 4576650, 3104150 ], [ 4576750, 3104150 ], [ 4576850, 3104150 ], [ 4576950, 3104150 ], [ 4577050, 3104150 ], [ 4577350, 3104150 ], [ 4577450, 3104150 ], [ 4577550, 3104150 ], [ 4578050, 3104150 ], [ 4575650, 3104250 ], [ 4575850, 3104250 ], [ 4576050, 3104250 ], [ 4576650, 3104250 ], [ 4576750, 3104250 ], [ 4577050, 3104250 ], [ 4577450, 3104250 ], [ 4575850, 3104350 ], [ 4575950, 3104350 ], [ 4576750, 3104350 ], [ 4576850, 3104350 ], [ 4577050, 3104350 ], [ 4577750, 3104350 ], [ 4576650, 3104450 ], [ 4576750, 3104450 ], [ 4576850, 3104450 ], [ 4577050, 3104450 ], [ 4577150, 3104450 ], [ 4577250, 3104450 ], [ 4577350, 3104450 ], [ 4577650, 3104450 ], [ 4576050, 3104550 ], [ 4576650, 3104550 ], [ 4577050, 3104550 ], [ 4577150, 3104550 ], [ 4577250, 3104550 ], [ 4577350, 3104550 ], [ 4577450, 3104550 ], [ 4577550, 3104550 ], [ 4577050, 3104650 ], [ 4577150, 3104650 ], [ 4577350, 3104650 ], [ 4576750, 3104750 ], [ 4576850, 3104750 ], [ 4576950, 3104750 ], [ 4577050, 3104750 ], [ 4577150, 3104750 ], [ 4577050, 3104850 ], [ 4577150, 3104850 ], [ 4576850, 3104950 ], [ 4576950, 3104950 ], [ 4579650, 3104950 ], [ 4579750, 3104950 ], [ 4577050, 3105050 ], [ 4577150, 3105050 ], [ 4577250, 3105050 ], [ 4577050, 3105150 ], [ 4577150, 3105150 ], [ 4578850, 3105150 ], [ 4578950, 3105150 ], [ 4577450, 3105250 ], [ 4578950, 3105250 ], [ 4579250, 3105250 ], [ 4577250, 3105350 ], [ 4577350, 3105350 ], [ 4578350, 3105350 ], [ 4579050, 3105350 ], [ 4575550, 3105450 ], [ 4577150, 3105450 ], [ 4577250, 3105450 ], [ 4577350, 3105450 ], [ 4577450, 3105450 ], [ 4577550, 3105450 ], [ 4577850, 3105450 ], [ 4578350, 3105450 ], [ 4578450, 3105450 ], [ 4579050, 3105450 ], [ 4579550, 3105450 ], [ 4579950, 3105450 ], [ 4576550, 3105550 ], [ 4577350, 3105550 ], [ 4577450, 3105550 ], [ 4577550, 3105550 ], [ 4579150, 3105550 ], [ 4579650, 3105550 ], [ 4575550, 3105650 ], [ 4575950, 3105650 ], [ 4576550, 3105650 ], [ 4576650, 3105650 ], [ 4576750, 3105650 ], [ 4578150, 3105650 ], [ 4579250, 3105650 ], [ 4576050, 3105750 ], [ 4576550, 3105750 ], [ 4576650, 3105750 ], [ 4576750, 3105750 ], [ 4577550, 3105750 ], [ 4576450, 3105850 ], [ 4576550, 3105850 ], [ 4576850, 3105850 ], [ 4577550, 3105850 ], [ 4577650, 3105850 ], [ 4577750, 3105850 ], [ 4576850, 3105950 ], [ 4577550, 3105950 ], [ 4577650, 3105950 ], [ 4577750, 3105950 ], [ 4577850, 3105950 ], [ 4578750, 3105950 ], [ 4577550, 3106050 ], [ 4577650, 3106050 ], [ 4577750, 3106050 ], [ 4578450, 3106050 ], [ 4578850, 3106050 ], [ 4577750, 3106150 ], [ 4576250, 3106250 ], [ 4577650, 3106250 ], [ 4577750, 3106250 ], [ 4577850, 3106250 ], [ 4576250, 3106350 ], [ 4577750, 3106350 ], [ 4577850, 3106350 ], [ 4578950, 3106350 ], [ 4575850, 3106450 ], [ 4575950, 3106450 ], [ 4576050, 3106450 ], [ 4576150, 3106450 ], [ 4577850, 3106450 ], [ 4578050, 3106450 ], [ 4575850, 3106550 ], [ 4575950, 3106550 ], [ 4576050, 3106550 ], [ 4576150, 3106550 ], [ 4576250, 3106550 ], [ 4576350, 3106550 ], [ 4578050, 3106550 ], [ 4578150, 3106550 ], [ 4578250, 3106550 ], [ 4575850, 3106650 ], [ 4575950, 3106650 ], [ 4576050, 3106650 ], [ 4576150, 3106650 ], [ 4576250, 3106650 ], [ 4576350, 3106650 ], [ 4577450, 3106650 ], [ 4577550, 3106650 ], [ 4577950, 3106650 ], [ 4578050, 3106650 ], [ 4578150, 3106650 ], [ 4578250, 3106650 ], [ 4578350, 3106650 ], [ 4575750, 3106750 ], [ 4575850, 3106750 ], [ 4575950, 3106750 ], [ 4576150, 3106750 ], [ 4576250, 3106750 ], [ 4577550, 3106750 ], [ 4577950, 3106750 ], [ 4578050, 3106750 ], [ 4578150, 3106750 ], [ 4575750, 3106850 ], [ 4575850, 3106850 ], [ 4575950, 3106850 ], [ 4576050, 3106850 ], [ 4576150, 3106850 ], [ 4576250, 3106850 ], [ 4577750, 3106850 ], [ 4578150, 3106850 ], [ 4578250, 3106850 ], [ 4579150, 3106850 ], [ 4575750, 3106950 ], [ 4575850, 3106950 ], [ 4575950, 3106950 ], [ 4576050, 3106950 ], [ 4576150, 3106950 ], [ 4576250, 3106950 ], [ 4576150, 3107050 ], [ 4576750, 3107050 ], [ 4576850, 3107050 ], [ 4576050, 3107150 ], [ 4576150, 3107350 ], [ 4576250, 3107350 ], [ 4574250, 3107450 ], [ 4574650, 3107450 ], [ 4575450, 3107450 ], [ 4574650, 3107550 ], [ 4575250, 3107550 ], [ 4575850, 3107650 ], [ 4574550, 3107750 ], [ 4574750, 3107750 ], [ 4575550, 3107750 ], [ 4574650, 3107850 ], [ 4575050, 3107850 ], [ 4575450, 3107950 ], [ 4575450, 3108050 ], [ 4575550, 3108050 ], [ 4575650, 3108050 ], [ 4575750, 3108050 ], [ 4575450, 3108150 ], [ 4575650, 3108250 ], [ 4575950, 3108450 ] ] }, "geometry": { "type": "Polygon", "coordinates": [ [ [ 4575550.0, 3105650.0 ], [ 4575950.0, 3105650.0 ], [ 4576050.0, 3105750.0 ], [ 4576250.0, 3106250.0 ], [ 4576250.0, 3106350.0 ], [ 4576150.0, 3106450.0 ], [ 4576050.0, 3106450.0 ], [ 4575950.0, 3106450.0 ], [ 4575850.0, 3106450.0 ], [ 4575850.0, 3106550.0 ], [ 4575850.0, 3106650.0 ], [ 4575850.0, 3106750.0 ], [ 4575750.0, 3106750.0 ], [ 4575750.0, 3106850.0 ], [ 4575750.0, 3106950.0 ], [ 4575850.0, 3106950.0 ], [ 4575950.0, 3106950.0 ], [ 4576050.0, 3106950.0 ], [ 4576050.0, 3107150.0 ], [ 4575450.0, 3107450.0 ], [ 4574650.0, 3107450.0 ], [ 4574650.0, 3107550.0 ], [ 4574550.0, 3107750.0 ], [ 4574650.0, 3107850.0 ], [ 4574750.0, 3107750.0 ], [ 4575050.0, 3107850.0 ], [ 4575450.0, 3107950.0 ], [ 4575450.0, 3108050.0 ], [ 4575450.0, 3108150.0 ], [ 4575650.0, 3108250.0 ], [ 4575950.0, 3108450.0 ], [ 4575750.0, 3108050.0 ], [ 4575850.0, 3107650.0 ], [ 4576150.0, 3107350.0 ], [ 4576250.0, 3107350.0 ], [ 4576150.0, 3107050.0 ], [ 4576150.0, 3106950.0 ], [ 4576250.0, 3106950.0 ], [ 4576250.0, 3106850.0 ], [ 4576250.0, 3106750.0 ], [ 4576250.0, 3106650.0 ], [ 4576350.0, 3106650.0 ], [ 4576750.0, 3107050.0 ], [ 4576850.0, 3107050.0 ], [ 4577450.0, 3106650.0 ], [ 4577550.0, 3106650.0 ], [ 4577550.0, 3106750.0 ], [ 4577750.0, 3106850.0 ], [ 4577950.0, 3106750.0 ], [ 4578050.0, 3106750.0 ], [ 4578150.0, 3106750.0 ], [ 4578150.0, 3106850.0 ], [ 4578250.0, 3106850.0 ], [ 4578250.0, 3106650.0 ], [ 4578350.0, 3106650.0 ], [ 4579150.0, 3106850.0 ], [ 4578950.0, 3106350.0 ], [ 4578850.0, 3106050.0 ], [ 4579250.0, 3105650.0 ], [ 4579550.0, 3105450.0 ], [ 4579650.0, 3105550.0 ], [ 4579950.0, 3105450.0 ], [ 4579750.0, 3104950.0 ], [ 4579650.0, 3104950.0 ], [ 4579250.0, 3105250.0 ], [ 4579050.0, 3105350.0 ], [ 4578950.0, 3105250.0 ], [ 4578950.0, 3105150.0 ], [ 4578850.0, 3105150.0 ], [ 4578450.0, 3105450.0 ], [ 4578350.0, 3105450.0 ], [ 4578350.0, 3105350.0 ], [ 4578150.0, 3105650.0 ], [ 4577850.0, 3105450.0 ], [ 4577550.0, 3105450.0 ], [ 4577450.0, 3105450.0 ], [ 4577350.0, 3105450.0 ], [ 4577350.0, 3105350.0 ], [ 4577450.0, 3105250.0 ], [ 4577250.0, 3105050.0 ], [ 4577150.0, 3105050.0 ], [ 4577150.0, 3104850.0 ], [ 4577150.0, 3104750.0 ], [ 4577150.0, 3104650.0 ], [ 4577350.0, 3104650.0 ], [ 4577350.0, 3104550.0 ], [ 4577450.0, 3104550.0 ], [ 4577550.0, 3104550.0 ], [ 4577650.0, 3104450.0 ], [ 4577750.0, 3104350.0 ], [ 4578050.0, 3104150.0 ], [ 4577950.0, 3103950.0 ], [ 4577950.0, 3103850.0 ], [ 4578050.0, 3103850.0 ], [ 4578150.0, 3103750.0 ], [ 4578250.0, 3103750.0 ], [ 4578350.0, 3103550.0 ], [ 4578250.0, 3103650.0 ], [ 4578150.0, 3103650.0 ], [ 4578150.0, 3103550.0 ], [ 4578050.0, 3103650.0 ], [ 4578050.0, 3103750.0 ], [ 4577950.0, 3103750.0 ], [ 4577850.0, 3103650.0 ], [ 4577750.0, 3103750.0 ], [ 4577650.0, 3103750.0 ], [ 4577550.0, 3103750.0 ], [ 4577550.0, 3103850.0 ], [ 4577550.0, 3103950.0 ], [ 4577450.0, 3103950.0 ], [ 4577350.0, 3103950.0 ], [ 4577350.0, 3103850.0 ], [ 4577250.0, 3103950.0 ], [ 4577050.0, 3104150.0 ], [ 4576950.0, 3104150.0 ], [ 4576850.0, 3104150.0 ], [ 4576850.0, 3104050.0 ], [ 4576750.0, 3104050.0 ], [ 4576750.0, 3103950.0 ], [ 4576650.0, 3103950.0 ], [ 4576650.0, 3103850.0 ], [ 4576450.0, 3103850.0 ], [ 4576450.0, 3103950.0 ], [ 4576250.0, 3104150.0 ], [ 4576150.0, 3104150.0 ], [ 4575950.0, 3103650.0 ], [ 4575950.0, 3103750.0 ], [ 4576050.0, 3104150.0 ], [ 4576050.0, 3104250.0 ], [ 4575950.0, 3104350.0 ], [ 4575850.0, 3104350.0 ], [ 4575850.0, 3104250.0 ], [ 4575650.0, 3104250.0 ], [ 4575550.0, 3105450.0 ], [ 4575550.0, 3105650.0 ] ] ] } },
{ "type": "Feature", "properties": { "ID": "Freital_146280110_c2", "GEN": "Freital", "ARS": "146280110", "LAN": "Sachsen", "area": 0.155, "centroid": "POINT (4574454.301075 3105085.483871)", "DH_demand": 831.08585224277715, "total_demand_cells": 2006.2394866943359, "total_demand_area": 5079.6494140625, "share_DH": 18.812765408106976, "heat_density_DH": 5.3618442080179172, "heat_density": 32.771931703629029, "DH_supplied_households": 66.0, "DH_cells": [ [ 4574150, 3104750 ], [ 4574550, 3104850 ], [ 4574150, 3104950 ], [ 4574450, 3105050 ], [ 4574650, 3105350 ], [ 4574750, 3105350 ], [ 4574850, 3105350 ], [ 4574650, 3105450 ], [ 4574650, 3105550 ], [ 4574750, 3105550 ] ] }, "geometry": { "type": "Polygon", "coordinates": [ [ [ 4574150.0, 3104750.0 ], [ 4574150.0, 3104950.0 ], [ 4574650.0, 3105350.0 ], [ 4574650.0, 3105450.0 ], [ 4574650.0, 3105550.0 ], [ 4574750.0, 3105550.0 ], [ 4574850.0, 3105350.0 ], [ 4574750.0, 3105350.0 ], [ 4574450.0, 3105050.0 ], [ 4574550.0, 3104850.0 ], [ 4574150.0, 3104750.0 ] ] ] } },
{ "type": "Feature", "properties": { "ID": "Freital_146280110_c3", "GEN": "Freital", "ARS": "146280110", "LAN": "Sachsen", "area": 0.36, "centroid": "POINT (4577393.518519 3108368.055556)", "DH_demand": 964.00095000116892, "total_demand_cells": 4607.8938140869141, "total_demand_area": 14219.01953125, "share_DH": 7.7955776370594405, "heat_density_DH": 2.6777804166699135, "heat_density": 39.497276475694441, "DH_supplied_households": 70.0, "DH_cells": [ [ 4577450, 3107950 ], [ 4576850, 3108150 ], [ 4577550, 3108150 ], [ 4577650, 3108150 ], [ 4577050, 3108250 ], [ 4577250, 3108250 ], [ 4577550, 3108250 ], [ 4577150, 3108350 ], [ 4577550, 3108350 ], [ 4577150, 3108450 ], [ 4577250, 3108550 ], [ 4577550, 3108550 ], [ 4577750, 3108550 ], [ 4577050, 3108650 ], [ 4577550, 3108750 ], [ 4577650, 3108850 ], [ 4577850, 3108850 ] ] }, "geometry": { "type": "Polygon", "coordinates": [ [ [ 4576850.0, 3108150.0 ], [ 4577050.0, 3108250.0 ], [ 4577150.0, 3108350.0 ], [ 4577150.0, 3108450.0 ], [ 4577050.0, 3108650.0 ], [ 4577250.0, 3108550.0 ], [ 4577550.0, 3108550.0 ], [ 4577550.0, 3108750.0 ], [ 4577650.0, 3108850.0 ], [ 4577850.0, 3108850.0 ], [ 4577750.0, 3108550.0 ], [ 4577550.0, 3108350.0 ], [ 4577550.0, 3108250.0 ], [ 4577650.0, 3108150.0 ], [ 4577550.0, 3108150.0 ], [ 4577450.0, 3107950.0 ], [ 4576850.0, 3108150.0 ] ] ] } },
{ "type": "Feature", "properties": { "ID": "Glashütte_146280130_c0", "GEN": "Glashütte", "ARS": "146280130", "LAN": "Sachsen", "area": 0.035, "centroid": "POINT (4585264.285714 3093721.428571)", "DH_demand": 252.93076461016346, "total_demand_cells": 369.72797775268555, "total_demand_area": 704.7384033203125, "share_DH": 41.268074767252202, "heat_density_DH": 7.2265932745761008, "heat_density": 20.135382952008932, "DH_supplied_households": 53.0, "DH_cells": [ [ 4585150, 3093650 ], [ 4585550, 3093650 ], [ 4585250, 3093750 ], [ 4585150, 3093850 ], [ 4585250, 3093850 ] ] }, "geometry": { "type": "Polygon", "coordinates": [ [ [ 4585150.0, 3093650.0 ], [ 4585150.0, 3093850.0 ], [ 4585250.0, 3093850.0 ], [ 4585250.0, 3093750.0 ], [ 4585550.0, 3093650.0 ], [ 4585150.0, 3093650.0 ] ] ] } },
{ "type": "Feature", "properties": { "ID": "Heidenau_146280160_c1", "GEN": "Heidenau", "ARS": "146280160", "LAN": "Sachsen", "area": 2.48, "centroid": "POINT (4592198.790323 3103249.126344)", "DH_demand": 30975.406925175976, "total_demand_cells": 53992.024237632751, "total_demand_area": 93809.1015625, "share_DH": 37.967546523147583, "heat_density_DH": 12.490083437570958, "heat_density": 37.82625063004032, "DH_supplied_households": 5638.0, "DH_cells": [ [ 4592950, 3101950 ], [ 4593450, 3101950 ], [ 4593550, 3101950 ], [ 4593650, 3101950 ], [ 4592750, 3102050 ], [ 4592950, 3102050 ], [ 4593250, 3102050 ], [ 4593350, 3102050 ], [ 4593450, 3102050 ], [ 4593550, 3102050 ], [ 4593650, 3102050 ], [ 4592750, 3102150 ], [ 4592850, 3102150 ], [ 4592950, 3102150 ], [ 4593050, 3102150 ], [ 4593150, 3102150 ], [ 4593250, 3102150 ], [ 4593350, 3102150 ], [ 4593450, 3102150 ], [ 4592750, 3102250 ], [ 4592850, 3102250 ], [ 4592950, 3102250 ], [ 4593050, 3102250 ], [ 4593150, 3102250 ], [ 4593250, 3102250 ], [ 4593350, 3102250 ], [ 4592050, 3102350 ], [ 4592150, 3102350 ], [ 4592550, 3102350 ], [ 4592650, 3102350 ], [ 4592750, 3102350 ], [ 4592850, 3102350 ], [ 4592950, 3102350 ], [ 4593050, 3102350 ], [ 4593150, 3102350 ], [ 4591950, 3102450 ], [ 4592050, 3102450 ], [ 4592150, 3102450 ], [ 4592250, 3102450 ], [ 4592350, 3102450 ], [ 4592450, 3102450 ], [ 4592550, 3102450 ], [ 4592650, 3102450 ], [ 4592750, 3102450 ], [ 4592850, 3102450 ], [ 4592950, 3102450 ], [ 4593050, 3102450 ], [ 4592050, 3102550 ], [ 4592150, 3102550 ], [ 4592250, 3102550 ], [ 4592350, 3102550 ], [ 4592450, 3102550 ], [ 4592550, 3102550 ], [ 4592650, 3102550 ], [ 4592750, 3102550 ], [ 4592950, 3102550 ], [ 4593350, 3102550 ], [ 4592250, 3102650 ], [ 4592350, 3102650 ], [ 4592450, 3102650 ], [ 4592550, 3102650 ], [ 4592750, 3102650 ], [ 4593250, 3102650 ], [ 4592250, 3102750 ], [ 4592350, 3102750 ], [ 4592850, 3102750 ], [ 4593250, 3102750 ], [ 4591850, 3102850 ], [ 4592750, 3102850 ], [ 4593050, 3102850 ], [ 4593150, 3102850 ], [ 4592050, 3102950 ], [ 4592850, 3102950 ], [ 4592950, 3102950 ], [ 4593050, 3102950 ], [ 4592850, 3103050 ], [ 4592950, 3103050 ], [ 4593050, 3103050 ], [ 4592050, 3103150 ], [ 4592150, 3103150 ], [ 4592250, 3103150 ], [ 4592950, 3103150 ], [ 4593050, 3103150 ], [ 4592050, 3103250 ], [ 4592150, 3103250 ], [ 4592850, 3103250 ], [ 4592050, 3103350 ], [ 4592450, 3103350 ], [ 4592550, 3103350 ], [ 4590850, 3103450 ], [ 4592150, 3103450 ], [ 4592350, 3103450 ], [ 4592450, 3103450 ], [ 4592750, 3103450 ], [ 4592850, 3103450 ], [ 4591650, 3103550 ], [ 4592050, 3103550 ], [ 4592350, 3103550 ], [ 4592550, 3103550 ], [ 4592950, 3103550 ], [ 4590650, 3103650 ], [ 4590750, 3103650 ], [ 4590850, 3103650 ], [ 4591650, 3103650 ], [ 4591750, 3103650 ], [ 4592050, 3103650 ], [ 4592150, 3103650 ], [ 4592250, 3103650 ], [ 4592350, 3103650 ], [ 4592450, 3103650 ], [ 4592550, 3103650 ], [ 4592650, 3103650 ], [ 4592850, 3103650 ], [ 4590850, 3103750 ], [ 4591350, 3103750 ], [ 4591450, 3103750 ], [ 4592050, 3103750 ], [ 4592250, 3103750 ], [ 4592350, 3103750 ], [ 4592450, 3103750 ], [ 4592550, 3103750 ], [ 4592650, 3103750 ], [ 4592750, 3103750 ], [ 4592850, 3103750 ], [ 4591450, 3103850 ], [ 4591950, 3103850 ], [ 4592050, 3103850 ], [ 4592150, 3103850 ], [ 4592250, 3103850 ], [ 4592350, 3103850 ], [ 4592450, 3103850 ], [ 4592550, 3103850 ], [ 4592650, 3103850 ], [ 4592750, 3103850 ], [ 4591350, 3103950 ], [ 4591950, 3103950 ], [ 4592050, 3103950 ], [ 4592150, 3103950 ], [ 4592250, 3103950 ], [ 4592350, 3103950 ], [ 4592450, 3103950 ], [ 4592550, 3103950 ], [ 4590450, 3104050 ], [ 4591950, 3104050 ], [ 4592050, 3104050 ], [ 4592150, 3104050 ], [ 4592250, 3104050 ], [ 4592350, 3104050 ], [ 4592450, 3104050 ], [ 4590550, 3104150 ], [ 4591850, 3104150 ], [ 4591950, 3104150 ], [ 4592050, 3104150 ], [ 4592350, 3104150 ], [ 4592450, 3104150 ], [ 4591050, 3104250 ], [ 4591950, 3104250 ], [ 4592050, 3104250 ], [ 4592150, 3104250 ], [ 4590750, 3104350 ], [ 4590850, 3104350 ], [ 4591850, 3104350 ], [ 4591950, 3104350 ], [ 4590850, 3104450 ], [ 4591850, 3104450 ], [ 4591950, 3104450 ], [ 4592050, 3104450 ] ] }, "geometry": { "type": "Polygon", "coordinates": [ [ [ 4590450.0, 3104050.0 ], [ 4590550.0, 3104150.0 ], [ 4590750.0, 3104350.0 ], [ 4590850.0, 3104450.0 ], [ 4591050.0, 3104250.0 ], [ 4591350.0, 3103950.0 ], [ 4591450.0, 3103850.0 ], [ 4591650.0, 3103650.0 ], [ 4591950.0, 3103850.0 ], [ 4591950.0, 3103950.0 ], [ 4591950.0, 3104050.0 ], [ 4591850.0, 3104150.0 ], [ 4591950.0, 3104150.0 ], [ 4591950.0, 3104250.0 ], [ 4591950.0, 3104350.0 ], [ 4591850.0, 3104350.0 ], [ 4591850.0, 3104450.0 ], [ 4591950.0, 3104450.0 ], [ 4592050.0, 3104450.0 ], [ 4592050.0, 3104250.0 ], [ 4592150.0, 3104250.0 ], [ 4592150.0, 3104050.0 ], [ 4592250.0, 3104050.0 ], [ 4592350.0, 3104050.0 ], [ 4592350.0, 3104150.0 ], [ 4592450.0, 3104150.0 ], [ 4592450.0, 3104050.0 ], [ 4592450.0, 3103950.0 ], [ 4592550.0, 3103950.0 ], [ 4592550.0, 3103850.0 ], [ 4592650.0, 3103850.0 ], [ 4592750.0, 3103850.0 ], [ 4592750.0, 3103750.0 ], [ 4592850.0, 3103750.0 ], [ 4592850.0, 3103650.0 ], [ 4592950.0, 3103550.0 ], [ 4592850.0, 3103450.0 ], [ 4592850.0, 3103250.0 ], [ 4592950.0, 3103150.0 ], [ 4593050.0, 3103150.0 ], [ 4593050.0, 3103050.0 ], [ 4593050.0, 3102950.0 ], [ 4593050.0, 3102850.0 ], [ 4593150.0, 3102850.0 ], [ 4593250.0, 3102750.0 ], [ 4593250.0, 3102650.0 ], [ 4593350.0, 3102550.0 ], [ 4593350.0, 3102250.0 ], [ 4593350.0, 3102150.0 ], [ 4593450.0, 3102150.0 ], [ 4593450.0, 3102050.0 ], [ 4593550.0, 3102050.0 ], [ 4593650.0, 3102050.0 ], [ 4593650.0, 3101950.0 ], [ 4593550.0, 3101950.0 ], [ 4593450.0, 3101950.0 ], [ 4593350.0, 3102050.0 ], [ 4593250.0, 3102050.0 ], [ 4593250.0, 3102150.0 ], [ 4593150.0, 3102150.0 ], [ 4593050.0, 3102150.0 ], [ 4592950.0, 3101950.0 ], [ 4592950.0, 3102050.0 ], [ 4592950.0, 3102150.0 ], [ 4592850.0, 3102150.0 ], [ 4592750.0, 3102150.0 ], [ 4592750.0, 3102050.0 ], [ 4592650.0, 3102350.0 ], [ 4592550.0, 3102350.0 ], [ 4592550.0, 3102450.0 ], [ 4592450.0, 3102450.0 ], [ 4592350.0, 3102450.0 ], [ 4592250.0, 3102450.0 ], [ 4592150.0, 3102450.0 ], [ 4592150.0, 3102350.0 ], [ 4592050.0, 3102350.0 ], [ 4592050.0, 3102450.0 ], [ 4591950.0, 3102450.0 ], [ 4591850.0, 3102850.0 ], [ 4592050.0, 3102950.0 ], [ 4592050.0, 3103150.0 ], [ 4592050.0, 3103250.0 ], [ 4592050.0, 3103350.0 ], [ 4592150.0, 3103450.0 ], [ 4592050.0, 3103550.0 ], [ 4592050.0, 3103650.0 ], [ 4591750.0, 3103650.0 ], [ 4591650.0, 3103550.0 ], [ 4591450.0, 3103750.0 ], [ 4591350.0, 3103750.0 ], [ 4590850.0, 3103450.0 ], [ 4590850.0, 3103650.0 ], [ 4590750.0, 3103650.0 ], [ 4590650.0, 3103650.0 ], [ 4590450.0, 3104050.0 ] ] ] } },
{ "type": "Feature", "properties": { "ID": "Kreischa_146280220_c0", "GEN": "Kreischa", "ARS": "146280220", "LAN": "Sachsen", "area": 0.425, "centroid": "POINT (4585511.960784 3099028.431373)", "DH_demand": 739.89956678195483, "total_demand_cells": 2424.6501770019531, "total_demand_area": 8905.1083984375, "share_DH": 9.5537539614215898, "heat_density_DH": 1.7409401571340113, "heat_density": 20.953196231617646, "DH_supplied_households": 57.0, "DH_cells": [ [ 4586550, 3097750 ], [ 4586450, 3097850 ], [ 4586150, 3098350 ], [ 4585850, 3098750 ], [ 4585550, 3098950 ], [ 4584850, 3099250 ], [ 4585350, 3099250 ], [ 4584450, 3099350 ], [ 4585050, 3099350 ], [ 4585150, 3099350 ], [ 4584150, 3099450 ], [ 4585050, 3099450 ], [ 4585450, 3099750 ] ] }, "geometry": { "type": "Polygon", "coordinates": [ [ [ 4586450.0, 3097850.0 ], [ 4585550.0, 3098950.0 ], [ 4584450.0, 3099350.0 ], [ 4584150.0, 3099450.0 ], [ 4584850.0, 3099250.0 ], [ 4585050.0, 3099450.0 ], [ 4585150.0, 3099350.0 ], [ 4585350.0, 3099250.0 ], [ 4585450.0, 3099750.0 ], [ 4585850.0, 3098750.0 ], [ 4586150.0, 3098350.0 ], [ 4586550.0, 3097750.0 ], [ 4586450.0, 3097850.0 ] ] ] } },
{ "type": "Feature", "properties": { "ID": "Neustadt in Sachsen_146280260_c0", "GEN": "Neustadt in Sachsen", "ARS": "146280260", "LAN": "Sachsen", "area": 1.255, "centroid": "POINT (4616117.861886 3109858.10093)", "DH_demand": 12465.104213731665, "total_demand_cells": 17629.72672855854, "total_demand_area": 41373.5546875, "share_DH": 34.642846378364247, "heat_density_DH": 9.9323539551646736, "heat_density": 32.966975846613543, "DH_supplied_households": 1624.0, "DH_cells": [ [ 4615850, 3109150 ], [ 4616650, 3109150 ], [ 4615750, 3109250 ], [ 4615850, 3109250 ], [ 4615950, 3109250 ], [ 4615750, 3109350 ], [ 4615850, 3109350 ], [ 4615950, 3109350 ], [ 4615750, 3109450 ], [ 4615850, 3109450 ], [ 4615950, 3109450 ], [ 4616150, 3109450 ], [ 4615750, 3109550 ], [ 4615850, 3109550 ], [ 4615950, 3109550 ], [ 4616350, 3109550 ], [ 4616450, 3109550 ], [ 4615550, 3109650 ], [ 4615650, 3109650 ], [ 4616950, 3109650 ], [ 4615450, 3109750 ], [ 4615550, 3109750 ], [ 4615650, 3109750 ], [ 4615850, 3109750 ], [ 4615950, 3109750 ], [ 4616450, 3109750 ], [ 4615350, 3109850 ], [ 4615450, 3109850 ], [ 4615550, 3109850 ], [ 4615750, 3109850 ], [ 4615850, 3109850 ], [ 4615950, 3109850 ], [ 4616150, 3109850 ], [ 4617450, 3109850 ], [ 4614850, 3109950 ], [ 4615350, 3109950 ], [ 4615450, 3109950 ], [ 4615650, 3109950 ], [ 4615750, 3109950 ], [ 4616150, 3109950 ], [ 4616450, 3109950 ], [ 4616750, 3109950 ], [ 4614950, 3110050 ], [ 4615450, 3110050 ], [ 4615550, 3110050 ], [ 4615650, 3110050 ], [ 4616850, 3110050 ], [ 4615950, 3110150 ], [ 4616050, 3110350 ], [ 4615850, 3110450 ], [ 4615450, 3110750 ] ] }, "geometry": { "type": "Polygon", "coordinates": [ [ [ 4615750.0, 3109250.0 ], [ 4615750.0, 3109350.0 ], [ 4615750.0, 3109450.0 ], [ 4615750.0, 3109550.0 ], [ 4615650.0, 3109650.0 ], [ 4615550.0, 3109650.0 ], [ 4615550.0, 3109750.0 ], [ 4615450.0, 3109750.0 ], [ 4615450.0, 3109850.0 ], [ 4615350.0, 3109850.0 ], [ 4614850.0, 3109950.0 ], [ 4614950.0, 3110050.0 ], [ 4615350.0, 3109950.0 ], [ 4615450.0, 3109950.0 ], [ 4615450.0, 3110050.0 ], [ 4615450.0, 3110750.0 ], [ 4615850.0, 3110450.0 ], [ 4616050.0, 3110350.0 ], [ 4615950.0, 3110150.0 ], [ 4616150.0, 3109950.0 ], [ 4616450.0, 3109950.0 ], [ 4616750.0, 3109950.0 ], [ 4616850.0, 3110050.0 ], [ 4617450.0, 3109850.0 ], [ 4616950.0, 3109650.0 ], [ 4616650.0, 3109150.0 ], [ 4616450.0, 3109550.0 ], [ 4616350.0, 3109550.0 ], [ 4616150.0, 3109450.0 ], [ 4615950.0, 3109450.0 ], [ 4615950.0, 3109350.0 ], [ 4615950.0, 3109250.0 ], [ 4615850.0, 3109150.0 ], [ 4615750.0, 3109250.0 ] ] ] } },
{ "type": "Feature", "properties": { "ID": "Neustadt in Sachsen_146280260_c1", "GEN": "Neustadt in Sachsen", "ARS": "146280260", "LAN": "Sachsen", "area": 0.19, "centroid": "POINT (4618395.614035 3110271.052632)", "DH_demand": 226.49074690359433, "total_demand_cells": 930.42245483398438, "total_demand_area": 3298.005615234375, "share_DH": 7.8965895208430616, "heat_density_DH": 1.1920565626504964, "heat_density": 17.357924290707238, "DH_supplied_households": 15.0, "DH_cells": [ [ 4618150, 3110050 ], [ 4618450, 3110050 ], [ 4618650, 3110250 ], [ 4618150, 3110450 ], [ 4618750, 3110450 ] ] }, "geometry": { "type": "Polygon", "coordinates": [ [ [ 4618150.0, 3110050.0 ], [ 4618150.0, 3110450.0 ], [ 4618750.0, 3110450.0 ], [ 4618650.0, 3110250.0 ], [ 4618450.0, 3110050.0 ], [ 4618150.0, 3110050.0 ] ] ] } },
{ "type": "Feature", "properties": { "ID": "Rabenau_146280300_c0", "GEN": "Rabenau", "ARS": "146280300", "LAN": "Sachsen", "area": 0.225, "centroid": "POINT (4576905.555556 3101161.111111)", "DH_demand": 728.18855420028444, "total_demand_cells": 2898.0562286376953, "total_demand_area": 8728.9853515625, "share_DH": 9.5922518658990548, "heat_density_DH": 3.2363935742234866, "heat_density": 38.795490451388893, "DH_supplied_households": 55.0, "DH_cells": [ [ 4576750, 3100950 ], [ 4577050, 3100950 ], [ 4577250, 3100950 ], [ 4576750, 3101250 ], [ 4576950, 3101250 ], [ 4577250, 3101250 ], [ 4576550, 3101350 ], [ 4576950, 3101350 ], [ 4576350, 3101450 ], [ 4576650, 3101450 ] ] }, "geometry": { "type": "Polygon", "coordinates": [ [ [ 4576550.0, 3101350.0 ], [ 4576350.0, 3101450.0 ], [ 4576650.0, 3101450.0 ], [ 4576750.0, 3101250.0 ], [ 4576950.0, 3101250.0 ], [ 4576950.0, 3101350.0 ], [ 4577250.0, 3101250.0 ], [ 4577250.0, 3100950.0 ], [ 4577050.0, 3100950.0 ], [ 4576750.0, 3100950.0 ], [ 4576550.0, 3101350.0 ] ] ] } },
{ "type": "Feature", "properties": { "ID": "Sebnitz_146280360_c0", "GEN": "Sebnitz", "ARS": "146280360", "LAN": "Sachsen", "area": 0.94, "centroid": "POINT (4620666.312057 3104174.822695)", "DH_demand": 3964.218921302227, "total_demand_cells": 6225.787239074707, "total_demand_area": 20820.591796875, "share_DH": 21.892988577853721, "heat_density_DH": 4.217254171598114, "heat_density": 22.149565741356383, "DH_supplied_households": 610.0, "DH_cells": [ [ 4620450, 3103750 ], [ 4619650, 3103850 ], [ 4620850, 3104050 ], [ 4621750, 3104050 ], [ 4620350, 3104150 ], [ 4620050, 3104250 ], [ 4620150, 3104250 ], [ 4620250, 3104250 ], [ 4620350, 3104250 ], [ 4620050, 3104350 ], [ 4620150, 3104350 ], [ 4620250, 3104350 ], [ 4620350, 3104350 ], [ 4620450, 3104350 ], [ 4621050, 3104350 ], [ 4621550, 3104350 ], [ 4620250, 3104450 ], [ 4620350, 3104450 ], [ 4620450, 3104450 ], [ 4621250, 3104450 ], [ 4621650, 3104450 ], [ 4620250, 3104550 ], [ 4620350, 3104550 ], [ 4620450, 3104550 ], [ 4620650, 3104650 ] ] }, "geometry": { "type": "Polygon", "coordinates": [ [ [ 4619650.0, 3103850.0 ], [ 4620050.0, 3104250.0 ], [ 4620050.0, 3104350.0 ], [ 4620150.0, 3104350.0 ], [ 4620250.0, 3104350.0 ], [ 4620250.0, 3104450.0 ], [ 4620250.0, 3104550.0 ], [ 4620350.0, 3104550.0 ], [ 4620450.0, 3104550.0 ], [ 4620650.0, 3104650.0 ], [ 4621050.0, 3104350.0 ], [ 4621250.0, 3104450.0 ], [ 4621550.0, 3104350.0 ], [ 4621650.0, 3104450.0 ], [ 4621750.0, 3104050.0 ], [ 4620850.0, 3104050.0 ], [ 4620450.0, 3103750.0 ], [ 4619650.0, 3103850.0 ] ] ] } },
{ "type": "Feature", "properties": { "ID": "Stolpen_146280380_c1", "GEN": "Stolpen", "ARS": "146280380", "LAN": "Sachsen", "area": 0.065, "centroid": "POINT (4607165.384615 3112073.076923)", "DH_demand": 213.3272937448119, "total_demand_cells": 1054.8932595252991, "total_demand_area": 1827.458740234375, "share_DH": 13.422682995586847, "heat_density_DH": 3.2819583653047983, "heat_density": 28.114749849759615, "DH_supplied_households": 31.0, "DH_cells": [ [ 4607150, 3111850 ], [ 4607250, 3111850 ], [ 4607050, 3112150 ], [ 4607250, 3112150 ], [ 4607050, 3112250 ], [ 4607250, 3112250 ] ] }, "geometry": { "type": "Polygon", "coordinates": [ [ [ 4607050.0, 3112150.0 ], [ 4607050.0, 3112250.0 ], [ 4607250.0, 3112250.0 ], [ 4607250.0, 3112150.0 ], [ 4607250.0, 3111850.0 ], [ 4607150.0, 3111850.0 ], [ 4607050.0, 3112150.0 ] ] ] } },
{ "type": "Feature", "properties": { "ID": "Wilsdruff_146280410_c0", "GEN": "Wilsdruff", "ARS": "146280410", "LAN": "Sachsen", "area": 0.165, "centroid": "POINT (4563692.424242 3104747.979798)", "DH_demand": 263.89701134055287, "total_demand_cells": 925.34314346313477, "total_demand_area": 3354.52587890625, "share_DH": 9.0457340512573943, "heat_density_DH": 1.5993758263063813, "heat_density": 20.330459872159093, "DH_supplied_households": 21.0, "DH_cells": [ [ 4563450, 3104450 ], [ 4563550, 3104450 ], [ 4563750, 3104550 ], [ 4563550, 3104650 ], [ 4563850, 3104650 ], [ 4563450, 3104850 ], [ 4563950, 3105050 ] ] }, "geometry": { "type": "Polygon", "coordinates": [ [ [ 4563450.0, 3104450.0 ], [ 4563550.0, 3104650.0 ], [ 4563450.0, 3104850.0 ], [ 4563950.0, 3105050.0 ], [ 4563850.0, 3104650.0 ], [ 4563750.0, 3104550.0 ], [ 4563550.0, 3104450.0 ], [ 4563450.0, 3104450.0 ] ] ] } },
{ "type": "Feature", "properties": { "ID": "Wilsdruff_146280410_c2", "GEN": "Wilsdruff", "ARS": "146280410", "LAN": "Sachsen", "area": 0.34, "centroid": "POINT (4572713.72549 3108513.72549)", "DH_demand": 916.43314535857587, "total_demand_cells": 4301.8285942077637, "total_demand_area": 13917.9267578125, "share_DH": 7.5712350917133433, "heat_density_DH": 2.6953916039958119, "heat_density": 40.935078699448539, "DH_supplied_households": 97.0, "DH_cells": [ [ 4572350, 3108050 ], [ 4572450, 3108050 ], [ 4572250, 3108150 ], [ 4572350, 3108150 ], [ 4572450, 3108250 ], [ 4572350, 3108350 ], [ 4572250, 3108450 ], [ 4572350, 3108450 ], [ 4572850, 3108450 ], [ 4573450, 3108550 ], [ 4572450, 3108650 ], [ 4573050, 3108650 ], [ 4573150, 3108650 ], [ 4573250, 3108650 ], [ 4573450, 3108650 ], [ 4572550, 3108750 ], [ 4572550, 3108850 ] ] }, "geometry": { "type": "Polygon", "coordinates": [ [ [ 4572350.0, 3108150.0 ], [ 4572250.0, 3108150.0 ], [ 4572350.0, 3108350.0 ], [ 4572250.0, 3108450.0 ], [ 4572450.0, 3108650.0 ], [ 4572550.0, 3108750.0 ], [ 4572550.0, 3108850.0 ], [ 4573050.0, 3108650.0 ], [ 4573150.0, 3108650.0 ], [ 4573250.0, 3108650.0 ], [ 4573450.0, 3108650.0 ], [ 4573450.0, 3108550.0 ], [ 4572850.0, 3108450.0 ], [ 4572450.0, 3108250.0 ], [ 4572450.0, 3108050.0 ], [ 4572350.0, 3108050.0 ], [ 4572350.0, 3108150.0 ] ] ] } },
{ "type": "Feature", "properties": { "ID": "Wilsdruff_146280410_c3", "GEN": "Wilsdruff", "ARS": "146280410", "LAN": "Sachsen", "area": 0.12, "centroid": "POINT (4569577.777778 3108638.888889)", "DH_demand": 320.83057271422922, "total_demand_cells": 1024.444285929203, "total_demand_area": 2994.477294921875, "share_DH": 12.319560425532346, "heat_density_DH": 2.67358810595191, "heat_density": 24.953977457682292, "DH_supplied_households": 27.0, "DH_cells": [ [ 4569750, 3108450 ], [ 4569450, 3108550 ], [ 4569650, 3108550 ], [ 4569750, 3108550 ], [ 4570050, 3108550 ], [ 4569250, 3108750 ], [ 4569350, 3108750 ], [ 4570150, 3108750 ], [ 4568750, 3108950 ] ] }, "geometry": { "type": "Polygon", "coordinates": [ [ [ 4568750.0, 3108950.0 ], [ 4569250.0, 3108750.0 ], [ 4569350.0, 3108750.0 ], [ 4569750.0, 3108550.0 ], [ 4570150.0, 3108750.0 ], [ 4570050.0, 3108550.0 ], [ 4569750.0, 3108450.0 ], [ 4569650.0, 3108550.0 ], [ 4569450.0, 3108550.0 ], [ 4568750.0, 3108950.0 ] ] ] } },
{ "type": "Feature", "properties": { "ID": "Wilsdruff_146280410_c4", "GEN": "Wilsdruff", "ARS": "146280410", "LAN": "Sachsen", "area": 0.715, "centroid": "POINT (4568796.853147 3110305.710956)", "DH_demand": 1052.2934794154012, "total_demand_cells": 4396.1517392992973, "total_demand_area": 17391.849609375, "share_DH": 6.9571536976840349, "heat_density_DH": 1.4717391320495121, "heat_density": 24.324265187937062, "DH_supplied_households": 129.0, "DH_cells": [ [ 4569150, 3109650 ], [ 4568850, 3109750 ], [ 4569050, 3110050 ], [ 4568550, 3110150 ], [ 4569050, 3110150 ], [ 4569450, 3110150 ], [ 4569550, 3110150 ], [ 4568950, 3110350 ], [ 4568150, 3110450 ], [ 4568850, 3110450 ], [ 4569050, 3110450 ], [ 4569150, 3110450 ], [ 4569250, 3110450 ], [ 4568050, 3110550 ], [ 4568750, 3110550 ], [ 4569050, 3110550 ], [ 4569150, 3110550 ], [ 4569250, 3110550 ], [ 4568150, 3110650 ], [ 4568350, 3110650 ], [ 4568950, 3110650 ], [ 4568750, 3110750 ] ] }, "geometry": { "type": "Polygon", "coordinates": [ [ [ 4568550.0, 3110150.0 ], [ 4568150.0, 3110450.0 ], [ 4568050.0, 3110550.0 ], [ 4568150.0, 3110650.0 ], [ 4568350.0, 3110650.0 ], [ 4568750.0, 3110750.0 ], [ 4568950.0, 3110650.0 ], [ 4569050.0, 3110550.0 ], [ 4569150.0, 3110550.0 ], [ 4569250.0, 3110550.0 ], [ 4569250.0, 3110450.0 ], [ 4569550.0, 3110150.0 ], [ 4569450.0, 3110150.0 ], [ 4569050.0, 3110150.0 ], [ 4569050.0, 3110050.0 ], [ 4569150.0, 3109650.0 ], [ 4568850.0, 3109750.0 ], [ 4568550.0, 3110150.0 ] ] ] } },
{ "type": "Feature", "properties": { "ID": "Altenberg_146285201_c0", "GEN": "Altenberg", "ARS": "146285201", "LAN": "Sachsen", "area": 0.045, "centroid": "POINT (4588479.62963 3078716.666667)", "DH_demand": 285.06418035548199, "total_demand_cells": 1555.7857513427734, "total_demand_area": 3859.715576171875, "share_DH": 8.4923490682821434, "heat_density_DH": 6.3347595634551555, "heat_density": 85.771457248263886, "DH_supplied_households": 18.0, "DH_cells": [ [ 4588450, 3078550 ], [ 4588550, 3078550 ], [ 4588550, 3078650 ], [ 4588550, 3078750 ], [ 4588650, 3078750 ], [ 4588350, 3078950 ] ] }, "geometry": { "type": "Polygon", "coordinates": [ [ [ 4588350.0, 3078950.0 ], [ 4588550.0, 3078750.0 ], [ 4588650.0, 3078750.0 ], [ 4588550.0, 3078650.0 ], [ 4588550.0, 3078550.0 ], [ 4588450.0, 3078550.0 ], [ 4588350.0, 3078950.0 ] ] ] } },
{ "type": "Feature", "properties": { "ID": "Altenberg_146285201_c1", "GEN": "Altenberg", "ARS": "146285201", "LAN": "Sachsen", "area": 0.215, "centroid": "POINT (4585622.093023 3079515.116279)", "DH_demand": 4324.7449174094645, "total_demand_cells": 6660.8221137523651, "total_demand_area": 9776.9619140625, "share_DH": 50.862425122247622, "heat_density_DH": 20.11509263911379, "heat_density": 45.474241460755813, "DH_supplied_households": 710.0, "DH_cells": [ [ 4585450, 3079150 ], [ 4586250, 3079150 ], [ 4585350, 3079250 ], [ 4585450, 3079250 ], [ 4585550, 3079250 ], [ 4586150, 3079250 ], [ 4586250, 3079250 ], [ 4585350, 3079350 ], [ 4585450, 3079350 ], [ 4585550, 3079350 ], [ 4586050, 3079350 ], [ 4585250, 3079450 ], [ 4585350, 3079450 ], [ 4585450, 3079450 ], [ 4585550, 3079450 ], [ 4585950, 3079450 ], [ 4586050, 3079450 ], [ 4585450, 3079550 ], [ 4585750, 3079550 ], [ 4585950, 3079550 ], [ 4586050, 3079550 ], [ 4585450, 3079650 ], [ 4585550, 3079650 ], [ 4585350, 3079750 ], [ 4585450, 3079750 ], [ 4585550, 3079750 ], [ 4585650, 3079750 ], [ 4585250, 3079850 ], [ 4585250, 3079950 ] ] }, "geometry": { "type": "Polygon", "coordinates": [ [ [ 4585350.0, 3079350.0 ], [ 4585350.0, 3079450.0 ], [ 4585250.0, 3079450.0 ], [ 4585450.0, 3079550.0 ], [ 4585450.0, 3079650.0 ], [ 4585350.0, 3079750.0 ], [ 4585250.0, 3079850.0 ], [ 4585250.0, 3079950.0 ], [ 4585450.0, 3079750.0 ], [ 4585550.0, 3079750.0 ], [ 4585650.0, 3079750.0 ], [ 4585950.0, 3079550.0 ], [ 4586050.0, 3079550.0 ], [ 4586050.0, 3079450.0 ], [ 4586050.0, 3079350.0 ], [ 4586150.0, 3079250.0 ], [ 4586250.0, 3079250.0 ], [ 4586250.0, 3079150.0 ], [ 4585750.0, 3079550.0 ], [ 4585550.0, 3079450.0 ], [ 4585550.0, 3079350.0 ], [ 4585550.0, 3079250.0 ], [ 4585450.0, 3079150.0 ], [ 4585350.0, 3079250.0 ], [ 4585350.0, 3079350.0 ] ] ] } },
{ "type": "Feature", "properties": { "ID": "Bad Gottleuba-Berggießhübel_146285202_c1", "GEN": "Bad Gottleuba-Berggießhübel", "ARS": "146285202", "LAN": "Sachsen", "area": 0.225, "centroid": "POINT (4598995.925926 3092309.259259)", "DH_demand": 353.27970804294421, "total_demand_cells": 1283.8557891845703, "total_demand_area": 4962.1796875, "share_DH": 8.1862819065947079, "heat_density_DH": 1.5701320357464188, "heat_density": 22.054131944444446, "DH_supplied_households": 41.0, "DH_cells": [ [ 4599150, 3091950 ], [ 4599150, 3092050 ], [ 4598850, 3092150 ], [ 4599050, 3092250 ], [ 4598150, 3092350 ], [ 4598450, 3092350 ], [ 4598950, 3092350 ], [ 4599050, 3092450 ], [ 4599550, 3092550 ] ] }, "geometry": { "type": "Polygon", "coordinates": [ [ [ 4599050.0, 3092250.0 ], [ 4598850.0, 3092150.0 ], [ 4598150.0, 3092350.0 ], [ 4598450.0, 3092350.0 ], [ 4598950.0, 3092350.0 ], [ 4599050.0, 3092450.0 ], [ 4599550.0, 3092550.0 ], [ 4599150.0, 3092050.0 ], [ 4599150.0, 3091950.0 ], [ 4599050.0, 3092250.0 ] ] ] } },
{ "type": "Feature", "properties": { "ID": "Dohna-Müglitztal_146285209_c1", "GEN": "Dohna-Müglitztal", "ARS": "146285209", "LAN": "Sachsen", "area": 0.675, "centroid": "POINT (4592229.259259 3101586.790123)", "DH_demand": 278.269382353541, "total_demand_cells": 1124.7748107910156, "total_demand_area": 8677.2841796875, "share_DH": 3.6874156389105934, "heat_density_DH": 0.41225093682006081, "heat_density": 12.855235821759262, "DH_supplied_households": 56.0, "DH_cells": [ [ 4592050, 3100750 ], [ 4592350, 3101050 ], [ 4591850, 3101250 ], [ 4592050, 3101350 ], [ 4592550, 3101650 ], [ 4592750, 3101750 ], [ 4592350, 3102150 ], [ 4591950, 3102350 ] ] }, "geometry": { "type": "Polygon", "coordinates": [ [ [ 4591850.0, 3101250.0 ], [ 4592050.0, 3101350.0 ], [ 4591950.0, 3102350.0 ], [ 4592350.0, 3102150.0 ], [ 4592750.0, 3101750.0 ], [ 4592550.0, 3101650.0 ], [ 4592350.0, 3101050.0 ], [ 4592050.0, 3100750.0 ], [ 4591850.0, 3101250.0 ] ] ] } },
{ "type": "Feature", "properties": { "ID": "Dohna-Müglitztal_146285209_c2", "GEN": "Dohna-Müglitztal", "ARS": "146285209", "LAN": "Sachsen", "area": 0.165, "centroid": "POINT (4587773.232323 3102358.080808)", "DH_demand": 298.6795448427971, "total_demand_cells": 830.16159820556641, "total_demand_area": 3592.890869140625, "share_DH": 9.5587685214103679, "heat_density_DH": 1.810179059653316, "heat_density": 21.775096176609853, "DH_supplied_households": 18.0, "DH_cells": [ [ 4587750, 3102250 ], [ 4588150, 3102250 ], [ 4587150, 3102350 ], [ 4587450, 3102450 ], [ 4588150, 3102450 ], [ 4588250, 3102450 ] ] }, "geometry": { "type": "Polygon", "coordinates": [ [ [ 4587150.0, 3102350.0 ], [ 4587450.0, 3102450.0 ], [ 4588150.0, 3102450.0 ], [ 4588250.0, 3102450.0 ], [ 4588150.0, 3102250.0 ], [ 4587750.0, 3102250.0 ], [ 4587150.0, 3102350.0 ] ] ] } },
{ "type": "Feature", "properties": { "ID": "Königstein/Sächs.Schw._146285219_c1", "GEN": "Königstein/Sächs.Schw.", "ARS": "146285219", "LAN": "Sachsen", "area": 0.115, "centroid": "POINT (4602387.681159 3099418.115942)", "DH_demand": 287.73384751948083, "total_demand_cells": 888.98113632202148, "total_demand_area": 2219.559326171875, "share_DH": 14.906122477276993, "heat_density_DH": 2.5020334566911382, "heat_density": 19.300515879755437, "DH_supplied_households": 24.0, "DH_cells": [ [ 4602550, 3099250 ], [ 4602150, 3099350 ], [ 4602550, 3099350 ], [ 4602050, 3099450 ], [ 4602450, 3099450 ], [ 4602050, 3099550 ], [ 4602150, 3099550 ], [ 4602950, 3099550 ] ] }, "geometry": { "type": "Polygon", "coordinates": [ [ [ 4602050.0, 3099450.0 ], [ 4602050.0, 3099550.0 ], [ 4602150.0, 3099550.0 ], [ 4602450.0, 3099450.0 ], [ 4602950.0, 3099550.0 ], [ 4602550.0, 3099350.0 ], [ 4602550.0, 3099250.0 ], [ 4602150.0, 3099350.0 ], [ 4602050.0, 3099450.0 ] ] ] } },
{ "type": "Feature", "properties": { "ID": "Lohmen/Stadt Wehlen_146285221_c1", "GEN": "Lohmen/Stadt Wehlen", "ARS": "146285221", "LAN": "Sachsen", "area": 0.09, "centroid": "POINT (4602505.555556 3101968.518519)", "DH_demand": 228.37969869994134, "total_demand_cells": 439.29634094238281, "total_demand_area": 1575.519287109375, "share_DH": 16.667645752241441, "heat_density_DH": 2.537552207777126, "heat_density": 17.505769856770833, "DH_supplied_households": 12.0, "DH_cells": [ [ 4602850, 3101750 ], [ 4602750, 3101950 ], [ 4602150, 3102050 ], [ 4602250, 3102150 ] ] }, "geometry": { "type": "Polygon", "coordinates": [ [ [ 4602150.0, 3102050.0 ], [ 4602250.0, 3102150.0 ], [ 4602750.0, 3101950.0 ], [ 4602850.0, 3101750.0 ], [ 4602150.0, 3102050.0 ] ] ] } },
{ "type": "Feature", "properties": { "ID": "Pirna_146285229_c1", "GEN": "Pirna", "ARS": "146285229", "LAN": "Sachsen", "area": 0.11, "centroid": "POINT (4598562.121212 3099013.636364)", "DH_demand": 302.88994195549918, "total_demand_cells": 1308.8214292526245, "total_demand_area": 6203.84423828125, "share_DH": 5.6138972119947841, "heat_density_DH": 2.7535449268681744, "heat_density": 56.398583984375001, "DH_supplied_households": 98.0, "DH_cells": [ [ 4598950, 3098550 ], [ 4598550, 3098750 ], [ 4598850, 3098750 ], [ 4598650, 3098950 ], [ 4598450, 3099250 ], [ 4598050, 3099650 ], [ 4598050, 3099750 ] ] }, "geometry": { "type": "Polygon", "coordinates": [ [ [ 4598650.0, 3098950.0 ], [ 4598050.0, 3099650.0 ], [ 4598050.0, 3099750.0 ], [ 4598450.0, 3099250.0 ], [ 4598850.0, 3098750.0 ], [ 4598950.0, 3098550.0 ], [ 4598550.0, 3098750.0 ], [ 4598650.0, 3098950.0 ] ] ] } },
{ "type": "Feature", "properties": { "ID": "Pirna_146285229_c3", "GEN": "Pirna", "ARS": "146285229", "LAN": "Sachsen", "area": 4.02, "centroid": "POINT (4597589.759536 3101957.172471)", "DH_demand": 36421.425133278062, "total_demand_cells": 60487.710730552673, "total_demand_area": 153663.203125, "share_DH": 27.253830049225154, "heat_density_DH": 9.0600560033030018, "heat_density": 38.224677394278608, "DH_supplied_households": 6973.0, "DH_cells": [ [ 4596950, 3100350 ], [ 4598850, 3100450 ], [ 4599050, 3100450 ], [ 4598950, 3100550 ], [ 4599050, 3100550 ], [ 4599150, 3100550 ], [ 4597850, 3100650 ], [ 4597950, 3100650 ], [ 4598750, 3100650 ], [ 4598850, 3100650 ], [ 4598950, 3100650 ], [ 4599050, 3100650 ], [ 4597150, 3100750 ], [ 4597850, 3100750 ], [ 4597950, 3100750 ], [ 4598750, 3100750 ], [ 4598850, 3100750 ], [ 4599250, 3100750 ], [ 4597850, 3100850 ], [ 4597950, 3100850 ], [ 4598650, 3100850 ], [ 4598750, 3100850 ], [ 4598850, 3100850 ], [ 4598950, 3100850 ], [ 4599050, 3100850 ], [ 4599150, 3100850 ], [ 4599250, 3100850 ], [ 4596750, 3100950 ], [ 4597650, 3100950 ], [ 4598450, 3100950 ], [ 4598550, 3100950 ], [ 4598650, 3100950 ], [ 4598750, 3100950 ], [ 4598850, 3100950 ], [ 4598950, 3100950 ], [ 4599250, 3100950 ], [ 4597050, 3101050 ], [ 4598450, 3101050 ], [ 4598950, 3101050 ], [ 4599050, 3101050 ], [ 4599150, 3101050 ], [ 4599250, 3101050 ], [ 4596850, 3101150 ], [ 4598450, 3101150 ], [ 4598550, 3101150 ], [ 4598650, 3101150 ], [ 4598750, 3101150 ], [ 4598850, 3101150 ], [ 4599050, 3101150 ], [ 4599150, 3101150 ], [ 4599250, 3101150 ], [ 4596950, 3101250 ], [ 4597250, 3101250 ], [ 4597350, 3101250 ], [ 4597650, 3101250 ], [ 4597750, 3101250 ], [ 4598450, 3101250 ], [ 4598550, 3101250 ], [ 4598650, 3101250 ], [ 4598750, 3101250 ], [ 4598850, 3101250 ], [ 4598950, 3101250 ], [ 4599050, 3101250 ], [ 4599150, 3101250 ], [ 4599250, 3101250 ], [ 4597050, 3101350 ], [ 4597150, 3101350 ], [ 4597250, 3101350 ], [ 4597650, 3101350 ], [ 4597750, 3101350 ], [ 4598150, 3101350 ], [ 4598450, 3101350 ], [ 4598550, 3101350 ], [ 4598650, 3101350 ], [ 4598750, 3101350 ], [ 4598850, 3101350 ], [ 4598950, 3101350 ], [ 4597150, 3101450 ], [ 4597550, 3101450 ], [ 4598350, 3101450 ], [ 4598450, 3101450 ], [ 4598550, 3101450 ], [ 4598650, 3101450 ], [ 4598750, 3101450 ], [ 4598850, 3101450 ], [ 4596950, 3101550 ], [ 4597150, 3101550 ], [ 4597450, 3101550 ], [ 4597750, 3101550 ], [ 4596950, 3101650 ], [ 4597150, 3101650 ], [ 4597850, 3101650 ], [ 4598050, 3101650 ], [ 4597150, 3101750 ], [ 4597450, 3101750 ], [ 4598350, 3101750 ], [ 4598450, 3101750 ], [ 4598650, 3101750 ], [ 4598750, 3101750 ], [ 4598850, 3101750 ], [ 4597150, 3101850 ], [ 4597350, 3101850 ], [ 4598450, 3101850 ], [ 4598550, 3101850 ], [ 4599350, 3101850 ], [ 4597250, 3101950 ], [ 4597350, 3101950 ], [ 4597650, 3101950 ], [ 4597750, 3101950 ], [ 4597850, 3101950 ], [ 4597950, 3101950 ], [ 4598550, 3101950 ], [ 4598650, 3101950 ], [ 4597550, 3102050 ], [ 4597650, 3102050 ], [ 4598250, 3102050 ], [ 4597850, 3102150 ], [ 4598050, 3102150 ], [ 4596150, 3102450 ], [ 4596250, 3102450 ], [ 4596350, 3102450 ], [ 4596450, 3102450 ], [ 4596550, 3102450 ], [ 4596650, 3102450 ], [ 4596750, 3102450 ], [ 4596850, 3102450 ], [ 4596150, 3102550 ], [ 4596250, 3102550 ], [ 4596350, 3102550 ], [ 4596650, 3102550 ], [ 4596750, 3102550 ], [ 4596850, 3102550 ], [ 4597450, 3102550 ], [ 4596050, 3102650 ], [ 4596150, 3102650 ], [ 4596250, 3102650 ], [ 4596350, 3102650 ], [ 4596450, 3102650 ], [ 4596550, 3102650 ], [ 4596650, 3102650 ], [ 4596750, 3102650 ], [ 4596850, 3102650 ], [ 4596950, 3102650 ], [ 4596150, 3102750 ], [ 4596250, 3102750 ], [ 4596850, 3102750 ], [ 4596950, 3102750 ], [ 4596950, 3102850 ], [ 4597050, 3102850 ], [ 4597150, 3102850 ], [ 4597050, 3103050 ], [ 4597050, 3103150 ], [ 4597750, 3103150 ], [ 4597350, 3103250 ], [ 4597150, 3103450 ], [ 4597350, 3103450 ], [ 4596250, 3103550 ], [ 4596650, 3103550 ], [ 4597250, 3103550 ], [ 4597350, 3103550 ], [ 4597050, 3103750 ], [ 4596850, 3103850 ], [ 4597050, 3103850 ], [ 4597250, 3103850 ] ] }, "geometry": { "type": "Polygon", "coordinates": [ [ [ 4597150.0, 3100750.0 ], [ 4597050.0, 3101050.0 ], [ 4596950.0, 3101250.0 ], [ 4596850.0, 3101150.0 ], [ 4596750.0, 3100950.0 ], [ 4596950.0, 3101550.0 ], [ 4596950.0, 3101650.0 ], [ 4597150.0, 3101650.0 ], [ 4597150.0, 3101750.0 ], [ 4597150.0, 3101850.0 ], [ 4597250.0, 3101950.0 ], [ 4596850.0, 3102450.0 ], [ 4596750.0, 3102450.0 ], [ 4596650.0, 3102450.0 ], [ 4596550.0, 3102450.0 ], [ 4596450.0, 3102450.0 ], [ 4596350.0, 3102450.0 ], [ 4596250.0, 3102450.0 ], [ 4596150.0, 3102450.0 ], [ 4596150.0, 3102550.0 ], [ 4596050.0, 3102650.0 ], [ 4596150.0, 3102650.0 ], [ 4596150.0, 3102750.0 ], [ 4596250.0, 3102750.0 ], [ 4596250.0, 3103550.0 ], [ 4596650.0, 3103550.0 ], [ 4596850.0, 3103850.0 ], [ 4597050.0, 3103850.0 ], [ 4597250.0, 3103850.0 ], [ 4597250.0, 3103550.0 ], [ 4597350.0, 3103550.0 ], [ 4597350.0, 3103450.0 ], [ 4597350.0, 3103250.0 ], [ 4597750.0, 3103150.0 ], [ 4597050.0, 3103150.0 ], [ 4597050.0, 3103050.0 ], [ 4597050.0, 3102850.0 ], [ 4597150.0, 3102850.0 ], [ 4597450.0, 3102550.0 ], [ 4597550.0, 3102050.0 ], [ 4597650.0, 3102050.0 ], [ 4597650.0, 3101950.0 ], [ 4597750.0, 3101950.0 ], [ 4597850.0, 3101950.0 ], [ 4597850.0, 3102150.0 ], [ 4598050.0, 3102150.0 ], [ 4598250.0, 3102050.0 ], [ 4598450.0, 3101850.0 ], [ 4598550.0, 3101850.0 ], [ 4598550.0, 3101950.0 ], [ 4598650.0, 3101950.0 ], [ 4598650.0, 3101750.0 ], [ 4598750.0, 3101750.0 ], [ 4598850.0, 3101750.0 ], [ 4599350.0, 3101850.0 ], [ 4598850.0, 3101450.0 ], [ 4598850.0, 3101350.0 ], [ 4598950.0, 3101350.0 ], [ 4598950.0, 3101250.0 ], [ 4599050.0, 3101250.0 ], [ 4599150.0, 3101250.0 ], [ 4599250.0, 3101250.0 ], [ 4599250.0, 3101150.0 ], [ 4599250.0, 3101050.0 ], [ 4599250.0, 3100950.0 ], [ 4599250.0, 3100850.0 ], [ 4599250.0, 3100750.0 ], [ 4599050.0, 3100650.0 ], [ 4599150.0, 3100550.0 ], [ 4599050.0, 3100450.0 ], [ 4598950.0, 3100550.0 ], [ 4598850.0, 3100450.0 ], [ 4598850.0, 3100650.0 ], [ 4598750.0, 3100650.0 ], [ 4598750.0, 3100750.0 ], [ 4598750.0, 3100850.0 ], [ 4598650.0, 3100850.0 ], [ 4598650.0, 3100950.0 ], [ 4598550.0, 3100950.0 ], [ 4598450.0, 3100950.0 ], [ 4597950.0, 3100850.0 ], [ 4597950.0, 3100750.0 ], [ 4597950.0, 3100650.0 ], [ 4597850.0, 3100650.0 ], [ 4597850.0, 3100750.0 ], [ 4597850.0, 3100850.0 ], [ 4597650.0, 3100950.0 ], [ 4596950.0, 3100350.0 ], [ 4597150.0, 3100750.0 ] ] ] } },
{ "type": "Feature", "properties": { "ID": "Pirna_146285229_c4", "GEN": "Pirna", "ARS": "146285229", "LAN": "Sachsen", "area": 0.045, "centroid": "POINT (4594312.962963 3102694.444444)", "DH_demand": 265.59154593232716, "total_demand_cells": 969.98800659179688, "total_demand_area": 1804.45361328125, "share_DH": 16.924233734819381, "heat_density_DH": 5.9020343540517146, "heat_density": 40.09896918402778, "DH_supplied_households": 19.0, "DH_cells": [ [ 4594650, 3102450 ], [ 4594450, 3102550 ], [ 4594550, 3102550 ], [ 4594150, 3102750 ], [ 4594050, 3102950 ] ] }, "geometry": { "type": "Polygon", "coordinates": [ [ [ 4594050.0, 3102950.0 ], [ 4594550.0, 3102550.0 ], [ 4594650.0, 3102450.0 ], [ 4594450.0, 3102550.0 ], [ 4594150.0, 3102750.0 ], [ 4594050.0, 3102950.0 ] ] ] } },
{ "type": "Feature", "properties": { "ID": "Pirna_146285229_c7", "GEN": "Pirna", "ARS": "146285229", "LAN": "Sachsen", "area": 0.625, "centroid": "POINT (4596835.333333 3105397.466667)", "DH_demand": 298.73298640293501, "total_demand_cells": 989.03009033203125, "total_demand_area": 7598.986328125, "share_DH": 4.5203077917858892, "heat_density_DH": 0.47797277824469603, "heat_density": 12.158378125, "DH_supplied_households": 39.0, "DH_cells": [ [ 4597150, 3104450 ], [ 4597350, 3104550 ], [ 4597250, 3104950 ], [ 4597750, 3104950 ], [ 4596850, 3105250 ], [ 4596750, 3105550 ], [ 4596350, 3105650 ], [ 4596250, 3106150 ], [ 4596550, 3106250 ], [ 4596050, 3106450 ] ] }, "geometry": { "type": "Polygon", "coordinates": [ [ [ 4596250.0, 3106150.0 ], [ 4596050.0, 3106450.0 ], [ 4596550.0, 3106250.0 ], [ 4596750.0, 3105550.0 ], [ 4597250.0, 3104950.0 ], [ 4597750.0, 3104950.0 ], [ 4597350.0, 3104550.0 ], [ 4597150.0, 3104450.0 ], [ 4596850.0, 3105250.0 ], [ 4596350.0, 3105650.0 ], [ 4596250.0, 3106150.0 ] ] ] } },
{ "type": "Feature", "properties": { "ID": "Tharandt_146285240_c0", "GEN": "Tharandt", "ARS": "146285240", "LAN": "Sachsen", "area": 0.03, "centroid": "POINT (4569816.666667 3102283.333333)", "DH_demand": 183.18119597491989, "total_demand_cells": 640.6856689453125, "total_demand_area": 1452.0465087890625, "share_DH": 14.505772206283297, "heat_density_DH": 6.1060398658306632, "heat_density": 48.40155029296875, "DH_supplied_households": 12.0, "DH_cells": [ [ 4569850, 3101950 ], [ 4569850, 3102250 ], [ 4569750, 3102350 ], [ 4569850, 3102550 ] ] }, "geometry": { "type": "Polygon", "coordinates": [ [ [ 4569750.0, 3102350.0 ], [ 4569850.0, 3102550.0 ], [ 4569850.0, 3102250.0 ], [ 4569850.0, 3101950.0 ], [ 4569750.0, 3102350.0 ] ] ] } },
{ "type": "Feature", "properties": { "ID": "Tharandt_146285240_c3", "GEN": "Tharandt", "ARS": "146285240", "LAN": "Sachsen", "area": 0.04, "centroid": "POINT (4571016.666667 3102483.333333)", "DH_demand": 379.69956659118208, "total_demand_cells": 456.41789245605469, "total_demand_area": 577.5977783203125, "share_DH": 75.588386890210032, "heat_density_DH": 9.4924891647795526, "heat_density": 14.439944458007812, "DH_supplied_households": 95.0, "DH_cells": [ [ 4570850, 3101950 ], [ 4571050, 3102750 ], [ 4571150, 3102750 ] ] }, "geometry": { "type": "Polygon", "coordinates": [ [ [ 4570850.0, 3101950.0 ], [ 4571050.0, 3102750.0 ], [ 4571150.0, 3102750.0 ], [ 4570850.0, 3101950.0 ] ] ] } },
{ "type": "Feature", "properties": { "ID": "Tharandt_146285240_c4", "GEN": "Tharandt", "ARS": "146285240", "LAN": "Sachsen", "area": 0.015, "centroid": "POINT (4568683.333333 3103783.333333)", "DH_demand": 238.00049200579227, "total_demand_cells": 698.4581298828125, "total_demand_area": 1240.4942626953125, "share_DH": 22.060918226387404, "heat_density_DH": 15.866699467052818, "heat_density": 82.69961751302084, "DH_supplied_households": 9.0, "DH_cells": [ [ 4568350, 3103550 ], [ 4568450, 3103650 ], [ 4569250, 3104150 ] ] }, "geometry": { "type": "Polygon", "coordinates": [ [ [ 4568350.0, 3103550.0 ], [ 4568450.0, 3103650.0 ], [ 4569250.0, 3104150.0 ], [ 4568350.0, 3103550.0 ] ] ] } },
{ "type": "Feature", "properties": { "ID": "Leipzig_147130000_c1", "GEN": "Leipzig", "ARS": "147130000", "LAN": "Sachsen", "area": 2.54, "centroid": "POINT (4481738.057743 3131741.863517)", "DH_demand": 2232.2420045451531, "total_demand_cells": 7790.8490152359009, "total_demand_area": 30821.515625, "share_DH": 8.3277518389527092, "heat_density_DH": 0.87883543486029647, "heat_density": 12.134454970472442, "DH_supplied_households": 302.0, "DH_cells": [ [ 4481950, 3130250 ], [ 4481650, 3130450 ], [ 4481250, 3130550 ], [ 4482150, 3130650 ], [ 4482250, 3130850 ], [ 4481050, 3130950 ], [ 4480850, 3131050 ], [ 4481150, 3131050 ], [ 4481250, 3131050 ], [ 4480950, 3131150 ], [ 4481750, 3131150 ], [ 4482150, 3131150 ], [ 4481850, 3131250 ], [ 4481250, 3131350 ], [ 4482050, 3131350 ], [ 4481550, 3131450 ], [ 4482050, 3131450 ], [ 4482150, 3131450 ], [ 4481250, 3131550 ], [ 4481350, 3131550 ], [ 4481450, 3131550 ], [ 4481750, 3131850 ], [ 4482150, 3131950 ], [ 4482350, 3131950 ], [ 4482450, 3131950 ], [ 4481850, 3132050 ], [ 4481950, 3132050 ], [ 4481150, 3132150 ], [ 4481450, 3132150 ], [ 4482250, 3132150 ], [ 4482250, 3132250 ], [ 4482150, 3132350 ], [ 4482250, 3132350 ], [ 4482250, 3132450 ], [ 4482350, 3132450 ], [ 4482250, 3132650 ], [ 4482350, 3132650 ], [ 4482450, 3132650 ], [ 4482350, 3132750 ], [ 4482050, 3132850 ], [ 4482450, 3132850 ], [ 4481450, 3132950 ], [ 4481950, 3132950 ], [ 4482150, 3132950 ], [ 4481850, 3133050 ], [ 4482250, 3133050 ], [ 4482350, 3133050 ], [ 4481550, 3133150 ], [ 4481050, 3133250 ], [ 4481150, 3133250 ] ] }, "geometry": { "type": "Polygon", "coordinates": [ [ [ 4481050.0, 3130950.0 ], [ 4480850.0, 3131050.0 ], [ 4480950.0, 3131150.0 ], [ 4481150.0, 3131050.0 ], [ 4481250.0, 3131050.0 ], [ 4481250.0, 3131350.0 ], [ 4481250.0, 3131550.0 ], [ 4481150.0, 3132150.0 ], [ 4481450.0, 3132150.0 ], [ 4481450.0, 3132950.0 ], [ 4481050.0, 3133250.0 ], [ 4481150.0, 3133250.0 ], [ 4481550.0, 3133150.0 ], [ 4481850.0, 3133050.0 ], [ 4481950.0, 3132950.0 ], [ 4482050.0, 3132850.0 ], [ 4482150.0, 3132950.0 ], [ 4482250.0, 3133050.0 ], [ 4482350.0, 3133050.0 ], [ 4482450.0, 3132850.0 ], [ 4482350.0, 3132750.0 ], [ 4482350.0, 3132650.0 ], [ 4482450.0, 3132650.0 ], [ 4482350.0, 3132450.0 ], [ 4482250.0, 3132450.0 ], [ 4482250.0, 3132350.0 ], [ 4482250.0, 3132250.0 ], [ 4482250.0, 3132150.0 ], [ 4482450.0, 3131950.0 ], [ 4482350.0, 3131950.0 ], [ 4482150.0, 3131950.0 ], [ 4482150.0, 3131450.0 ], [ 4482050.0, 3131450.0 ], [ 4482050.0, 3131350.0 ], [ 4482150.0, 3131150.0 ], [ 4482250.0, 3130850.0 ], [ 4482150.0, 3130650.0 ], [ 4481950.0, 3130250.0 ], [ 4481650.0, 3130450.0 ], [ 4481250.0, 3130550.0 ], [ 4481050.0, 3130950.0 ] ] ] } },
{ "type": "Feature", "properties": { "ID": "Leipzig_147130000_c2", "GEN": "Leipzig", "ARS": "147130000", "LAN": "Sachsen", "area": 0.78, "centroid": "POINT (4493131.410256 3132756.837607)", "DH_demand": 1853.1674779561974, "total_demand_cells": 7285.0518765449524, "total_demand_area": 22520.72265625, "share_DH": 9.4617798217300368, "heat_density_DH": 2.375855740969484, "heat_density": 28.872721354166671, "DH_supplied_households": 264.0, "DH_cells": [ [ 4493250, 3131950 ], [ 4494250, 3132050 ], [ 4493950, 3132150 ], [ 4494050, 3132250 ], [ 4494250, 3132250 ], [ 4493650, 3132350 ], [ 4493050, 3132450 ], [ 4493150, 3132450 ], [ 4493850, 3132450 ], [ 4493950, 3132450 ], [ 4493150, 3132550 ], [ 4493350, 3132550 ], [ 4493450, 3132550 ], [ 4493050, 3132650 ], [ 4493250, 3132650 ], [ 4493550, 3132650 ], [ 4492350, 3132750 ], [ 4493050, 3132750 ], [ 4493150, 3132750 ], [ 4493250, 3132750 ], [ 4493050, 3132850 ], [ 4492650, 3132950 ], [ 4493250, 3132950 ], [ 4492650, 3133050 ], [ 4493150, 3133050 ], [ 4492750, 3133150 ], [ 4492950, 3133150 ], [ 4492350, 3133250 ], [ 4492350, 3133350 ], [ 4492950, 3133350 ], [ 4493050, 3133350 ], [ 4492750, 3133450 ], [ 4493050, 3133450 ], [ 4492650, 3133550 ], [ 4492750, 3133550 ] ] }, "geometry": { "type": "Polygon", "coordinates": [ [ [ 4493150.0, 3132450.0 ], [ 4493050.0, 3132450.0 ], [ 4493050.0, 3132650.0 ], [ 4493050.0, 3132750.0 ], [ 4493050.0, 3132850.0 ], [ 4492750.0, 3133150.0 ], [ 4492650.0, 3133050.0 ], [ 4492650.0, 3132950.0 ], [ 4492350.0, 3132750.0 ], [ 4492350.0, 3133250.0 ], [ 4492350.0, 3133350.0 ], [ 4492650.0, 3133550.0 ], [ 4492750.0, 3133550.0 ], [ 4492750.0, 3133450.0 ], [ 4492950.0, 3133350.0 ], [ 4493050.0, 3133450.0 ], [ 4493050.0, 3133350.0 ], [ 4492950.0, 3133150.0 ], [ 4493150.0, 3133050.0 ], [ 4493250.0, 3132950.0 ], [ 4493250.0, 3132750.0 ], [ 4493250.0, 3132650.0 ], [ 4493350.0, 3132550.0 ], [ 4493450.0, 3132550.0 ], [ 4493550.0, 3132650.0 ], [ 4493850.0, 3132450.0 ], [ 4493950.0, 3132450.0 ], [ 4494050.0, 3132250.0 ], [ 4494250.0, 3132250.0 ], [ 4494250.0, 3132050.0 ], [ 4493950.0, 3132150.0 ], [ 4493650.0, 3132350.0 ], [ 4493250.0, 3131950.0 ], [ 4493150.0, 3132450.0 ] ] ] } },
{ "type": "Feature", "properties": { "ID": "Leipzig_147130000_c3", "GEN": "Leipzig", "ARS": "147130000", "LAN": "Sachsen", "area": 106.825, "centroid": "POINT (4486819.974257 3139510.970435)", "DH_demand": 937897.64423480129, "total_demand_cells": 1780469.342453599, "total_demand_area": 3368419.5, "share_DH": 32.01619836845299, "heat_density_DH": 8.7797579614771948, "heat_density": 31.532127311022705, "DH_supplied_households": 152742.0, "DH_cells": [ [ 4488150, 3132950 ], [ 4488350, 3132950 ], [ 4489050, 3132950 ], [ 4489050, 3133050 ], [ 4488550, 3133150 ], [ 4488850, 3133150 ], [ 4491150, 3133150 ], [ 4488450, 3133250 ], [ 4488550, 3133250 ], [ 4488650, 3133250 ], [ 4488750, 3133250 ], [ 4488950, 3133250 ], [ 4491150, 3133250 ], [ 4491650, 3133250 ], [ 4487850, 3133350 ], [ 4487950, 3133350 ], [ 4488250, 3133350 ], [ 4488350, 3133350 ], [ 4488450, 3133350 ], [ 4488650, 3133350 ], [ 4488750, 3133350 ], [ 4490850, 3133350 ], [ 4487750, 3133450 ], [ 4488050, 3133450 ], [ 4489150, 3133450 ], [ 4487950, 3133550 ], [ 4487650, 3133650 ], [ 4490650, 3133650 ], [ 4487750, 3133750 ], [ 4490950, 3133750 ], [ 4489850, 3133850 ], [ 4489950, 3133850 ], [ 4490650, 3133850 ], [ 4491250, 3133850 ], [ 4491450, 3133850 ], [ 4482850, 3133950 ], [ 4489850, 3133950 ], [ 4489950, 3133950 ], [ 4490550, 3133950 ], [ 4490650, 3133950 ], [ 4482750, 3134050 ], [ 4482850, 3134050 ], [ 4482950, 3134050 ], [ 4487550, 3134050 ], [ 4487650, 3134050 ], [ 4489850, 3134050 ], [ 4490350, 3134050 ], [ 4490550, 3134050 ], [ 4491150, 3134050 ], [ 4482850, 3134150 ], [ 4482950, 3134150 ], [ 4483050, 3134150 ], [ 4487350, 3134150 ], [ 4487450, 3134150 ], [ 4487550, 3134150 ], [ 4487650, 3134150 ], [ 4487750, 3134150 ], [ 4489850, 3134150 ], [ 4490350, 3134150 ], [ 4490450, 3134150 ], [ 4490850, 3134150 ], [ 4491050, 3134150 ], [ 4482850, 3134250 ], [ 4483050, 3134250 ], [ 4487250, 3134250 ], [ 4487350, 3134250 ], [ 4487550, 3134250 ], [ 4487650, 3134250 ], [ 4487750, 3134250 ], [ 4487850, 3134250 ], [ 4487950, 3134250 ], [ 4489850, 3134250 ], [ 4490350, 3134250 ], [ 4490450, 3134250 ], [ 4482950, 3134350 ], [ 4483050, 3134350 ], [ 4487350, 3134350 ], [ 4487450, 3134350 ], [ 4487550, 3134350 ], [ 4487650, 3134350 ], [ 4487750, 3134350 ], [ 4487850, 3134350 ], [ 4487950, 3134350 ], [ 4488050, 3134350 ], [ 4490350, 3134350 ], [ 4491250, 3134350 ], [ 4478550, 3134450 ], [ 4478650, 3134450 ], [ 4483350, 3134450 ], [ 4487350, 3134450 ], [ 4487750, 3134450 ], [ 4487850, 3134450 ], [ 4487950, 3134450 ], [ 4488050, 3134450 ], [ 4492150, 3134450 ], [ 4478550, 3134550 ], [ 4478650, 3134550 ], [ 4478750, 3134550 ], [ 4483050, 3134550 ], [ 4487350, 3134550 ], [ 4487750, 3134550 ], [ 4487850, 3134550 ], [ 4487950, 3134550 ], [ 4488050, 3134550 ], [ 4490350, 3134550 ], [ 4490550, 3134550 ], [ 4491850, 3134550 ], [ 4492450, 3134550 ], [ 4478650, 3134650 ], [ 4478750, 3134650 ], [ 4478850, 3134650 ], [ 4479050, 3134650 ], [ 4479150, 3134650 ], [ 4483050, 3134650 ], [ 4483250, 3134650 ], [ 4487750, 3134650 ], [ 4487850, 3134650 ], [ 4487950, 3134650 ], [ 4490350, 3134650 ], [ 4490750, 3134650 ], [ 4491550, 3134650 ], [ 4491850, 3134650 ], [ 4491950, 3134650 ], [ 4478550, 3134750 ], [ 4478650, 3134750 ], [ 4479050, 3134750 ], [ 4479250, 3134750 ], [ 4483150, 3134750 ], [ 4487150, 3134750 ], [ 4487650, 3134750 ], [ 4487850, 3134750 ], [ 4487950, 3134750 ], [ 4490350, 3134750 ], [ 4490750, 3134750 ], [ 4491850, 3134750 ], [ 4478850, 3134850 ], [ 4479250, 3134850 ], [ 4483150, 3134850 ], [ 4487050, 3134850 ], [ 4487450, 3134850 ], [ 4487550, 3134850 ], [ 4487650, 3134850 ], [ 4487850, 3134850 ], [ 4488050, 3134850 ], [ 4488150, 3134850 ], [ 4488250, 3134850 ], [ 4488350, 3134850 ], [ 4488450, 3134850 ], [ 4488550, 3134850 ], [ 4488650, 3134850 ], [ 4488750, 3134850 ], [ 4490650, 3134850 ], [ 4478350, 3134950 ], [ 4482850, 3134950 ], [ 4482950, 3134950 ], [ 4483050, 3134950 ], [ 4483350, 3134950 ], [ 4487350, 3134950 ], [ 4487550, 3134950 ], [ 4487650, 3134950 ], [ 4487950, 3134950 ], [ 4488050, 3134950 ], [ 4488250, 3134950 ], [ 4488350, 3134950 ], [ 4488450, 3134950 ], [ 4488650, 3134950 ], [ 4490850, 3134950 ], [ 4491950, 3134950 ], [ 4492050, 3134950 ], [ 4478450, 3135050 ], [ 4478750, 3135050 ], [ 4482850, 3135050 ], [ 4483050, 3135050 ], [ 4483150, 3135050 ], [ 4483250, 3135050 ], [ 4486750, 3135050 ], [ 4487150, 3135050 ], [ 4487350, 3135050 ], [ 4487750, 3135050 ], [ 4487950, 3135050 ], [ 4488050, 3135050 ], [ 4488150, 3135050 ], [ 4488250, 3135050 ], [ 4488350, 3135050 ], [ 4488450, 3135050 ], [ 4488650, 3135050 ], [ 4490550, 3135050 ], [ 4491150, 3135050 ], [ 4478450, 3135150 ], [ 4478750, 3135150 ], [ 4478850, 3135150 ], [ 4478950, 3135150 ], [ 4479050, 3135150 ], [ 4479150, 3135150 ], [ 4482850, 3135150 ], [ 4482950, 3135150 ], [ 4483050, 3135150 ], [ 4483150, 3135150 ], [ 4483250, 3135150 ], [ 4483450, 3135150 ], [ 4483550, 3135150 ], [ 4487050, 3135150 ], [ 4487150, 3135150 ], [ 4487250, 3135150 ], [ 4487450, 3135150 ], [ 4487650, 3135150 ], [ 4487950, 3135150 ], [ 4488050, 3135150 ], [ 4488450, 3135150 ], [ 4488550, 3135150 ], [ 4488650, 3135150 ], [ 4490550, 3135150 ], [ 4490650, 3135150 ], [ 4490950, 3135150 ], [ 4491050, 3135150 ], [ 4491250, 3135150 ], [ 4491350, 3135150 ], [ 4478750, 3135250 ], [ 4478850, 3135250 ], [ 4478950, 3135250 ], [ 4479050, 3135250 ], [ 4479150, 3135250 ], [ 4479250, 3135250 ], [ 4479350, 3135250 ], [ 4480950, 3135250 ], [ 4482650, 3135250 ], [ 4482750, 3135250 ], [ 4482850, 3135250 ], [ 4482950, 3135250 ], [ 4483050, 3135250 ], [ 4483150, 3135250 ], [ 4483250, 3135250 ], [ 4486450, 3135250 ], [ 4486550, 3135250 ], [ 4486650, 3135250 ], [ 4486850, 3135250 ], [ 4486950, 3135250 ], [ 4487050, 3135250 ], [ 4487150, 3135250 ], [ 4487250, 3135250 ], [ 4487750, 3135250 ], [ 4487850, 3135250 ], [ 4487950, 3135250 ], [ 4488050, 3135250 ], [ 4488150, 3135250 ], [ 4488250, 3135250 ], [ 4488350, 3135250 ], [ 4488450, 3135250 ], [ 4489950, 3135250 ], [ 4490050, 3135250 ], [ 4491450, 3135250 ], [ 4478750, 3135350 ], [ 4478850, 3135350 ], [ 4478950, 3135350 ], [ 4479050, 3135350 ], [ 4479150, 3135350 ], [ 4479250, 3135350 ], [ 4479350, 3135350 ], [ 4482650, 3135350 ], [ 4482750, 3135350 ], [ 4482850, 3135350 ], [ 4482950, 3135350 ], [ 4483050, 3135350 ], [ 4483150, 3135350 ], [ 4483250, 3135350 ], [ 4486350, 3135350 ], [ 4486550, 3135350 ], [ 4486650, 3135350 ], [ 4486750, 3135350 ], [ 4486850, 3135350 ], [ 4486950, 3135350 ], [ 4487050, 3135350 ], [ 4487150, 3135350 ], [ 4487950, 3135350 ], [ 4488050, 3135350 ], [ 4488150, 3135350 ], [ 4488350, 3135350 ], [ 4488450, 3135350 ], [ 4490150, 3135350 ], [ 4490650, 3135350 ], [ 4490850, 3135350 ], [ 4491050, 3135350 ], [ 4491150, 3135350 ], [ 4491550, 3135350 ], [ 4478650, 3135450 ], [ 4478750, 3135450 ], [ 4478850, 3135450 ], [ 4478950, 3135450 ], [ 4479050, 3135450 ], [ 4479250, 3135450 ], [ 4479350, 3135450 ], [ 4479550, 3135450 ], [ 4479850, 3135450 ], [ 4482650, 3135450 ], [ 4482750, 3135450 ], [ 4482850, 3135450 ], [ 4482950, 3135450 ], [ 4483050, 3135450 ], [ 4483150, 3135450 ], [ 4486250, 3135450 ], [ 4486350, 3135450 ], [ 4486450, 3135450 ], [ 4486550, 3135450 ], [ 4486650, 3135450 ], [ 4486750, 3135450 ], [ 4486850, 3135450 ], [ 4486950, 3135450 ], [ 4487050, 3135450 ], [ 4487150, 3135450 ], [ 4487250, 3135450 ], [ 4487350, 3135450 ], [ 4488050, 3135450 ], [ 4488150, 3135450 ], [ 4488350, 3135450 ], [ 4489950, 3135450 ], [ 4490250, 3135450 ], [ 4490550, 3135450 ], [ 4490650, 3135450 ], [ 4490950, 3135450 ], [ 4491050, 3135450 ], [ 4491150, 3135450 ], [ 4491950, 3135450 ], [ 4492850, 3135450 ], [ 4478650, 3135550 ], [ 4478750, 3135550 ], [ 4478850, 3135550 ], [ 4478950, 3135550 ], [ 4479050, 3135550 ], [ 4479150, 3135550 ], [ 4479250, 3135550 ], [ 4479650, 3135550 ], [ 4480050, 3135550 ], [ 4482650, 3135550 ], [ 4482750, 3135550 ], [ 4482850, 3135550 ], [ 4486250, 3135550 ], [ 4486350, 3135550 ], [ 4486450, 3135550 ], [ 4486650, 3135550 ], [ 4486750, 3135550 ], [ 4486850, 3135550 ], [ 4486950, 3135550 ], [ 4487050, 3135550 ], [ 4487150, 3135550 ], [ 4487250, 3135550 ], [ 4488550, 3135550 ], [ 4488650, 3135550 ], [ 4490050, 3135550 ], [ 4490250, 3135550 ], [ 4492750, 3135550 ], [ 4478550, 3135650 ], [ 4478650, 3135650 ], [ 4478750, 3135650 ], [ 4479050, 3135650 ], [ 4479150, 3135650 ], [ 4479250, 3135650 ], [ 4479650, 3135650 ], [ 4479950, 3135650 ], [ 4480950, 3135650 ], [ 4482750, 3135650 ], [ 4482850, 3135650 ], [ 4486250, 3135650 ], [ 4486350, 3135650 ], [ 4486450, 3135650 ], [ 4486550, 3135650 ], [ 4486650, 3135650 ], [ 4486750, 3135650 ], [ 4486850, 3135650 ], [ 4486950, 3135650 ], [ 4487050, 3135650 ], [ 4487750, 3135650 ], [ 4487850, 3135650 ], [ 4487950, 3135650 ], [ 4488050, 3135650 ], [ 4488350, 3135650 ], [ 4488450, 3135650 ], [ 4488550, 3135650 ], [ 4489850, 3135650 ], [ 4490450, 3135650 ], [ 4492250, 3135650 ], [ 4478550, 3135750 ], [ 4478650, 3135750 ], [ 4478750, 3135750 ], [ 4478850, 3135750 ], [ 4478950, 3135750 ], [ 4479050, 3135750 ], [ 4479150, 3135750 ], [ 4479250, 3135750 ], [ 4479450, 3135750 ], [ 4479550, 3135750 ], [ 4479850, 3135750 ], [ 4480050, 3135750 ], [ 4480950, 3135750 ], [ 4486150, 3135750 ], [ 4486250, 3135750 ], [ 4486450, 3135750 ], [ 4486550, 3135750 ], [ 4486650, 3135750 ], [ 4486750, 3135750 ], [ 4486850, 3135750 ], [ 4486950, 3135750 ], [ 4487150, 3135750 ], [ 4487250, 3135750 ], [ 4487750, 3135750 ], [ 4487950, 3135750 ], [ 4488050, 3135750 ], [ 4488250, 3135750 ], [ 4488350, 3135750 ], [ 4488450, 3135750 ], [ 4489950, 3135750 ], [ 4490050, 3135750 ], [ 4478550, 3135850 ], [ 4478650, 3135850 ], [ 4478750, 3135850 ], [ 4478850, 3135850 ], [ 4478950, 3135850 ], [ 4479150, 3135850 ], [ 4479250, 3135850 ], [ 4481050, 3135850 ], [ 4481250, 3135850 ], [ 4482450, 3135850 ], [ 4486250, 3135850 ], [ 4486350, 3135850 ], [ 4486450, 3135850 ], [ 4486550, 3135850 ], [ 4486850, 3135850 ], [ 4486950, 3135850 ], [ 4487750, 3135850 ], [ 4487850, 3135850 ], [ 4487950, 3135850 ], [ 4488050, 3135850 ], [ 4488150, 3135850 ], [ 4488250, 3135850 ], [ 4478650, 3135950 ], [ 4478750, 3135950 ], [ 4478850, 3135950 ], [ 4478950, 3135950 ], [ 4479850, 3135950 ], [ 4480050, 3135950 ], [ 4480150, 3135950 ], [ 4481050, 3135950 ], [ 4481450, 3135950 ], [ 4481750, 3135950 ], [ 4482450, 3135950 ], [ 4483050, 3135950 ], [ 4484450, 3135950 ], [ 4485950, 3135950 ], [ 4486150, 3135950 ], [ 4486350, 3135950 ], [ 4486450, 3135950 ], [ 4486550, 3135950 ], [ 4486650, 3135950 ], [ 4486950, 3135950 ], [ 4487050, 3135950 ], [ 4487950, 3135950 ], [ 4490350, 3135950 ], [ 4492350, 3135950 ], [ 4478650, 3136050 ], [ 4478750, 3136050 ], [ 4478850, 3136050 ], [ 4478950, 3136050 ], [ 4479050, 3136050 ], [ 4479150, 3136050 ], [ 4479450, 3136050 ], [ 4479750, 3136050 ], [ 4479850, 3136050 ], [ 4480050, 3136050 ], [ 4480150, 3136050 ], [ 4480250, 3136050 ], [ 4480350, 3136050 ], [ 4480950, 3136050 ], [ 4481050, 3136050 ], [ 4481150, 3136050 ], [ 4481250, 3136050 ], [ 4481350, 3136050 ], [ 4481450, 3136050 ], [ 4481550, 3136050 ], [ 4481850, 3136050 ], [ 4481950, 3136050 ], [ 4482050, 3136050 ], [ 4482150, 3136050 ], [ 4482250, 3136050 ], [ 4482950, 3136050 ], [ 4483050, 3136050 ], [ 4486150, 3136050 ], [ 4486250, 3136050 ], [ 4486350, 3136050 ], [ 4486550, 3136050 ], [ 4486650, 3136050 ], [ 4486750, 3136050 ], [ 4486850, 3136050 ], [ 4486950, 3136050 ], [ 4487050, 3136050 ], [ 4488050, 3136050 ], [ 4488150, 3136050 ], [ 4488250, 3136050 ], [ 4490350, 3136050 ], [ 4492250, 3136050 ], [ 4492350, 3136050 ], [ 4478650, 3136150 ], [ 4478750, 3136150 ], [ 4478850, 3136150 ], [ 4478950, 3136150 ], [ 4479050, 3136150 ], [ 4479150, 3136150 ], [ 4479650, 3136150 ], [ 4479750, 3136150 ], [ 4480050, 3136150 ], [ 4480150, 3136150 ], [ 4480250, 3136150 ], [ 4480350, 3136150 ], [ 4480450, 3136150 ], [ 4481250, 3136150 ], [ 4481350, 3136150 ], [ 4481450, 3136150 ], [ 4481550, 3136150 ], [ 4481650, 3136150 ], [ 4481750, 3136150 ], [ 4481850, 3136150 ], [ 4481950, 3136150 ], [ 4482150, 3136150 ], [ 4482250, 3136150 ], [ 4482850, 3136150 ], [ 4482950, 3136150 ], [ 4483050, 3136150 ], [ 4483150, 3136150 ], [ 4483250, 3136150 ], [ 4486050, 3136150 ], [ 4486150, 3136150 ], [ 4486350, 3136150 ], [ 4486450, 3136150 ], [ 4486650, 3136150 ], [ 4486750, 3136150 ], [ 4486850, 3136150 ], [ 4486950, 3136150 ], [ 4488050, 3136150 ], [ 4488150, 3136150 ], [ 4488250, 3136150 ], [ 4489650, 3136150 ], [ 4490250, 3136150 ], [ 4479050, 3136250 ], [ 4479950, 3136250 ], [ 4480050, 3136250 ], [ 4480150, 3136250 ], [ 4480250, 3136250 ], [ 4480350, 3136250 ], [ 4480450, 3136250 ], [ 4480850, 3136250 ], [ 4480950, 3136250 ], [ 4481050, 3136250 ], [ 4481150, 3136250 ], [ 4481250, 3136250 ], [ 4481350, 3136250 ], [ 4481550, 3136250 ], [ 4481650, 3136250 ], [ 4481750, 3136250 ], [ 4481850, 3136250 ], [ 4481950, 3136250 ], [ 4482050, 3136250 ], [ 4482150, 3136250 ], [ 4482250, 3136250 ], [ 4482850, 3136250 ], [ 4482950, 3136250 ], [ 4484350, 3136250 ], [ 4485950, 3136250 ], [ 4486150, 3136250 ], [ 4486350, 3136250 ], [ 4486650, 3136250 ], [ 4486750, 3136250 ], [ 4486850, 3136250 ], [ 4488450, 3136250 ], [ 4492150, 3136250 ], [ 4478750, 3136350 ], [ 4479050, 3136350 ], [ 4479250, 3136350 ], [ 4480050, 3136350 ], [ 4480250, 3136350 ], [ 4480350, 3136350 ], [ 4480450, 3136350 ], [ 4480850, 3136350 ], [ 4480950, 3136350 ], [ 4481050, 3136350 ], [ 4481150, 3136350 ], [ 4481250, 3136350 ], [ 4481350, 3136350 ], [ 4481450, 3136350 ], [ 4481550, 3136350 ], [ 4481650, 3136350 ], [ 4481750, 3136350 ], [ 4481850, 3136350 ], [ 4481950, 3136350 ], [ 4482050, 3136350 ], [ 4482150, 3136350 ], [ 4482850, 3136350 ], [ 4482950, 3136350 ], [ 4483150, 3136350 ], [ 4484150, 3136350 ], [ 4484350, 3136350 ], [ 4484550, 3136350 ], [ 4486350, 3136350 ], [ 4486650, 3136350 ], [ 4486750, 3136350 ], [ 4486850, 3136350 ], [ 4492050, 3136350 ], [ 4492850, 3136350 ], [ 4478750, 3136450 ], [ 4478850, 3136450 ], [ 4479050, 3136450 ], [ 4479150, 3136450 ], [ 4480050, 3136450 ], [ 4480150, 3136450 ], [ 4480250, 3136450 ], [ 4480350, 3136450 ], [ 4480450, 3136450 ], [ 4480650, 3136450 ], [ 4480750, 3136450 ], [ 4480850, 3136450 ], [ 4480950, 3136450 ], [ 4481050, 3136450 ], [ 4481150, 3136450 ], [ 4481750, 3136450 ], [ 4481850, 3136450 ], [ 4481950, 3136450 ], [ 4482050, 3136450 ], [ 4482850, 3136450 ], [ 4483150, 3136450 ], [ 4484350, 3136450 ], [ 4485950, 3136450 ], [ 4486050, 3136450 ], [ 4486350, 3136450 ], [ 4486550, 3136450 ], [ 4486650, 3136450 ], [ 4486750, 3136450 ], [ 4486850, 3136450 ], [ 4486950, 3136450 ], [ 4487050, 3136450 ], [ 4487250, 3136450 ], [ 4487350, 3136450 ], [ 4489650, 3136450 ], [ 4489950, 3136450 ], [ 4490050, 3136450 ], [ 4492050, 3136450 ], [ 4492150, 3136450 ], [ 4492250, 3136450 ], [ 4492750, 3136450 ], [ 4478750, 3136550 ], [ 4478850, 3136550 ], [ 4479450, 3136550 ], [ 4479650, 3136550 ], [ 4480050, 3136550 ], [ 4480150, 3136550 ], [ 4480350, 3136550 ], [ 4480450, 3136550 ], [ 4480550, 3136550 ], [ 4480650, 3136550 ], [ 4480750, 3136550 ], [ 4480850, 3136550 ], [ 4480950, 3136550 ], [ 4481050, 3136550 ], [ 4481150, 3136550 ], [ 4481650, 3136550 ], [ 4481750, 3136550 ], [ 4481850, 3136550 ], [ 4481950, 3136550 ], [ 4482850, 3136550 ], [ 4482950, 3136550 ], [ 4483050, 3136550 ], [ 4483150, 3136550 ], [ 4483350, 3136550 ], [ 4484150, 3136550 ], [ 4484250, 3136550 ], [ 4486050, 3136550 ], [ 4486150, 3136550 ], [ 4486350, 3136550 ], [ 4486450, 3136550 ], [ 4486550, 3136550 ], [ 4486650, 3136550 ], [ 4486750, 3136550 ], [ 4486850, 3136550 ], [ 4486950, 3136550 ], [ 4487050, 3136550 ], [ 4489750, 3136550 ], [ 4489850, 3136550 ], [ 4489950, 3136550 ], [ 4492050, 3136550 ], [ 4477750, 3136650 ], [ 4477850, 3136650 ], [ 4477950, 3136650 ], [ 4478750, 3136650 ], [ 4478850, 3136650 ], [ 4479050, 3136650 ], [ 4479150, 3136650 ], [ 4479250, 3136650 ], [ 4479350, 3136650 ], [ 4479450, 3136650 ], [ 4479550, 3136650 ], [ 4480750, 3136650 ], [ 4480850, 3136650 ], [ 4480950, 3136650 ], [ 4481550, 3136650 ], [ 4481650, 3136650 ], [ 4481750, 3136650 ], [ 4481950, 3136650 ], [ 4483050, 3136650 ], [ 4483150, 3136650 ], [ 4483350, 3136650 ], [ 4484250, 3136650 ], [ 4486450, 3136650 ], [ 4486550, 3136650 ], [ 4486650, 3136650 ], [ 4486750, 3136650 ], [ 4486850, 3136650 ], [ 4486950, 3136650 ], [ 4487050, 3136650 ], [ 4489050, 3136650 ], [ 4489650, 3136650 ], [ 4489750, 3136650 ], [ 4489850, 3136650 ], [ 4489950, 3136650 ], [ 4490050, 3136650 ], [ 4490150, 3136650 ], [ 4491350, 3136650 ], [ 4477950, 3136750 ], [ 4478050, 3136750 ], [ 4478750, 3136750 ], [ 4479050, 3136750 ], [ 4479250, 3136750 ], [ 4479350, 3136750 ], [ 4479450, 3136750 ], [ 4479550, 3136750 ], [ 4479650, 3136750 ], [ 4480050, 3136750 ], [ 4480150, 3136750 ], [ 4480350, 3136750 ], [ 4481650, 3136750 ], [ 4481750, 3136750 ], [ 4481850, 3136750 ], [ 4481950, 3136750 ], [ 4482950, 3136750 ], [ 4483250, 3136750 ], [ 4483350, 3136750 ], [ 4483550, 3136750 ], [ 4483650, 3136750 ], [ 4484450, 3136750 ], [ 4486050, 3136750 ], [ 4486350, 3136750 ], [ 4486450, 3136750 ], [ 4486550, 3136750 ], [ 4486650, 3136750 ], [ 4486750, 3136750 ], [ 4486850, 3136750 ], [ 4486950, 3136750 ], [ 4487050, 3136750 ], [ 4488250, 3136750 ], [ 4489250, 3136750 ], [ 4489350, 3136750 ], [ 4489850, 3136750 ], [ 4489950, 3136750 ], [ 4490150, 3136750 ], [ 4490550, 3136750 ], [ 4491750, 3136750 ], [ 4493150, 3136750 ], [ 4493250, 3136750 ], [ 4478250, 3136850 ], [ 4478750, 3136850 ], [ 4478850, 3136850 ], [ 4479150, 3136850 ], [ 4479250, 3136850 ], [ 4479350, 3136850 ], [ 4479450, 3136850 ], [ 4479550, 3136850 ], [ 4479650, 3136850 ], [ 4479850, 3136850 ], [ 4480150, 3136850 ], [ 4480250, 3136850 ], [ 4480350, 3136850 ], [ 4481550, 3136850 ], [ 4481650, 3136850 ], [ 4481750, 3136850 ], [ 4481850, 3136850 ], [ 4482950, 3136850 ], [ 4483150, 3136850 ], [ 4483350, 3136850 ], [ 4483450, 3136850 ], [ 4483550, 3136850 ], [ 4483650, 3136850 ], [ 4483750, 3136850 ], [ 4484350, 3136850 ], [ 4484450, 3136850 ], [ 4486350, 3136850 ], [ 4486450, 3136850 ], [ 4486550, 3136850 ], [ 4486650, 3136850 ], [ 4486750, 3136850 ], [ 4486850, 3136850 ], [ 4486950, 3136850 ], [ 4487050, 3136850 ], [ 4489050, 3136850 ], [ 4489250, 3136850 ], [ 4489550, 3136850 ], [ 4489650, 3136850 ], [ 4489750, 3136850 ], [ 4489850, 3136850 ], [ 4489950, 3136850 ], [ 4490050, 3136850 ], [ 4490150, 3136850 ], [ 4490650, 3136850 ], [ 4491850, 3136850 ], [ 4492950, 3136850 ], [ 4478650, 3136950 ], [ 4479250, 3136950 ], [ 4479350, 3136950 ], [ 4479750, 3136950 ], [ 4479850, 3136950 ], [ 4480350, 3136950 ], [ 4480550, 3136950 ], [ 4480650, 3136950 ], [ 4480850, 3136950 ], [ 4480950, 3136950 ], [ 4481650, 3136950 ], [ 4481750, 3136950 ], [ 4481850, 3136950 ], [ 4482950, 3136950 ], [ 4483050, 3136950 ], [ 4483150, 3136950 ], [ 4483250, 3136950 ], [ 4483450, 3136950 ], [ 4483550, 3136950 ], [ 4483650, 3136950 ], [ 4483750, 3136950 ], [ 4483850, 3136950 ], [ 4484250, 3136950 ], [ 4484650, 3136950 ], [ 4484750, 3136950 ], [ 4486050, 3136950 ], [ 4486150, 3136950 ], [ 4486450, 3136950 ], [ 4486550, 3136950 ], [ 4486650, 3136950 ], [ 4486750, 3136950 ], [ 4486850, 3136950 ], [ 4486950, 3136950 ], [ 4487050, 3136950 ], [ 4488950, 3136950 ], [ 4489250, 3136950 ], [ 4489650, 3136950 ], [ 4489750, 3136950 ], [ 4489850, 3136950 ], [ 4489950, 3136950 ], [ 4490050, 3136950 ], [ 4490150, 3136950 ], [ 4491450, 3136950 ], [ 4492850, 3136950 ], [ 4493150, 3136950 ], [ 4478550, 3137050 ], [ 4479250, 3137050 ], [ 4479350, 3137050 ], [ 4479450, 3137050 ], [ 4480450, 3137050 ], [ 4480550, 3137050 ], [ 4480850, 3137050 ], [ 4480950, 3137050 ], [ 4481150, 3137050 ], [ 4481250, 3137050 ], [ 4481350, 3137050 ], [ 4481450, 3137050 ], [ 4481750, 3137050 ], [ 4483350, 3137050 ], [ 4483450, 3137050 ], [ 4483550, 3137050 ], [ 4483650, 3137050 ], [ 4483750, 3137050 ], [ 4483850, 3137050 ], [ 4483950, 3137050 ], [ 4484150, 3137050 ], [ 4484250, 3137050 ], [ 4485850, 3137050 ], [ 4486150, 3137050 ], [ 4486250, 3137050 ], [ 4486350, 3137050 ], [ 4486450, 3137050 ], [ 4486550, 3137050 ], [ 4486650, 3137050 ], [ 4486750, 3137050 ], [ 4486850, 3137050 ], [ 4486950, 3137050 ], [ 4487050, 3137050 ], [ 4488750, 3137050 ], [ 4489250, 3137050 ], [ 4489350, 3137050 ], [ 4489850, 3137050 ], [ 4490050, 3137050 ], [ 4490150, 3137050 ], [ 4491350, 3137050 ], [ 4478050, 3137150 ], [ 4478950, 3137150 ], [ 4479050, 3137150 ], [ 4479250, 3137150 ], [ 4479350, 3137150 ], [ 4479450, 3137150 ], [ 4479650, 3137150 ], [ 4480150, 3137150 ], [ 4480450, 3137150 ], [ 4480550, 3137150 ], [ 4480650, 3137150 ], [ 4480750, 3137150 ], [ 4480850, 3137150 ], [ 4480950, 3137150 ], [ 4481050, 3137150 ], [ 4481150, 3137150 ], [ 4481250, 3137150 ], [ 4481350, 3137150 ], [ 4481450, 3137150 ], [ 4481650, 3137150 ], [ 4483050, 3137150 ], [ 4483150, 3137150 ], [ 4483250, 3137150 ], [ 4483350, 3137150 ], [ 4483450, 3137150 ], [ 4483550, 3137150 ], [ 4483650, 3137150 ], [ 4483750, 3137150 ], [ 4483850, 3137150 ], [ 4484450, 3137150 ], [ 4485750, 3137150 ], [ 4485950, 3137150 ], [ 4486050, 3137150 ], [ 4486150, 3137150 ], [ 4486250, 3137150 ], [ 4486450, 3137150 ], [ 4486550, 3137150 ], [ 4486650, 3137150 ], [ 4486750, 3137150 ], [ 4486850, 3137150 ], [ 4486950, 3137150 ], [ 4488650, 3137150 ], [ 4488950, 3137150 ], [ 4489350, 3137150 ], [ 4489450, 3137150 ], [ 4489550, 3137150 ], [ 4489650, 3137150 ], [ 4490050, 3137150 ], [ 4478750, 3137250 ], [ 4478850, 3137250 ], [ 4478950, 3137250 ], [ 4479250, 3137250 ], [ 4479350, 3137250 ], [ 4479450, 3137250 ], [ 4479850, 3137250 ], [ 4479950, 3137250 ], [ 4480250, 3137250 ], [ 4480350, 3137250 ], [ 4480450, 3137250 ], [ 4480750, 3137250 ], [ 4480850, 3137250 ], [ 4481050, 3137250 ], [ 4481150, 3137250 ], [ 4481250, 3137250 ], [ 4481350, 3137250 ], [ 4481450, 3137250 ], [ 4481550, 3137250 ], [ 4481650, 3137250 ], [ 4481750, 3137250 ], [ 4483050, 3137250 ], [ 4483150, 3137250 ], [ 4483250, 3137250 ], [ 4483350, 3137250 ], [ 4483450, 3137250 ], [ 4484050, 3137250 ], [ 4484450, 3137250 ], [ 4485950, 3137250 ], [ 4486050, 3137250 ], [ 4486250, 3137250 ], [ 4486350, 3137250 ], [ 4486450, 3137250 ], [ 4486550, 3137250 ], [ 4486650, 3137250 ], [ 4486750, 3137250 ], [ 4486850, 3137250 ], [ 4486950, 3137250 ], [ 4487050, 3137250 ], [ 4488550, 3137250 ], [ 4489350, 3137250 ], [ 4489450, 3137250 ], [ 4489550, 3137250 ], [ 4489650, 3137250 ], [ 4489750, 3137250 ], [ 4490850, 3137250 ], [ 4478550, 3137350 ], [ 4478750, 3137350 ], [ 4478850, 3137350 ], [ 4478950, 3137350 ], [ 4479050, 3137350 ], [ 4479150, 3137350 ], [ 4479350, 3137350 ], [ 4480050, 3137350 ], [ 4480250, 3137350 ], [ 4480350, 3137350 ], [ 4480450, 3137350 ], [ 4481050, 3137350 ], [ 4481150, 3137350 ], [ 4481250, 3137350 ], [ 4481350, 3137350 ], [ 4481450, 3137350 ], [ 4481550, 3137350 ], [ 4481650, 3137350 ], [ 4483050, 3137350 ], [ 4484150, 3137350 ], [ 4485850, 3137350 ], [ 4486050, 3137350 ], [ 4486150, 3137350 ], [ 4486250, 3137350 ], [ 4486350, 3137350 ], [ 4486450, 3137350 ], [ 4486550, 3137350 ], [ 4486750, 3137350 ], [ 4486850, 3137350 ], [ 4486950, 3137350 ], [ 4487450, 3137350 ], [ 4487550, 3137350 ], [ 4488350, 3137350 ], [ 4489250, 3137350 ], [ 4489350, 3137350 ], [ 4489450, 3137350 ], [ 4489550, 3137350 ], [ 4489650, 3137350 ], [ 4489750, 3137350 ], [ 4490150, 3137350 ], [ 4490250, 3137350 ], [ 4490750, 3137350 ], [ 4490850, 3137350 ], [ 4478350, 3137450 ], [ 4478850, 3137450 ], [ 4478950, 3137450 ], [ 4479050, 3137450 ], [ 4479150, 3137450 ], [ 4479250, 3137450 ], [ 4479350, 3137450 ], [ 4479650, 3137450 ], [ 4479950, 3137450 ], [ 4480150, 3137450 ], [ 4480250, 3137450 ], [ 4480350, 3137450 ], [ 4480450, 3137450 ], [ 4481450, 3137450 ], [ 4481550, 3137450 ], [ 4481650, 3137450 ], [ 4483150, 3137450 ], [ 4483850, 3137450 ], [ 4484050, 3137450 ], [ 4484250, 3137450 ], [ 4485950, 3137450 ], [ 4486050, 3137450 ], [ 4486150, 3137450 ], [ 4486350, 3137450 ], [ 4486450, 3137450 ], [ 4486750, 3137450 ], [ 4486850, 3137450 ], [ 4486950, 3137450 ], [ 4487350, 3137450 ], [ 4487450, 3137450 ], [ 4487550, 3137450 ], [ 4487650, 3137450 ], [ 4487750, 3137450 ], [ 4488150, 3137450 ], [ 4488350, 3137450 ], [ 4488550, 3137450 ], [ 4488650, 3137450 ], [ 4489150, 3137450 ], [ 4489450, 3137450 ], [ 4489550, 3137450 ], [ 4489650, 3137450 ], [ 4491050, 3137450 ], [ 4492650, 3137450 ], [ 4493350, 3137450 ], [ 4479350, 3137550 ], [ 4479750, 3137550 ], [ 4479950, 3137550 ], [ 4480050, 3137550 ], [ 4480150, 3137550 ], [ 4480250, 3137550 ], [ 4480350, 3137550 ], [ 4481550, 3137550 ], [ 4481650, 3137550 ], [ 4482950, 3137550 ], [ 4483150, 3137550 ], [ 4483650, 3137550 ], [ 4483750, 3137550 ], [ 4483850, 3137550 ], [ 4483950, 3137550 ], [ 4484050, 3137550 ], [ 4484150, 3137550 ], [ 4484350, 3137550 ], [ 4485950, 3137550 ], [ 4486050, 3137550 ], [ 4486150, 3137550 ], [ 4486450, 3137550 ], [ 4486550, 3137550 ], [ 4486650, 3137550 ], [ 4486750, 3137550 ], [ 4486850, 3137550 ], [ 4486950, 3137550 ], [ 4487050, 3137550 ], [ 4487250, 3137550 ], [ 4487350, 3137550 ], [ 4487450, 3137550 ], [ 4487550, 3137550 ], [ 4487650, 3137550 ], [ 4487750, 3137550 ], [ 4488450, 3137550 ], [ 4488650, 3137550 ], [ 4489150, 3137550 ], [ 4489250, 3137550 ], [ 4489350, 3137550 ], [ 4489450, 3137550 ], [ 4491150, 3137550 ], [ 4491450, 3137550 ], [ 4492350, 3137550 ], [ 4492550, 3137550 ], [ 4493750, 3137550 ], [ 4477850, 3137650 ], [ 4477950, 3137650 ], [ 4479850, 3137650 ], [ 4480050, 3137650 ], [ 4480150, 3137650 ], [ 4482950, 3137650 ], [ 4483150, 3137650 ], [ 4483650, 3137650 ], [ 4483750, 3137650 ], [ 4483950, 3137650 ], [ 4484050, 3137650 ], [ 4484250, 3137650 ], [ 4486150, 3137650 ], [ 4486250, 3137650 ], [ 4486350, 3137650 ], [ 4486450, 3137650 ], [ 4486550, 3137650 ], [ 4486650, 3137650 ], [ 4486750, 3137650 ], [ 4486850, 3137650 ], [ 4487050, 3137650 ], [ 4487350, 3137650 ], [ 4487450, 3137650 ], [ 4487550, 3137650 ], [ 4487650, 3137650 ], [ 4487750, 3137650 ], [ 4488650, 3137650 ], [ 4489150, 3137650 ], [ 4489350, 3137650 ], [ 4489450, 3137650 ], [ 4492750, 3137650 ], [ 4493350, 3137650 ], [ 4493550, 3137650 ], [ 4480050, 3137750 ], [ 4480250, 3137750 ], [ 4480350, 3137750 ], [ 4480450, 3137750 ], [ 4483650, 3137750 ], [ 4484150, 3137750 ], [ 4484250, 3137750 ], [ 4485750, 3137750 ], [ 4485950, 3137750 ], [ 4486250, 3137750 ], [ 4486450, 3137750 ], [ 4486550, 3137750 ], [ 4486650, 3137750 ], [ 4486750, 3137750 ], [ 4486850, 3137750 ], [ 4486950, 3137750 ], [ 4487050, 3137750 ], [ 4487450, 3137750 ], [ 4487550, 3137750 ], [ 4487650, 3137750 ], [ 4488350, 3137750 ], [ 4488550, 3137750 ], [ 4488750, 3137750 ], [ 4488850, 3137750 ], [ 4488950, 3137750 ], [ 4489050, 3137750 ], [ 4491050, 3137750 ], [ 4480350, 3137850 ], [ 4480450, 3137850 ], [ 4482350, 3137850 ], [ 4484150, 3137850 ], [ 4484250, 3137850 ], [ 4484450, 3137850 ], [ 4485750, 3137850 ], [ 4485850, 3137850 ], [ 4486050, 3137850 ], [ 4486150, 3137850 ], [ 4486450, 3137850 ], [ 4486550, 3137850 ], [ 4486650, 3137850 ], [ 4486750, 3137850 ], [ 4486850, 3137850 ], [ 4486950, 3137850 ], [ 4487250, 3137850 ], [ 4487350, 3137850 ], [ 4487550, 3137850 ], [ 4488250, 3137850 ], [ 4488350, 3137850 ], [ 4488850, 3137850 ], [ 4488950, 3137850 ], [ 4489050, 3137850 ], [ 4489150, 3137850 ], [ 4491250, 3137850 ], [ 4481750, 3137950 ], [ 4482350, 3137950 ], [ 4482450, 3137950 ], [ 4483050, 3137950 ], [ 4483550, 3137950 ], [ 4483650, 3137950 ], [ 4483750, 3137950 ], [ 4483850, 3137950 ], [ 4484150, 3137950 ], [ 4484250, 3137950 ], [ 4485850, 3137950 ], [ 4485950, 3137950 ], [ 4486050, 3137950 ], [ 4486150, 3137950 ], [ 4486250, 3137950 ], [ 4486350, 3137950 ], [ 4486450, 3137950 ], [ 4486550, 3137950 ], [ 4486650, 3137950 ], [ 4486750, 3137950 ], [ 4486850, 3137950 ], [ 4487150, 3137950 ], [ 4487250, 3137950 ], [ 4487350, 3137950 ], [ 4487550, 3137950 ], [ 4488350, 3137950 ], [ 4488450, 3137950 ], [ 4488850, 3137950 ], [ 4488950, 3137950 ], [ 4489050, 3137950 ], [ 4489150, 3137950 ], [ 4490950, 3137950 ], [ 4491350, 3137950 ], [ 4491450, 3137950 ], [ 4492550, 3137950 ], [ 4481650, 3138050 ], [ 4481750, 3138050 ], [ 4482250, 3138050 ], [ 4482850, 3138050 ], [ 4483550, 3138050 ], [ 4483650, 3138050 ], [ 4484050, 3138050 ], [ 4484150, 3138050 ], [ 4484250, 3138050 ], [ 4484350, 3138050 ], [ 4484450, 3138050 ], [ 4485850, 3138050 ], [ 4485950, 3138050 ], [ 4486050, 3138050 ], [ 4486150, 3138050 ], [ 4486250, 3138050 ], [ 4486450, 3138050 ], [ 4486550, 3138050 ], [ 4486650, 3138050 ], [ 4486750, 3138050 ], [ 4486850, 3138050 ], [ 4487050, 3138050 ], [ 4487250, 3138050 ], [ 4488250, 3138050 ], [ 4488350, 3138050 ], [ 4488450, 3138050 ], [ 4488550, 3138050 ], [ 4488650, 3138050 ], [ 4488850, 3138050 ], [ 4488950, 3138050 ], [ 4489050, 3138050 ], [ 4489150, 3138050 ], [ 4490150, 3138050 ], [ 4481550, 3138150 ], [ 4481650, 3138150 ], [ 4481950, 3138150 ], [ 4482050, 3138150 ], [ 4482550, 3138150 ], [ 4482950, 3138150 ], [ 4483150, 3138150 ], [ 4483350, 3138150 ], [ 4483450, 3138150 ], [ 4483550, 3138150 ], [ 4483750, 3138150 ], [ 4484150, 3138150 ], [ 4484350, 3138150 ], [ 4485750, 3138150 ], [ 4485850, 3138150 ], [ 4485950, 3138150 ], [ 4486050, 3138150 ], [ 4486150, 3138150 ], [ 4486250, 3138150 ], [ 4486350, 3138150 ], [ 4486450, 3138150 ], [ 4486550, 3138150 ], [ 4486650, 3138150 ], [ 4486750, 3138150 ], [ 4487050, 3138150 ], [ 4487150, 3138150 ], [ 4487250, 3138150 ], [ 4488250, 3138150 ], [ 4488350, 3138150 ], [ 4488450, 3138150 ], [ 4488550, 3138150 ], [ 4488650, 3138150 ], [ 4488750, 3138150 ], [ 4488850, 3138150 ], [ 4488950, 3138150 ], [ 4489050, 3138150 ], [ 4489150, 3138150 ], [ 4489250, 3138150 ], [ 4481450, 3138250 ], [ 4481550, 3138250 ], [ 4481950, 3138250 ], [ 4482150, 3138250 ], [ 4482250, 3138250 ], [ 4482450, 3138250 ], [ 4482550, 3138250 ], [ 4483150, 3138250 ], [ 4483350, 3138250 ], [ 4483450, 3138250 ], [ 4483550, 3138250 ], [ 4483650, 3138250 ], [ 4483750, 3138250 ], [ 4484250, 3138250 ], [ 4484450, 3138250 ], [ 4484550, 3138250 ], [ 4485650, 3138250 ], [ 4485750, 3138250 ], [ 4485850, 3138250 ], [ 4485950, 3138250 ], [ 4486050, 3138250 ], [ 4486150, 3138250 ], [ 4486250, 3138250 ], [ 4486350, 3138250 ], [ 4486450, 3138250 ], [ 4486550, 3138250 ], [ 4486650, 3138250 ], [ 4486750, 3138250 ], [ 4486850, 3138250 ], [ 4487050, 3138250 ], [ 4487150, 3138250 ], [ 4488050, 3138250 ], [ 4488150, 3138250 ], [ 4488250, 3138250 ], [ 4488350, 3138250 ], [ 4488450, 3138250 ], [ 4488550, 3138250 ], [ 4488650, 3138250 ], [ 4488750, 3138250 ], [ 4488850, 3138250 ], [ 4489050, 3138250 ], [ 4489150, 3138250 ], [ 4490650, 3138250 ], [ 4491550, 3138250 ], [ 4481450, 3138350 ], [ 4481750, 3138350 ], [ 4481850, 3138350 ], [ 4481950, 3138350 ], [ 4482150, 3138350 ], [ 4482250, 3138350 ], [ 4483050, 3138350 ], [ 4483150, 3138350 ], [ 4483350, 3138350 ], [ 4483550, 3138350 ], [ 4483650, 3138350 ], [ 4483850, 3138350 ], [ 4483950, 3138350 ], [ 4484250, 3138350 ], [ 4484450, 3138350 ], [ 4485650, 3138350 ], [ 4485750, 3138350 ], [ 4485850, 3138350 ], [ 4485950, 3138350 ], [ 4486150, 3138350 ], [ 4486250, 3138350 ], [ 4486350, 3138350 ], [ 4486450, 3138350 ], [ 4486550, 3138350 ], [ 4486650, 3138350 ], [ 4486750, 3138350 ], [ 4486850, 3138350 ], [ 4486950, 3138350 ], [ 4487950, 3138350 ], [ 4488050, 3138350 ], [ 4488150, 3138350 ], [ 4488250, 3138350 ], [ 4488550, 3138350 ], [ 4488850, 3138350 ], [ 4489150, 3138350 ], [ 4489250, 3138350 ], [ 4489350, 3138350 ], [ 4490650, 3138350 ], [ 4491550, 3138350 ], [ 4481750, 3138450 ], [ 4481850, 3138450 ], [ 4481950, 3138450 ], [ 4483250, 3138450 ], [ 4483450, 3138450 ], [ 4483650, 3138450 ], [ 4483850, 3138450 ], [ 4484050, 3138450 ], [ 4484950, 3138450 ], [ 4485050, 3138450 ], [ 4485150, 3138450 ], [ 4485650, 3138450 ], [ 4485750, 3138450 ], [ 4486350, 3138450 ], [ 4486450, 3138450 ], [ 4486550, 3138450 ], [ 4486650, 3138450 ], [ 4486750, 3138450 ], [ 4486950, 3138450 ], [ 4487050, 3138450 ], [ 4487150, 3138450 ], [ 4487250, 3138450 ], [ 4487350, 3138450 ], [ 4487950, 3138450 ], [ 4488050, 3138450 ], [ 4488150, 3138450 ], [ 4488550, 3138450 ], [ 4488650, 3138450 ], [ 4488850, 3138450 ], [ 4488950, 3138450 ], [ 4489050, 3138450 ], [ 4489150, 3138450 ], [ 4489250, 3138450 ], [ 4489350, 3138450 ], [ 4490750, 3138450 ], [ 4490950, 3138450 ], [ 4483050, 3138550 ], [ 4483150, 3138550 ], [ 4483450, 3138550 ], [ 4483550, 3138550 ], [ 4483650, 3138550 ], [ 4483850, 3138550 ], [ 4483950, 3138550 ], [ 4484850, 3138550 ], [ 4485050, 3138550 ], [ 4485150, 3138550 ], [ 4485250, 3138550 ], [ 4485350, 3138550 ], [ 4485850, 3138550 ], [ 4486250, 3138550 ], [ 4486450, 3138550 ], [ 4486550, 3138550 ], [ 4486650, 3138550 ], [ 4486750, 3138550 ], [ 4486950, 3138550 ], [ 4487050, 3138550 ], [ 4487250, 3138550 ], [ 4487350, 3138550 ], [ 4487850, 3138550 ], [ 4487950, 3138550 ], [ 4488050, 3138550 ], [ 4488150, 3138550 ], [ 4488350, 3138550 ], [ 4488450, 3138550 ], [ 4488550, 3138550 ], [ 4488850, 3138550 ], [ 4489050, 3138550 ], [ 4489150, 3138550 ], [ 4489250, 3138550 ], [ 4489350, 3138550 ], [ 4489450, 3138550 ], [ 4489650, 3138550 ], [ 4490950, 3138550 ], [ 4491050, 3138550 ], [ 4491350, 3138550 ], [ 4491450, 3138550 ], [ 4482750, 3138650 ], [ 4482950, 3138650 ], [ 4483850, 3138650 ], [ 4484050, 3138650 ], [ 4484950, 3138650 ], [ 4485150, 3138650 ], [ 4485250, 3138650 ], [ 4485350, 3138650 ], [ 4486050, 3138650 ], [ 4486250, 3138650 ], [ 4486350, 3138650 ], [ 4486750, 3138650 ], [ 4486950, 3138650 ], [ 4487050, 3138650 ], [ 4487150, 3138650 ], [ 4487250, 3138650 ], [ 4487350, 3138650 ], [ 4487550, 3138650 ], [ 4488350, 3138650 ], [ 4488450, 3138650 ], [ 4488550, 3138650 ], [ 4488650, 3138650 ], [ 4488750, 3138650 ], [ 4489250, 3138650 ], [ 4489350, 3138650 ], [ 4489450, 3138650 ], [ 4489650, 3138650 ], [ 4490750, 3138650 ], [ 4482850, 3138750 ], [ 4483050, 3138750 ], [ 4483150, 3138750 ], [ 4483450, 3138750 ], [ 4483650, 3138750 ], [ 4484050, 3138750 ], [ 4485250, 3138750 ], [ 4485350, 3138750 ], [ 4485450, 3138750 ], [ 4485550, 3138750 ], [ 4486250, 3138750 ], [ 4486750, 3138750 ], [ 4486850, 3138750 ], [ 4486950, 3138750 ], [ 4487050, 3138750 ], [ 4487150, 3138750 ], [ 4487250, 3138750 ], [ 4487350, 3138750 ], [ 4487450, 3138750 ], [ 4487550, 3138750 ], [ 4487650, 3138750 ], [ 4488250, 3138750 ], [ 4488350, 3138750 ], [ 4488550, 3138750 ], [ 4488650, 3138750 ], [ 4488750, 3138750 ], [ 4488850, 3138750 ], [ 4488950, 3138750 ], [ 4489250, 3138750 ], [ 4489350, 3138750 ], [ 4489850, 3138750 ], [ 4490950, 3138750 ], [ 4482850, 3138850 ], [ 4482950, 3138850 ], [ 4483150, 3138850 ], [ 4483350, 3138850 ], [ 4483550, 3138850 ], [ 4483750, 3138850 ], [ 4485250, 3138850 ], [ 4485350, 3138850 ], [ 4485450, 3138850 ], [ 4485550, 3138850 ], [ 4485650, 3138850 ], [ 4485750, 3138850 ], [ 4485850, 3138850 ], [ 4485950, 3138850 ], [ 4486050, 3138850 ], [ 4486850, 3138850 ], [ 4486950, 3138850 ], [ 4487050, 3138850 ], [ 4487150, 3138850 ], [ 4487250, 3138850 ], [ 4487450, 3138850 ], [ 4487650, 3138850 ], [ 4487750, 3138850 ], [ 4487850, 3138850 ], [ 4487950, 3138850 ], [ 4488150, 3138850 ], [ 4488550, 3138850 ], [ 4488750, 3138850 ], [ 4488850, 3138850 ], [ 4488950, 3138850 ], [ 4489050, 3138850 ], [ 4489250, 3138850 ], [ 4489650, 3138850 ], [ 4489750, 3138850 ], [ 4489850, 3138850 ], [ 4491050, 3138850 ], [ 4482250, 3138950 ], [ 4483250, 3138950 ], [ 4483350, 3138950 ], [ 4483450, 3138950 ], [ 4483750, 3138950 ], [ 4483850, 3138950 ], [ 4485050, 3138950 ], [ 4485150, 3138950 ], [ 4485450, 3138950 ], [ 4485550, 3138950 ], [ 4485650, 3138950 ], [ 4485750, 3138950 ], [ 4485850, 3138950 ], [ 4485950, 3138950 ], [ 4486050, 3138950 ], [ 4486150, 3138950 ], [ 4486250, 3138950 ], [ 4486450, 3138950 ], [ 4486550, 3138950 ], [ 4486650, 3138950 ], [ 4486950, 3138950 ], [ 4487150, 3138950 ], [ 4487250, 3138950 ], [ 4487350, 3138950 ], [ 4487650, 3138950 ], [ 4487850, 3138950 ], [ 4487950, 3138950 ], [ 4488250, 3138950 ], [ 4488650, 3138950 ], [ 4488750, 3138950 ], [ 4489150, 3138950 ], [ 4489650, 3138950 ], [ 4489750, 3138950 ], [ 4489850, 3138950 ], [ 4482750, 3139050 ], [ 4482850, 3139050 ], [ 4482950, 3139050 ], [ 4483150, 3139050 ], [ 4483350, 3139050 ], [ 4483450, 3139050 ], [ 4483750, 3139050 ], [ 4483850, 3139050 ], [ 4483950, 3139050 ], [ 4485450, 3139050 ], [ 4485550, 3139050 ], [ 4485650, 3139050 ], [ 4485750, 3139050 ], [ 4485850, 3139050 ], [ 4485950, 3139050 ], [ 4486050, 3139050 ], [ 4486150, 3139050 ], [ 4486250, 3139050 ], [ 4486350, 3139050 ], [ 4486450, 3139050 ], [ 4486650, 3139050 ], [ 4487150, 3139050 ], [ 4487550, 3139050 ], [ 4487650, 3139050 ], [ 4487750, 3139050 ], [ 4487850, 3139050 ], [ 4487950, 3139050 ], [ 4488050, 3139050 ], [ 4488250, 3139050 ], [ 4488350, 3139050 ], [ 4488750, 3139050 ], [ 4489350, 3139050 ], [ 4482750, 3139150 ], [ 4483150, 3139150 ], [ 4483450, 3139150 ], [ 4483750, 3139150 ], [ 4483850, 3139150 ], [ 4483950, 3139150 ], [ 4485550, 3139150 ], [ 4485650, 3139150 ], [ 4485750, 3139150 ], [ 4485850, 3139150 ], [ 4485950, 3139150 ], [ 4486050, 3139150 ], [ 4486250, 3139150 ], [ 4486350, 3139150 ], [ 4486450, 3139150 ], [ 4486550, 3139150 ], [ 4486650, 3139150 ], [ 4486950, 3139150 ], [ 4487150, 3139150 ], [ 4487250, 3139150 ], [ 4487350, 3139150 ], [ 4487450, 3139150 ], [ 4487550, 3139150 ], [ 4487650, 3139150 ], [ 4487750, 3139150 ], [ 4487850, 3139150 ], [ 4487950, 3139150 ], [ 4488050, 3139150 ], [ 4488350, 3139150 ], [ 4488550, 3139150 ], [ 4488750, 3139150 ], [ 4488850, 3139150 ], [ 4489150, 3139150 ], [ 4482650, 3139250 ], [ 4482850, 3139250 ], [ 4483050, 3139250 ], [ 4483150, 3139250 ], [ 4483250, 3139250 ], [ 4483750, 3139250 ], [ 4484850, 3139250 ], [ 4485450, 3139250 ], [ 4485550, 3139250 ], [ 4485650, 3139250 ], [ 4485750, 3139250 ], [ 4485850, 3139250 ], [ 4485950, 3139250 ], [ 4486050, 3139250 ], [ 4486150, 3139250 ], [ 4486250, 3139250 ], [ 4486350, 3139250 ], [ 4486450, 3139250 ], [ 4486550, 3139250 ], [ 4486650, 3139250 ], [ 4486750, 3139250 ], [ 4486850, 3139250 ], [ 4487150, 3139250 ], [ 4487250, 3139250 ], [ 4487350, 3139250 ], [ 4487550, 3139250 ], [ 4487650, 3139250 ], [ 4487750, 3139250 ], [ 4487850, 3139250 ], [ 4487950, 3139250 ], [ 4488050, 3139250 ], [ 4488150, 3139250 ], [ 4488250, 3139250 ], [ 4490550, 3139250 ], [ 4490750, 3139250 ], [ 4482750, 3139350 ], [ 4482850, 3139350 ], [ 4483150, 3139350 ], [ 4483250, 3139350 ], [ 4483850, 3139350 ], [ 4485350, 3139350 ], [ 4485450, 3139350 ], [ 4485550, 3139350 ], [ 4485650, 3139350 ], [ 4485750, 3139350 ], [ 4485850, 3139350 ], [ 4485950, 3139350 ], [ 4486250, 3139350 ], [ 4486350, 3139350 ], [ 4486450, 3139350 ], [ 4486550, 3139350 ], [ 4486650, 3139350 ], [ 4486750, 3139350 ], [ 4487050, 3139350 ], [ 4487150, 3139350 ], [ 4487350, 3139350 ], [ 4487450, 3139350 ], [ 4487650, 3139350 ], [ 4487750, 3139350 ], [ 4487950, 3139350 ], [ 4488050, 3139350 ], [ 4488150, 3139350 ], [ 4488250, 3139350 ], [ 4488350, 3139350 ], [ 4488650, 3139350 ], [ 4488750, 3139350 ], [ 4488850, 3139350 ], [ 4488950, 3139350 ], [ 4490350, 3139350 ], [ 4490450, 3139350 ], [ 4481950, 3139450 ], [ 4482350, 3139450 ], [ 4482750, 3139450 ], [ 4482850, 3139450 ], [ 4482950, 3139450 ], [ 4485350, 3139450 ], [ 4485450, 3139450 ], [ 4485550, 3139450 ], [ 4485650, 3139450 ], [ 4485750, 3139450 ], [ 4485850, 3139450 ], [ 4485950, 3139450 ], [ 4486050, 3139450 ], [ 4486250, 3139450 ], [ 4486350, 3139450 ], [ 4486450, 3139450 ], [ 4486550, 3139450 ], [ 4486650, 3139450 ], [ 4486750, 3139450 ], [ 4486850, 3139450 ], [ 4487050, 3139450 ], [ 4487150, 3139450 ], [ 4487450, 3139450 ], [ 4487550, 3139450 ], [ 4487650, 3139450 ], [ 4487750, 3139450 ], [ 4487850, 3139450 ], [ 4487950, 3139450 ], [ 4488050, 3139450 ], [ 4488150, 3139450 ], [ 4488250, 3139450 ], [ 4488350, 3139450 ], [ 4488450, 3139450 ], [ 4488550, 3139450 ], [ 4488650, 3139450 ], [ 4488750, 3139450 ], [ 4488850, 3139450 ], [ 4488950, 3139450 ], [ 4489050, 3139450 ], [ 4490450, 3139450 ], [ 4490550, 3139450 ], [ 4481950, 3139550 ], [ 4482450, 3139550 ], [ 4482550, 3139550 ], [ 4482650, 3139550 ], [ 4482750, 3139550 ], [ 4482850, 3139550 ], [ 4482950, 3139550 ], [ 4483150, 3139550 ], [ 4485250, 3139550 ], [ 4485350, 3139550 ], [ 4485550, 3139550 ], [ 4485650, 3139550 ], [ 4485750, 3139550 ], [ 4485850, 3139550 ], [ 4485950, 3139550 ], [ 4486250, 3139550 ], [ 4486350, 3139550 ], [ 4486450, 3139550 ], [ 4486650, 3139550 ], [ 4486750, 3139550 ], [ 4487050, 3139550 ], [ 4487150, 3139550 ], [ 4487250, 3139550 ], [ 4487350, 3139550 ], [ 4487550, 3139550 ], [ 4487650, 3139550 ], [ 4487750, 3139550 ], [ 4487950, 3139550 ], [ 4488050, 3139550 ], [ 4488150, 3139550 ], [ 4488250, 3139550 ], [ 4488350, 3139550 ], [ 4488450, 3139550 ], [ 4488550, 3139550 ], [ 4488650, 3139550 ], [ 4488750, 3139550 ], [ 4488850, 3139550 ], [ 4488950, 3139550 ], [ 4481850, 3139650 ], [ 4482550, 3139650 ], [ 4482650, 3139650 ], [ 4482750, 3139650 ], [ 4482850, 3139650 ], [ 4483050, 3139650 ], [ 4485150, 3139650 ], [ 4485250, 3139650 ], [ 4485350, 3139650 ], [ 4485450, 3139650 ], [ 4485550, 3139650 ], [ 4485650, 3139650 ], [ 4485750, 3139650 ], [ 4485850, 3139650 ], [ 4485950, 3139650 ], [ 4486050, 3139650 ], [ 4486250, 3139650 ], [ 4486350, 3139650 ], [ 4486450, 3139650 ], [ 4486750, 3139650 ], [ 4487150, 3139650 ], [ 4487250, 3139650 ], [ 4487350, 3139650 ], [ 4487450, 3139650 ], [ 4487650, 3139650 ], [ 4487750, 3139650 ], [ 4487850, 3139650 ], [ 4487950, 3139650 ], [ 4488050, 3139650 ], [ 4488150, 3139650 ], [ 4488250, 3139650 ], [ 4488350, 3139650 ], [ 4488450, 3139650 ], [ 4488650, 3139650 ], [ 4488750, 3139650 ], [ 4488850, 3139650 ], [ 4488950, 3139650 ], [ 4489050, 3139650 ], [ 4490050, 3139650 ], [ 4490250, 3139650 ], [ 4482150, 3139750 ], [ 4482550, 3139750 ], [ 4482650, 3139750 ], [ 4482750, 3139750 ], [ 4482950, 3139750 ], [ 4485150, 3139750 ], [ 4485250, 3139750 ], [ 4485450, 3139750 ], [ 4485550, 3139750 ], [ 4485650, 3139750 ], [ 4485750, 3139750 ], [ 4485850, 3139750 ], [ 4485950, 3139750 ], [ 4486050, 3139750 ], [ 4486350, 3139750 ], [ 4486450, 3139750 ], [ 4487150, 3139750 ], [ 4487350, 3139750 ], [ 4487450, 3139750 ], [ 4487550, 3139750 ], [ 4487650, 3139750 ], [ 4487750, 3139750 ], [ 4487850, 3139750 ], [ 4487950, 3139750 ], [ 4488050, 3139750 ], [ 4488250, 3139750 ], [ 4488350, 3139750 ], [ 4488650, 3139750 ], [ 4488750, 3139750 ], [ 4488850, 3139750 ], [ 4488950, 3139750 ], [ 4489050, 3139750 ], [ 4489250, 3139750 ], [ 4490250, 3139750 ], [ 4490350, 3139750 ], [ 4490450, 3139750 ], [ 4482050, 3139850 ], [ 4482150, 3139850 ], [ 4482350, 3139850 ], [ 4482550, 3139850 ], [ 4484950, 3139850 ], [ 4485050, 3139850 ], [ 4485150, 3139850 ], [ 4485650, 3139850 ], [ 4485750, 3139850 ], [ 4485850, 3139850 ], [ 4485950, 3139850 ], [ 4486050, 3139850 ], [ 4486150, 3139850 ], [ 4486250, 3139850 ], [ 4486350, 3139850 ], [ 4486450, 3139850 ], [ 4487050, 3139850 ], [ 4487350, 3139850 ], [ 4487450, 3139850 ], [ 4487550, 3139850 ], [ 4487950, 3139850 ], [ 4488050, 3139850 ], [ 4488550, 3139850 ], [ 4488650, 3139850 ], [ 4488750, 3139850 ], [ 4488850, 3139850 ], [ 4488950, 3139850 ], [ 4489150, 3139850 ], [ 4489250, 3139850 ], [ 4489650, 3139850 ], [ 4489850, 3139850 ], [ 4490350, 3139850 ], [ 4480350, 3139950 ], [ 4481850, 3139950 ], [ 4482150, 3139950 ], [ 4482550, 3139950 ], [ 4484950, 3139950 ], [ 4485050, 3139950 ], [ 4485150, 3139950 ], [ 4485850, 3139950 ], [ 4485950, 3139950 ], [ 4486050, 3139950 ], [ 4486150, 3139950 ], [ 4486250, 3139950 ], [ 4486350, 3139950 ], [ 4486450, 3139950 ], [ 4486650, 3139950 ], [ 4487450, 3139950 ], [ 4487550, 3139950 ], [ 4487850, 3139950 ], [ 4487950, 3139950 ], [ 4488150, 3139950 ], [ 4488450, 3139950 ], [ 4488550, 3139950 ], [ 4488850, 3139950 ], [ 4488950, 3139950 ], [ 4489650, 3139950 ], [ 4489950, 3139950 ], [ 4490050, 3139950 ], [ 4480450, 3140050 ], [ 4486150, 3140050 ], [ 4486250, 3140050 ], [ 4486350, 3140050 ], [ 4486650, 3140050 ], [ 4487850, 3140050 ], [ 4487950, 3140050 ], [ 4488050, 3140050 ], [ 4488150, 3140050 ], [ 4488250, 3140050 ], [ 4488350, 3140050 ], [ 4488450, 3140050 ], [ 4488550, 3140050 ], [ 4488650, 3140050 ], [ 4488750, 3140050 ], [ 4488950, 3140050 ], [ 4489050, 3140050 ], [ 4489150, 3140050 ], [ 4489350, 3140050 ], [ 4489450, 3140050 ], [ 4489550, 3140050 ], [ 4489950, 3140050 ], [ 4490050, 3140050 ], [ 4490150, 3140050 ], [ 4490250, 3140050 ], [ 4490350, 3140050 ], [ 4490450, 3140050 ], [ 4491550, 3140050 ], [ 4491750, 3140050 ], [ 4491950, 3140050 ], [ 4481550, 3140150 ], [ 4481850, 3140150 ], [ 4482050, 3140150 ], [ 4482150, 3140150 ], [ 4482250, 3140150 ], [ 4484650, 3140150 ], [ 4484950, 3140150 ], [ 4486150, 3140150 ], [ 4486350, 3140150 ], [ 4486450, 3140150 ], [ 4486650, 3140150 ], [ 4487950, 3140150 ], [ 4488050, 3140150 ], [ 4488150, 3140150 ], [ 4488250, 3140150 ], [ 4488350, 3140150 ], [ 4488450, 3140150 ], [ 4488550, 3140150 ], [ 4489150, 3140150 ], [ 4489450, 3140150 ], [ 4489950, 3140150 ], [ 4490050, 3140150 ], [ 4490150, 3140150 ], [ 4490250, 3140150 ], [ 4490350, 3140150 ], [ 4490450, 3140150 ], [ 4491050, 3140150 ], [ 4491550, 3140150 ], [ 4491650, 3140150 ], [ 4491750, 3140150 ], [ 4491950, 3140150 ], [ 4481850, 3140250 ], [ 4481950, 3140250 ], [ 4482050, 3140250 ], [ 4484650, 3140250 ], [ 4484850, 3140250 ], [ 4484950, 3140250 ], [ 4486350, 3140250 ], [ 4486450, 3140250 ], [ 4486550, 3140250 ], [ 4486650, 3140250 ], [ 4486750, 3140250 ], [ 4488150, 3140250 ], [ 4488250, 3140250 ], [ 4488350, 3140250 ], [ 4488450, 3140250 ], [ 4488550, 3140250 ], [ 4489950, 3140250 ], [ 4490050, 3140250 ], [ 4490150, 3140250 ], [ 4490250, 3140250 ], [ 4490350, 3140250 ], [ 4490650, 3140250 ], [ 4491150, 3140250 ], [ 4491250, 3140250 ], [ 4491550, 3140250 ], [ 4491650, 3140250 ], [ 4491750, 3140250 ], [ 4491850, 3140250 ], [ 4492350, 3140250 ], [ 4480350, 3140350 ], [ 4481750, 3140350 ], [ 4481850, 3140350 ], [ 4486250, 3140350 ], [ 4486350, 3140350 ], [ 4486450, 3140350 ], [ 4486550, 3140350 ], [ 4486650, 3140350 ], [ 4486750, 3140350 ], [ 4486850, 3140350 ], [ 4490150, 3140350 ], [ 4490250, 3140350 ], [ 4490350, 3140350 ], [ 4480150, 3140450 ], [ 4480250, 3140450 ], [ 4480350, 3140450 ], [ 4480450, 3140450 ], [ 4481650, 3140450 ], [ 4481750, 3140450 ], [ 4481850, 3140450 ], [ 4481950, 3140450 ], [ 4482050, 3140450 ], [ 4482350, 3140450 ], [ 4482450, 3140450 ], [ 4482750, 3140450 ], [ 4482850, 3140450 ], [ 4484350, 3140450 ], [ 4486350, 3140450 ], [ 4486450, 3140450 ], [ 4486750, 3140450 ], [ 4486850, 3140450 ], [ 4488950, 3140450 ], [ 4490150, 3140450 ], [ 4490250, 3140450 ], [ 4490350, 3140450 ], [ 4490450, 3140450 ], [ 4490750, 3140450 ], [ 4490850, 3140450 ], [ 4490950, 3140450 ], [ 4491050, 3140450 ], [ 4491350, 3140450 ], [ 4492250, 3140450 ], [ 4492550, 3140450 ], [ 4478650, 3140550 ], [ 4480050, 3140550 ], [ 4480150, 3140550 ], [ 4480350, 3140550 ], [ 4480450, 3140550 ], [ 4481050, 3140550 ], [ 4481250, 3140550 ], [ 4481650, 3140550 ], [ 4482450, 3140550 ], [ 4482550, 3140550 ], [ 4482750, 3140550 ], [ 4482850, 3140550 ], [ 4486150, 3140550 ], [ 4486250, 3140550 ], [ 4486350, 3140550 ], [ 4486450, 3140550 ], [ 4486950, 3140550 ], [ 4487050, 3140550 ], [ 4488850, 3140550 ], [ 4488950, 3140550 ], [ 4489050, 3140550 ], [ 4490150, 3140550 ], [ 4490250, 3140550 ], [ 4490350, 3140550 ], [ 4490450, 3140550 ], [ 4490950, 3140550 ], [ 4491050, 3140550 ], [ 4478950, 3140650 ], [ 4479950, 3140650 ], [ 4480050, 3140650 ], [ 4480350, 3140650 ], [ 4480450, 3140650 ], [ 4480950, 3140650 ], [ 4481750, 3140650 ], [ 4481850, 3140650 ], [ 4486150, 3140650 ], [ 4486250, 3140650 ], [ 4487050, 3140650 ], [ 4487250, 3140650 ], [ 4488550, 3140650 ], [ 4488650, 3140650 ], [ 4488750, 3140650 ], [ 4488850, 3140650 ], [ 4488950, 3140650 ], [ 4489050, 3140650 ], [ 4489150, 3140650 ], [ 4489250, 3140650 ], [ 4489350, 3140650 ], [ 4489450, 3140650 ], [ 4489550, 3140650 ], [ 4489650, 3140650 ], [ 4490150, 3140650 ], [ 4490350, 3140650 ], [ 4490450, 3140650 ], [ 4491850, 3140650 ], [ 4491950, 3140650 ], [ 4492050, 3140650 ], [ 4492150, 3140650 ], [ 4492350, 3140650 ], [ 4492450, 3140650 ], [ 4493050, 3140650 ], [ 4480050, 3140750 ], [ 4480450, 3140750 ], [ 4480750, 3140750 ], [ 4485950, 3140750 ], [ 4486150, 3140750 ], [ 4486250, 3140750 ], [ 4486350, 3140750 ], [ 4486450, 3140750 ], [ 4488550, 3140750 ], [ 4488650, 3140750 ], [ 4488750, 3140750 ], [ 4488850, 3140750 ], [ 4488950, 3140750 ], [ 4489050, 3140750 ], [ 4489150, 3140750 ], [ 4489250, 3140750 ], [ 4489350, 3140750 ], [ 4489450, 3140750 ], [ 4489550, 3140750 ], [ 4489650, 3140750 ], [ 4489850, 3140750 ], [ 4489950, 3140750 ], [ 4490050, 3140750 ], [ 4491750, 3140750 ], [ 4491850, 3140750 ], [ 4491950, 3140750 ], [ 4492050, 3140750 ], [ 4492150, 3140750 ], [ 4492250, 3140750 ], [ 4492350, 3140750 ], [ 4492450, 3140750 ], [ 4492550, 3140750 ], [ 4492650, 3140750 ], [ 4478350, 3140850 ], [ 4478450, 3140850 ], [ 4478550, 3140850 ], [ 4480050, 3140850 ], [ 4480150, 3140850 ], [ 4480250, 3140850 ], [ 4480450, 3140850 ], [ 4480550, 3140850 ], [ 4481150, 3140850 ], [ 4481550, 3140850 ], [ 4482550, 3140850 ], [ 4485850, 3140850 ], [ 4485950, 3140850 ], [ 4486050, 3140850 ], [ 4486150, 3140850 ], [ 4486250, 3140850 ], [ 4486350, 3140850 ], [ 4486450, 3140850 ], [ 4487950, 3140850 ], [ 4488550, 3140850 ], [ 4488650, 3140850 ], [ 4488750, 3140850 ], [ 4488850, 3140850 ], [ 4488950, 3140850 ], [ 4489050, 3140850 ], [ 4489150, 3140850 ], [ 4489250, 3140850 ], [ 4489350, 3140850 ], [ 4489450, 3140850 ], [ 4489550, 3140850 ], [ 4489850, 3140850 ], [ 4490050, 3140850 ], [ 4490150, 3140850 ], [ 4491650, 3140850 ], [ 4491750, 3140850 ], [ 4491850, 3140850 ], [ 4491950, 3140850 ], [ 4492050, 3140850 ], [ 4492150, 3140850 ], [ 4492250, 3140850 ], [ 4492350, 3140850 ], [ 4492450, 3140850 ], [ 4492550, 3140850 ], [ 4492650, 3140850 ], [ 4478350, 3140950 ], [ 4478650, 3140950 ], [ 4480650, 3140950 ], [ 4481450, 3140950 ], [ 4481650, 3140950 ], [ 4482250, 3140950 ], [ 4485750, 3140950 ], [ 4485850, 3140950 ], [ 4485950, 3140950 ], [ 4486050, 3140950 ], [ 4486150, 3140950 ], [ 4486250, 3140950 ], [ 4486350, 3140950 ], [ 4486450, 3140950 ], [ 4487850, 3140950 ], [ 4487950, 3140950 ], [ 4488650, 3140950 ], [ 4488750, 3140950 ], [ 4488850, 3140950 ], [ 4488950, 3140950 ], [ 4489050, 3140950 ], [ 4489150, 3140950 ], [ 4489250, 3140950 ], [ 4489350, 3140950 ], [ 4489550, 3140950 ], [ 4489850, 3140950 ], [ 4490050, 3140950 ], [ 4490150, 3140950 ], [ 4490250, 3140950 ], [ 4491650, 3140950 ], [ 4491750, 3140950 ], [ 4491850, 3140950 ], [ 4491950, 3140950 ], [ 4492050, 3140950 ], [ 4492150, 3140950 ], [ 4492250, 3140950 ], [ 4492350, 3140950 ], [ 4492450, 3140950 ], [ 4492550, 3140950 ], [ 4480050, 3141050 ], [ 4480450, 3141050 ], [ 4480650, 3141050 ], [ 4481150, 3141050 ], [ 4482250, 3141050 ], [ 4485350, 3141050 ], [ 4485550, 3141050 ], [ 4485950, 3141050 ], [ 4486050, 3141050 ], [ 4486150, 3141050 ], [ 4486250, 3141050 ], [ 4486350, 3141050 ], [ 4486450, 3141050 ], [ 4486550, 3141050 ], [ 4487950, 3141050 ], [ 4488650, 3141050 ], [ 4488750, 3141050 ], [ 4488850, 3141050 ], [ 4488950, 3141050 ], [ 4489050, 3141050 ], [ 4489150, 3141050 ], [ 4489250, 3141050 ], [ 4489350, 3141050 ], [ 4489450, 3141050 ], [ 4489550, 3141050 ], [ 4489750, 3141050 ], [ 4489850, 3141050 ], [ 4489950, 3141050 ], [ 4490150, 3141050 ], [ 4490250, 3141050 ], [ 4490350, 3141050 ], [ 4491650, 3141050 ], [ 4491750, 3141050 ], [ 4491850, 3141050 ], [ 4491950, 3141050 ], [ 4492050, 3141050 ], [ 4492150, 3141050 ], [ 4492250, 3141050 ], [ 4492350, 3141050 ], [ 4492450, 3141050 ], [ 4492550, 3141050 ], [ 4479850, 3141150 ], [ 4480450, 3141150 ], [ 4480850, 3141150 ], [ 4480950, 3141150 ], [ 4485650, 3141150 ], [ 4485850, 3141150 ], [ 4486050, 3141150 ], [ 4486150, 3141150 ], [ 4486250, 3141150 ], [ 4486350, 3141150 ], [ 4486450, 3141150 ], [ 4486550, 3141150 ], [ 4487450, 3141150 ], [ 4488650, 3141150 ], [ 4488750, 3141150 ], [ 4488850, 3141150 ], [ 4488950, 3141150 ], [ 4489050, 3141150 ], [ 4489150, 3141150 ], [ 4489250, 3141150 ], [ 4489550, 3141150 ], [ 4489650, 3141150 ], [ 4489750, 3141150 ], [ 4489850, 3141150 ], [ 4489950, 3141150 ], [ 4490050, 3141150 ], [ 4490150, 3141150 ], [ 4490250, 3141150 ], [ 4490350, 3141150 ], [ 4491750, 3141150 ], [ 4491850, 3141150 ], [ 4491950, 3141150 ], [ 4492050, 3141150 ], [ 4492150, 3141150 ], [ 4492250, 3141150 ], [ 4492350, 3141150 ], [ 4492450, 3141150 ], [ 4492550, 3141150 ], [ 4479850, 3141250 ], [ 4480450, 3141250 ], [ 4480650, 3141250 ], [ 4480850, 3141250 ], [ 4485950, 3141250 ], [ 4486050, 3141250 ], [ 4486250, 3141250 ], [ 4486350, 3141250 ], [ 4486450, 3141250 ], [ 4488650, 3141250 ], [ 4488750, 3141250 ], [ 4488850, 3141250 ], [ 4488950, 3141250 ], [ 4489050, 3141250 ], [ 4489150, 3141250 ], [ 4489250, 3141250 ], [ 4489550, 3141250 ], [ 4489650, 3141250 ], [ 4489750, 3141250 ], [ 4489850, 3141250 ], [ 4489950, 3141250 ], [ 4490050, 3141250 ], [ 4490150, 3141250 ], [ 4490250, 3141250 ], [ 4492050, 3141250 ], [ 4492150, 3141250 ], [ 4492250, 3141250 ], [ 4492350, 3141250 ], [ 4492450, 3141250 ], [ 4492550, 3141250 ], [ 4492650, 3141250 ], [ 4478950, 3141350 ], [ 4479050, 3141350 ], [ 4479850, 3141350 ], [ 4480750, 3141350 ], [ 4485250, 3141350 ], [ 4485450, 3141350 ], [ 4485550, 3141350 ], [ 4485750, 3141350 ], [ 4486250, 3141350 ], [ 4486450, 3141350 ], [ 4486550, 3141350 ], [ 4487450, 3141350 ], [ 4487550, 3141350 ], [ 4488650, 3141350 ], [ 4488750, 3141350 ], [ 4488950, 3141350 ], [ 4489050, 3141350 ], [ 4489150, 3141350 ], [ 4489450, 3141350 ], [ 4489550, 3141350 ], [ 4489650, 3141350 ], [ 4489750, 3141350 ], [ 4489850, 3141350 ], [ 4489950, 3141350 ], [ 4490050, 3141350 ], [ 4490150, 3141350 ], [ 4490250, 3141350 ], [ 4492050, 3141350 ], [ 4492150, 3141350 ], [ 4492250, 3141350 ], [ 4492350, 3141350 ], [ 4492450, 3141350 ], [ 4492550, 3141350 ], [ 4492650, 3141350 ], [ 4493050, 3141350 ], [ 4493150, 3141350 ], [ 4493250, 3141350 ], [ 4479850, 3141450 ], [ 4480350, 3141450 ], [ 4480450, 3141450 ], [ 4485450, 3141450 ], [ 4485550, 3141450 ], [ 4486550, 3141450 ], [ 4487050, 3141450 ], [ 4487250, 3141450 ], [ 4487850, 3141450 ], [ 4488950, 3141450 ], [ 4489050, 3141450 ], [ 4489150, 3141450 ], [ 4489250, 3141450 ], [ 4489850, 3141450 ], [ 4489950, 3141450 ], [ 4490050, 3141450 ], [ 4492150, 3141450 ], [ 4492250, 3141450 ], [ 4492350, 3141450 ], [ 4492450, 3141450 ], [ 4492550, 3141450 ], [ 4492650, 3141450 ], [ 4492950, 3141450 ], [ 4493050, 3141450 ], [ 4493150, 3141450 ], [ 4493250, 3141450 ], [ 4493350, 3141450 ], [ 4479550, 3141550 ], [ 4479850, 3141550 ], [ 4480350, 3141550 ], [ 4484950, 3141550 ], [ 4485050, 3141550 ], [ 4485250, 3141550 ], [ 4485350, 3141550 ], [ 4485550, 3141550 ], [ 4485750, 3141550 ], [ 4485850, 3141550 ], [ 4486350, 3141550 ], [ 4486450, 3141550 ], [ 4486950, 3141550 ], [ 4487250, 3141550 ], [ 4487350, 3141550 ], [ 4487550, 3141550 ], [ 4487750, 3141550 ], [ 4487850, 3141550 ], [ 4489050, 3141550 ], [ 4489350, 3141550 ], [ 4489650, 3141550 ], [ 4490050, 3141550 ], [ 4492950, 3141550 ], [ 4493050, 3141550 ], [ 4493150, 3141550 ], [ 4493250, 3141550 ], [ 4493350, 3141550 ], [ 4493450, 3141550 ], [ 4493550, 3141550 ], [ 4478950, 3141650 ], [ 4479050, 3141650 ], [ 4484950, 3141650 ], [ 4485050, 3141650 ], [ 4485250, 3141650 ], [ 4485350, 3141650 ], [ 4485450, 3141650 ], [ 4485950, 3141650 ], [ 4486050, 3141650 ], [ 4486450, 3141650 ], [ 4486650, 3141650 ], [ 4486950, 3141650 ], [ 4487150, 3141650 ], [ 4487350, 3141650 ], [ 4487550, 3141650 ], [ 4487650, 3141650 ], [ 4487750, 3141650 ], [ 4489050, 3141650 ], [ 4489150, 3141650 ], [ 4489350, 3141650 ], [ 4489750, 3141650 ], [ 4489950, 3141650 ], [ 4490050, 3141650 ], [ 4492950, 3141650 ], [ 4493050, 3141650 ], [ 4493150, 3141650 ], [ 4493350, 3141650 ], [ 4493450, 3141650 ], [ 4493550, 3141650 ], [ 4493650, 3141650 ], [ 4485350, 3141750 ], [ 4485650, 3141750 ], [ 4485850, 3141750 ], [ 4485950, 3141750 ], [ 4486050, 3141750 ], [ 4486650, 3141750 ], [ 4486750, 3141750 ], [ 4486850, 3141750 ], [ 4486950, 3141750 ], [ 4487050, 3141750 ], [ 4487150, 3141750 ], [ 4487250, 3141750 ], [ 4487350, 3141750 ], [ 4487450, 3141750 ], [ 4487550, 3141750 ], [ 4487650, 3141750 ], [ 4487750, 3141750 ], [ 4489950, 3141750 ], [ 4490050, 3141750 ], [ 4493350, 3141750 ], [ 4493450, 3141750 ], [ 4493550, 3141750 ], [ 4493650, 3141750 ], [ 4493750, 3141750 ], [ 4484850, 3141850 ], [ 4484950, 3141850 ], [ 4485050, 3141850 ], [ 4485250, 3141850 ], [ 4485350, 3141850 ], [ 4485650, 3141850 ], [ 4485750, 3141850 ], [ 4486050, 3141850 ], [ 4486650, 3141850 ], [ 4486850, 3141850 ], [ 4487050, 3141850 ], [ 4487150, 3141850 ], [ 4487250, 3141850 ], [ 4487350, 3141850 ], [ 4487450, 3141850 ], [ 4487550, 3141850 ], [ 4487650, 3141850 ], [ 4487750, 3141850 ], [ 4493150, 3141850 ], [ 4493250, 3141850 ], [ 4493350, 3141850 ], [ 4493450, 3141850 ], [ 4493550, 3141850 ], [ 4493650, 3141850 ], [ 4493750, 3141850 ], [ 4484550, 3141950 ], [ 4484650, 3141950 ], [ 4484750, 3141950 ], [ 4485050, 3141950 ], [ 4485150, 3141950 ], [ 4485250, 3141950 ], [ 4485350, 3141950 ], [ 4485650, 3141950 ], [ 4485750, 3141950 ], [ 4486450, 3141950 ], [ 4486650, 3141950 ], [ 4486950, 3141950 ], [ 4487150, 3141950 ], [ 4487250, 3141950 ], [ 4487350, 3141950 ], [ 4487450, 3141950 ], [ 4487550, 3141950 ], [ 4487650, 3141950 ], [ 4487750, 3141950 ], [ 4488450, 3141950 ], [ 4493350, 3141950 ], [ 4493450, 3141950 ], [ 4484350, 3142050 ], [ 4484450, 3142050 ], [ 4484550, 3142050 ], [ 4484650, 3142050 ], [ 4484750, 3142050 ], [ 4485150, 3142050 ], [ 4485250, 3142050 ], [ 4485750, 3142050 ], [ 4486150, 3142050 ], [ 4486250, 3142050 ], [ 4486350, 3142050 ], [ 4487150, 3142050 ], [ 4487250, 3142050 ], [ 4487350, 3142050 ], [ 4487450, 3142050 ], [ 4487550, 3142050 ], [ 4487650, 3142050 ], [ 4487850, 3142050 ], [ 4488450, 3142050 ], [ 4489650, 3142050 ], [ 4493350, 3142050 ], [ 4484350, 3142150 ], [ 4484450, 3142150 ], [ 4484550, 3142150 ], [ 4484650, 3142150 ], [ 4485250, 3142150 ], [ 4485450, 3142150 ], [ 4486350, 3142150 ], [ 4486550, 3142150 ], [ 4487350, 3142150 ], [ 4487450, 3142150 ], [ 4488350, 3142150 ], [ 4484250, 3142250 ], [ 4484350, 3142250 ], [ 4484450, 3142250 ], [ 4484550, 3142250 ], [ 4484650, 3142250 ], [ 4485850, 3142250 ], [ 4486350, 3142250 ], [ 4486450, 3142250 ], [ 4486550, 3142250 ], [ 4486650, 3142250 ], [ 4487050, 3142250 ], [ 4483750, 3142350 ], [ 4483850, 3142350 ], [ 4484050, 3142350 ], [ 4484150, 3142350 ], [ 4484250, 3142350 ], [ 4484350, 3142350 ], [ 4484450, 3142350 ], [ 4484550, 3142350 ], [ 4484650, 3142350 ], [ 4485350, 3142350 ], [ 4486050, 3142350 ], [ 4486150, 3142350 ], [ 4486250, 3142350 ], [ 4486350, 3142350 ], [ 4486550, 3142350 ], [ 4486650, 3142350 ], [ 4488450, 3142350 ], [ 4490250, 3142350 ], [ 4483750, 3142450 ], [ 4483850, 3142450 ], [ 4483950, 3142450 ], [ 4484050, 3142450 ], [ 4484150, 3142450 ], [ 4484250, 3142450 ], [ 4484350, 3142450 ], [ 4484450, 3142450 ], [ 4484550, 3142450 ], [ 4484650, 3142450 ], [ 4485250, 3142450 ], [ 4485350, 3142450 ], [ 4485950, 3142450 ], [ 4486250, 3142450 ], [ 4486350, 3142450 ], [ 4486450, 3142450 ], [ 4486550, 3142450 ], [ 4486650, 3142450 ], [ 4486750, 3142450 ], [ 4488750, 3142450 ], [ 4488850, 3142450 ], [ 4488950, 3142450 ], [ 4483450, 3142550 ], [ 4483550, 3142550 ], [ 4483650, 3142550 ], [ 4483850, 3142550 ], [ 4483950, 3142550 ], [ 4484050, 3142550 ], [ 4484150, 3142550 ], [ 4484250, 3142550 ], [ 4484350, 3142550 ], [ 4484450, 3142550 ], [ 4484550, 3142550 ], [ 4484850, 3142550 ], [ 4484950, 3142550 ], [ 4485150, 3142550 ], [ 4485250, 3142550 ], [ 4485550, 3142550 ], [ 4485650, 3142550 ], [ 4485750, 3142550 ], [ 4485850, 3142550 ], [ 4485950, 3142550 ], [ 4486250, 3142550 ], [ 4486350, 3142550 ], [ 4486450, 3142550 ], [ 4488550, 3142550 ], [ 4488850, 3142550 ], [ 4489350, 3142550 ], [ 4490150, 3142550 ], [ 4483350, 3142650 ], [ 4483450, 3142650 ], [ 4483550, 3142650 ], [ 4483650, 3142650 ], [ 4483750, 3142650 ], [ 4483850, 3142650 ], [ 4483950, 3142650 ], [ 4484150, 3142650 ], [ 4484250, 3142650 ], [ 4484350, 3142650 ], [ 4484450, 3142650 ], [ 4484550, 3142650 ], [ 4484850, 3142650 ], [ 4484950, 3142650 ], [ 4485250, 3142650 ], [ 4485350, 3142650 ], [ 4485450, 3142650 ], [ 4485650, 3142650 ], [ 4485750, 3142650 ], [ 4485850, 3142650 ], [ 4485950, 3142650 ], [ 4486150, 3142650 ], [ 4486250, 3142650 ], [ 4486350, 3142650 ], [ 4486450, 3142650 ], [ 4488550, 3142650 ], [ 4488650, 3142650 ], [ 4488750, 3142650 ], [ 4488850, 3142650 ], [ 4489350, 3142650 ], [ 4482550, 3142750 ], [ 4483250, 3142750 ], [ 4483350, 3142750 ], [ 4483550, 3142750 ], [ 4483650, 3142750 ], [ 4483750, 3142750 ], [ 4484750, 3142750 ], [ 4484850, 3142750 ], [ 4484950, 3142750 ], [ 4485050, 3142750 ], [ 4485150, 3142750 ], [ 4485250, 3142750 ], [ 4485350, 3142750 ], [ 4485450, 3142750 ], [ 4485550, 3142750 ], [ 4485650, 3142750 ], [ 4485750, 3142750 ], [ 4485950, 3142750 ], [ 4486050, 3142750 ], [ 4486150, 3142750 ], [ 4486350, 3142750 ], [ 4486450, 3142750 ], [ 4487050, 3142750 ], [ 4487150, 3142750 ], [ 4487250, 3142750 ], [ 4488450, 3142750 ], [ 4488550, 3142750 ], [ 4488750, 3142750 ], [ 4488850, 3142750 ], [ 4489450, 3142750 ], [ 4482950, 3142850 ], [ 4483050, 3142850 ], [ 4483250, 3142850 ], [ 4483350, 3142850 ], [ 4483450, 3142850 ], [ 4483550, 3142850 ], [ 4483650, 3142850 ], [ 4483750, 3142850 ], [ 4484750, 3142850 ], [ 4484850, 3142850 ], [ 4484950, 3142850 ], [ 4485050, 3142850 ], [ 4485150, 3142850 ], [ 4485250, 3142850 ], [ 4485350, 3142850 ], [ 4485450, 3142850 ], [ 4485550, 3142850 ], [ 4485650, 3142850 ], [ 4486350, 3142850 ], [ 4486450, 3142850 ], [ 4487050, 3142850 ], [ 4487250, 3142850 ], [ 4487350, 3142850 ], [ 4487450, 3142850 ], [ 4488350, 3142850 ], [ 4488450, 3142850 ], [ 4488550, 3142850 ], [ 4488650, 3142850 ], [ 4488750, 3142850 ], [ 4488850, 3142850 ], [ 4488950, 3142850 ], [ 4490150, 3142850 ], [ 4482050, 3142950 ], [ 4482750, 3142950 ], [ 4482850, 3142950 ], [ 4482950, 3142950 ], [ 4483250, 3142950 ], [ 4483350, 3142950 ], [ 4483450, 3142950 ], [ 4483550, 3142950 ], [ 4483650, 3142950 ], [ 4483750, 3142950 ], [ 4484450, 3142950 ], [ 4485150, 3142950 ], [ 4485250, 3142950 ], [ 4485350, 3142950 ], [ 4485450, 3142950 ], [ 4485550, 3142950 ], [ 4485650, 3142950 ], [ 4486350, 3142950 ], [ 4486450, 3142950 ], [ 4486650, 3142950 ], [ 4487050, 3142950 ], [ 4487250, 3142950 ], [ 4487350, 3142950 ], [ 4487450, 3142950 ], [ 4488450, 3142950 ], [ 4488550, 3142950 ], [ 4488650, 3142950 ], [ 4488750, 3142950 ], [ 4488850, 3142950 ], [ 4488950, 3142950 ], [ 4482150, 3143050 ], [ 4482350, 3143050 ], [ 4482750, 3143050 ], [ 4482850, 3143050 ], [ 4484350, 3143050 ], [ 4484450, 3143050 ], [ 4484550, 3143050 ], [ 4485050, 3143050 ], [ 4485150, 3143050 ], [ 4485250, 3143050 ], [ 4485350, 3143050 ], [ 4485450, 3143050 ], [ 4486350, 3143050 ], [ 4486450, 3143050 ], [ 4486550, 3143050 ], [ 4488450, 3143050 ], [ 4488550, 3143050 ], [ 4488650, 3143050 ], [ 4488750, 3143050 ], [ 4488850, 3143050 ], [ 4488950, 3143050 ], [ 4482150, 3143150 ], [ 4482250, 3143150 ], [ 4484450, 3143150 ], [ 4484650, 3143150 ], [ 4485150, 3143150 ], [ 4485250, 3143150 ], [ 4485350, 3143150 ], [ 4485650, 3143150 ], [ 4485750, 3143150 ], [ 4485850, 3143150 ], [ 4485950, 3143150 ], [ 4486150, 3143150 ], [ 4486250, 3143150 ], [ 4486350, 3143150 ], [ 4486450, 3143150 ], [ 4486550, 3143150 ], [ 4487050, 3143150 ], [ 4487350, 3143150 ], [ 4488450, 3143150 ], [ 4488550, 3143150 ], [ 4488650, 3143150 ], [ 4490250, 3143150 ], [ 4490350, 3143150 ], [ 4490450, 3143150 ], [ 4490550, 3143150 ], [ 4481850, 3143250 ], [ 4482850, 3143250 ], [ 4483950, 3143250 ], [ 4484550, 3143250 ], [ 4484650, 3143250 ], [ 4484750, 3143250 ], [ 4485150, 3143250 ], [ 4485250, 3143250 ], [ 4485350, 3143250 ], [ 4485450, 3143250 ], [ 4485550, 3143250 ], [ 4485650, 3143250 ], [ 4485750, 3143250 ], [ 4485850, 3143250 ], [ 4486050, 3143250 ], [ 4486150, 3143250 ], [ 4486250, 3143250 ], [ 4486350, 3143250 ], [ 4486450, 3143250 ], [ 4487050, 3143250 ], [ 4487350, 3143250 ], [ 4488050, 3143250 ], [ 4488150, 3143250 ], [ 4488250, 3143250 ], [ 4488450, 3143250 ], [ 4488550, 3143250 ], [ 4488650, 3143250 ], [ 4488750, 3143250 ], [ 4489150, 3143250 ], [ 4489250, 3143250 ], [ 4490250, 3143250 ], [ 4490350, 3143250 ], [ 4490450, 3143250 ], [ 4490550, 3143250 ], [ 4483750, 3143350 ], [ 4483850, 3143350 ], [ 4484050, 3143350 ], [ 4484550, 3143350 ], [ 4484650, 3143350 ], [ 4484750, 3143350 ], [ 4485150, 3143350 ], [ 4485250, 3143350 ], [ 4485350, 3143350 ], [ 4485450, 3143350 ], [ 4485550, 3143350 ], [ 4485650, 3143350 ], [ 4485750, 3143350 ], [ 4486550, 3143350 ], [ 4488050, 3143350 ], [ 4488150, 3143350 ], [ 4488250, 3143350 ], [ 4488350, 3143350 ], [ 4489050, 3143350 ], [ 4489450, 3143350 ], [ 4490250, 3143350 ], [ 4490350, 3143350 ], [ 4490450, 3143350 ], [ 4490550, 3143350 ], [ 4490650, 3143350 ], [ 4483850, 3143450 ], [ 4483950, 3143450 ], [ 4484650, 3143450 ], [ 4484750, 3143450 ], [ 4485150, 3143450 ], [ 4485250, 3143450 ], [ 4485350, 3143450 ], [ 4485550, 3143450 ], [ 4486650, 3143450 ], [ 4487650, 3143450 ], [ 4487750, 3143450 ], [ 4488050, 3143450 ], [ 4488150, 3143450 ], [ 4488350, 3143450 ], [ 4488650, 3143450 ], [ 4488750, 3143450 ], [ 4488850, 3143450 ], [ 4489050, 3143450 ], [ 4489150, 3143450 ], [ 4489350, 3143450 ], [ 4489550, 3143450 ], [ 4490250, 3143450 ], [ 4490350, 3143450 ], [ 4490450, 3143450 ], [ 4483050, 3143550 ], [ 4483250, 3143550 ], [ 4483750, 3143550 ], [ 4485150, 3143550 ], [ 4485250, 3143550 ], [ 4485350, 3143550 ], [ 4485450, 3143550 ], [ 4485550, 3143550 ], [ 4488050, 3143550 ], [ 4488150, 3143550 ], [ 4488350, 3143550 ], [ 4488450, 3143550 ], [ 4488850, 3143550 ], [ 4489150, 3143550 ], [ 4490250, 3143550 ], [ 4490350, 3143550 ], [ 4490450, 3143550 ], [ 4483050, 3143650 ], [ 4483450, 3143650 ], [ 4483550, 3143650 ], [ 4485250, 3143650 ], [ 4485350, 3143650 ], [ 4485450, 3143650 ], [ 4485550, 3143650 ], [ 4487550, 3143650 ], [ 4488050, 3143650 ], [ 4488150, 3143650 ], [ 4488350, 3143650 ], [ 4488450, 3143650 ], [ 4488650, 3143650 ], [ 4489150, 3143650 ], [ 4489350, 3143650 ], [ 4489450, 3143650 ], [ 4489550, 3143650 ], [ 4490250, 3143650 ], [ 4491150, 3143650 ], [ 4492750, 3143650 ], [ 4482950, 3143750 ], [ 4483050, 3143750 ], [ 4483350, 3143750 ], [ 4483450, 3143750 ], [ 4483650, 3143750 ], [ 4485050, 3143750 ], [ 4485250, 3143750 ], [ 4485350, 3143750 ], [ 4485450, 3143750 ], [ 4485550, 3143750 ], [ 4485650, 3143750 ], [ 4488050, 3143750 ], [ 4488150, 3143750 ], [ 4488250, 3143750 ], [ 4488350, 3143750 ], [ 4488450, 3143750 ], [ 4488550, 3143750 ], [ 4489150, 3143750 ], [ 4489250, 3143750 ], [ 4489350, 3143750 ], [ 4489450, 3143750 ], [ 4489950, 3143750 ], [ 4490150, 3143750 ], [ 4490250, 3143750 ], [ 4490350, 3143750 ], [ 4490450, 3143750 ], [ 4482750, 3143850 ], [ 4483350, 3143850 ], [ 4483450, 3143850 ], [ 4485450, 3143850 ], [ 4485550, 3143850 ], [ 4485650, 3143850 ], [ 4488050, 3143850 ], [ 4488150, 3143850 ], [ 4488250, 3143850 ], [ 4488350, 3143850 ], [ 4488450, 3143850 ], [ 4488550, 3143850 ], [ 4489150, 3143850 ], [ 4489350, 3143850 ], [ 4489450, 3143850 ], [ 4489950, 3143850 ], [ 4490450, 3143850 ], [ 4492750, 3143850 ], [ 4487350, 3143950 ], [ 4487550, 3143950 ], [ 4488050, 3143950 ], [ 4488150, 3143950 ], [ 4488550, 3143950 ], [ 4488650, 3143950 ], [ 4488850, 3143950 ], [ 4489150, 3143950 ], [ 4489250, 3143950 ], [ 4489350, 3143950 ], [ 4489450, 3143950 ], [ 4490050, 3143950 ], [ 4490750, 3143950 ], [ 4490850, 3143950 ], [ 4492250, 3143950 ], [ 4493050, 3143950 ], [ 4482650, 3144050 ], [ 4483250, 3144050 ], [ 4485350, 3144050 ], [ 4486850, 3144050 ], [ 4487050, 3144050 ], [ 4487250, 3144050 ], [ 4489250, 3144050 ], [ 4489350, 3144050 ], [ 4489450, 3144050 ], [ 4492250, 3144050 ], [ 4492350, 3144050 ], [ 4492450, 3144050 ], [ 4493050, 3144050 ], [ 4482150, 3144150 ], [ 4483050, 3144150 ], [ 4487150, 3144150 ], [ 4487250, 3144150 ], [ 4488450, 3144150 ], [ 4489250, 3144150 ], [ 4489350, 3144150 ], [ 4489450, 3144150 ], [ 4490550, 3144150 ], [ 4490950, 3144150 ], [ 4492250, 3144150 ], [ 4493050, 3144150 ], [ 4485450, 3144250 ], [ 4486750, 3144250 ], [ 4487050, 3144250 ], [ 4488250, 3144250 ], [ 4488450, 3144250 ], [ 4488550, 3144250 ], [ 4489150, 3144250 ], [ 4489250, 3144250 ], [ 4489350, 3144250 ], [ 4489450, 3144250 ], [ 4492250, 3144250 ], [ 4485250, 3144350 ], [ 4485450, 3144350 ], [ 4485950, 3144350 ], [ 4488350, 3144350 ], [ 4488950, 3144350 ], [ 4489350, 3144350 ], [ 4492250, 3144350 ], [ 4492450, 3144350 ], [ 4485250, 3144450 ], [ 4486150, 3144450 ], [ 4489350, 3144450 ], [ 4490550, 3144450 ], [ 4491750, 3144450 ], [ 4492250, 3144450 ], [ 4484650, 3144550 ], [ 4484850, 3144550 ], [ 4484950, 3144550 ], [ 4485050, 3144550 ], [ 4485750, 3144550 ], [ 4486050, 3144550 ], [ 4486250, 3144550 ], [ 4486650, 3144550 ], [ 4487250, 3144550 ], [ 4488950, 3144550 ], [ 4491450, 3144550 ], [ 4491750, 3144550 ], [ 4492150, 3144550 ], [ 4492450, 3144550 ], [ 4483250, 3144650 ], [ 4483350, 3144650 ], [ 4483450, 3144650 ], [ 4483550, 3144650 ], [ 4484850, 3144650 ], [ 4484950, 3144650 ], [ 4485450, 3144650 ], [ 4491450, 3144650 ], [ 4492050, 3144650 ], [ 4483250, 3144750 ], [ 4483350, 3144750 ], [ 4483850, 3144750 ], [ 4484650, 3144750 ], [ 4485450, 3144750 ], [ 4490850, 3144750 ], [ 4490950, 3144750 ], [ 4482950, 3144850 ], [ 4483050, 3144850 ], [ 4483250, 3144850 ], [ 4485850, 3144850 ], [ 4486450, 3144850 ], [ 4486650, 3144850 ], [ 4491250, 3144850 ], [ 4482650, 3144950 ], [ 4482850, 3144950 ], [ 4483650, 3144950 ], [ 4485750, 3144950 ], [ 4486450, 3144950 ], [ 4486750, 3144950 ], [ 4486950, 3144950 ], [ 4483150, 3145050 ], [ 4483650, 3145050 ], [ 4483750, 3145050 ], [ 4483950, 3145050 ], [ 4485450, 3145050 ], [ 4485650, 3145050 ], [ 4486350, 3145050 ], [ 4490550, 3145050 ], [ 4483050, 3145150 ], [ 4483850, 3145150 ], [ 4486150, 3145150 ], [ 4483750, 3145250 ], [ 4486050, 3145350 ], [ 4486150, 3145350 ], [ 4485950, 3145450 ], [ 4486650, 3145450 ], [ 4485950, 3145550 ], [ 4486150, 3145550 ], [ 4486250, 3145550 ], [ 4486350, 3145550 ], [ 4486050, 3145650 ], [ 4486650, 3145650 ], [ 4486950, 3145650 ], [ 4487050, 3145650 ], [ 4486350, 3145750 ], [ 4486450, 3145750 ], [ 4486650, 3145850 ], [ 4486950, 3145850 ], [ 4486050, 3145950 ], [ 4486150, 3145950 ], [ 4486450, 3145950 ], [ 4486650, 3146050 ], [ 4486850, 3146050 ], [ 4485550, 3146150 ], [ 4485850, 3146150 ], [ 4485950, 3146150 ], [ 4485750, 3146250 ], [ 4485850, 3146250 ], [ 4486050, 3146250 ], [ 4486050, 3146450 ], [ 4486150, 3146450 ] ] }, "geometry": { "type": "MultiPolygon", "coordinates": [ [ [ [ 4493750.0, 3137550.0 ], [ 4493350.0, 3137650.0 ], [ 4493550.0, 3137650.0 ], [ 4493750.0, 3137550.0 ] ] ], [ [ [ 4478750.0, 3135150.0 ], [ 4478750.0, 3135250.0 ], [ 4478750.0, 3135350.0 ], [ 4478750.0, 3135450.0 ], [ 4478650.0, 3135450.0 ], [ 4478650.0, 3135550.0 ], [ 4478650.0, 3135650.0 ], [ 4478550.0, 3135650.0 ], [ 4478550.0, 3135750.0 ], [ 4478550.0, 3135850.0 ], [ 4478650.0, 3135850.0 ], [ 4478650.0, 3135950.0 ], [ 4478650.0, 3136050.0 ], [ 4478650.0, 3136150.0 ], [ 4478750.0, 3136150.0 ], [ 4478750.0, 3136350.0 ], [ 4478750.0, 3136450.0 ], [ 4478750.0, 3136550.0 ], [ 4478750.0, 3136650.0 ], [ 4477950.0, 3136650.0 ], [ 4477950.0, 3136750.0 ], [ 4478050.0, 3136750.0 ], [ 4478250.0, 3136850.0 ], [ 4478050.0, 3137150.0 ], [ 4477950.0, 3137650.0 ], [ 4477850.0, 3137650.0 ], [ 4480050.0, 3137750.0 ], [ 4480050.0, 3137650.0 ], [ 4480150.0, 3137650.0 ], [ 4480250.0, 3137750.0 ], [ 4480350.0, 3137750.0 ], [ 4480350.0, 3137850.0 ], [ 4480450.0, 3137850.0 ], [ 4480450.0, 3137750.0 ], [ 4480350.0, 3137550.0 ], [ 4480350.0, 3137450.0 ], [ 4480450.0, 3137450.0 ], [ 4480450.0, 3137350.0 ], [ 4480450.0, 3137250.0 ], [ 4480450.0, 3137150.0 ], [ 4480550.0, 3137150.0 ], [ 4480650.0, 3137150.0 ], [ 4480750.0, 3137150.0 ], [ 4480750.0, 3137250.0 ], [ 4480850.0, 3137250.0 ], [ 4480850.0, 3137150.0 ], [ 4480950.0, 3137150.0 ], [ 4481050.0, 3137150.0 ], [ 4481050.0, 3137250.0 ], [ 4481050.0, 3137350.0 ], [ 4481150.0, 3137350.0 ], [ 4481250.0, 3137350.0 ], [ 4481350.0, 3137350.0 ], [ 4481450.0, 3137350.0 ], [ 4481450.0, 3137450.0 ], [ 4481550.0, 3137450.0 ], [ 4481550.0, 3137550.0 ], [ 4481650.0, 3137550.0 ], [ 4481750.0, 3137950.0 ], [ 4481750.0, 3138050.0 ], [ 4481650.0, 3138050.0 ], [ 4481650.0, 3138150.0 ], [ 4481550.0, 3138150.0 ], [ 4481550.0, 3138250.0 ], [ 4481450.0, 3138250.0 ], [ 4481450.0, 3138350.0 ], [ 4481750.0, 3138350.0 ], [ 4481750.0, 3138450.0 ], [ 4481850.0, 3138450.0 ], [ 4481950.0, 3138450.0 ], [ 4481950.0, 3138350.0 ], [ 4482150.0, 3138350.0 ], [ 4482250.0, 3138350.0 ], [ 4482250.0, 3138950.0 ], [ 4482750.0, 3139050.0 ], [ 4482750.0, 3139150.0 ], [ 4482650.0, 3139250.0 ], [ 4482750.0, 3139350.0 ], [ 4482750.0, 3139450.0 ], [ 4482750.0, 3139550.0 ], [ 4482650.0, 3139550.0 ], [ 4482550.0, 3139550.0 ], [ 4482450.0, 3139550.0 ], [ 4482350.0, 3139450.0 ], [ 4481950.0, 3139450.0 ], [ 4481950.0, 3139550.0 ], [ 4481850.0, 3139650.0 ], [ 4481850.0, 3139950.0 ], [ 4481850.0, 3140150.0 ], [ 4481550.0, 3140150.0 ], [ 4481750.0, 3140350.0 ], [ 4481750.0, 3140450.0 ], [ 4481650.0, 3140450.0 ], [ 4481650.0, 3140550.0 ], [ 4481250.0, 3140550.0 ], [ 4481050.0, 3140550.0 ], [ 4480350.0, 3139950.0 ], [ 4480450.0, 3140050.0 ], [ 4480350.0, 3140350.0 ], [ 4480350.0, 3140450.0 ], [ 4480250.0, 3140450.0 ], [ 4480150.0, 3140450.0 ], [ 4480150.0, 3140550.0 ], [ 4480050.0, 3140550.0 ], [ 4480050.0, 3140650.0 ], [ 4479950.0, 3140650.0 ], [ 4480050.0, 3140750.0 ], [ 4480050.0, 3140850.0 ], [ 4480050.0, 3141050.0 ], [ 4479850.0, 3141150.0 ], [ 4478950.0, 3140650.0 ], [ 4478650.0, 3140550.0 ], [ 4478450.0, 3140850.0 ], [ 4478350.0, 3140850.0 ], [ 4478350.0, 3140950.0 ], [ 4478550.0, 3140850.0 ], [ 4478650.0, 3140950.0 ], [ 4478950.0, 3141350.0 ], [ 4478950.0, 3141650.0 ], [ 4479050.0, 3141650.0 ], [ 4479050.0, 3141350.0 ], [ 4479550.0, 3141550.0 ], [ 4479850.0, 3141550.0 ], [ 4480350.0, 3141550.0 ], [ 4480350.0, 3141450.0 ], [ 4480450.0, 3141450.0 ], [ 4480450.0, 3141250.0 ], [ 4480650.0, 3141250.0 ], [ 4480750.0, 3141350.0 ], [ 4480850.0, 3141250.0 ], [ 4480850.0, 3141150.0 ], [ 4480950.0, 3141150.0 ], [ 4481150.0, 3141050.0 ], [ 4481150.0, 3140850.0 ], [ 4481450.0, 3140950.0 ], [ 4481550.0, 3140850.0 ], [ 4481650.0, 3140950.0 ], [ 4481750.0, 3140650.0 ], [ 4481850.0, 3140650.0 ], [ 4481850.0, 3140450.0 ], [ 4481950.0, 3140450.0 ], [ 4482050.0, 3140450.0 ], [ 4482350.0, 3140450.0 ], [ 4482450.0, 3140450.0 ], [ 4482450.0, 3140550.0 ], [ 4482550.0, 3140550.0 ], [ 4482550.0, 3140850.0 ], [ 4482250.0, 3140950.0 ], [ 4482250.0, 3141050.0 ], [ 4481850.0, 3143250.0 ], [ 4482050.0, 3142950.0 ], [ 4482150.0, 3143050.0 ], [ 4482150.0, 3143150.0 ], [ 4482250.0, 3143150.0 ], [ 4482350.0, 3143050.0 ], [ 4482750.0, 3143050.0 ], [ 4482850.0, 3143050.0 ], [ 4482850.0, 3143250.0 ], [ 4483050.0, 3143550.0 ], [ 4483050.0, 3143650.0 ], [ 4482150.0, 3144150.0 ], [ 4482650.0, 3144050.0 ], [ 4482750.0, 3143850.0 ], [ 4482950.0, 3143750.0 ], [ 4483050.0, 3143750.0 ], [ 4483350.0, 3143750.0 ], [ 4483350.0, 3143850.0 ], [ 4483250.0, 3144050.0 ], [ 4483050.0, 3144150.0 ], [ 4483250.0, 3144650.0 ], [ 4483250.0, 3144750.0 ], [ 4483050.0, 3144850.0 ], [ 4482950.0, 3144850.0 ], [ 4482650.0, 3144950.0 ], [ 4482850.0, 3144950.0 ], [ 4483050.0, 3145150.0 ], [ 4483150.0, 3145050.0 ], [ 4483250.0, 3144850.0 ], [ 4483350.0, 3144750.0 ], [ 4483350.0, 3144650.0 ], [ 4483450.0, 3144650.0 ], [ 4483550.0, 3144650.0 ], [ 4483650.0, 3144950.0 ], [ 4483650.0, 3145050.0 ], [ 4483750.0, 3145050.0 ], [ 4483750.0, 3145250.0 ], [ 4483850.0, 3145150.0 ], [ 4483950.0, 3145050.0 ], [ 4483850.0, 3144750.0 ], [ 4484650.0, 3144750.0 ], [ 4484850.0, 3144650.0 ], [ 4484950.0, 3144650.0 ], [ 4484950.0, 3144550.0 ], [ 4485050.0, 3144550.0 ], [ 4485250.0, 3144450.0 ], [ 4485450.0, 3144650.0 ], [ 4485450.0, 3144750.0 ], [ 4485450.0, 3145050.0 ], [ 4485650.0, 3145050.0 ], [ 4485750.0, 3144950.0 ], [ 4485850.0, 3144850.0 ], [ 4486150.0, 3145150.0 ], [ 4486150.0, 3145350.0 ], [ 4486050.0, 3145350.0 ], [ 4485950.0, 3145450.0 ], [ 4485950.0, 3145550.0 ], [ 4486050.0, 3145650.0 ], [ 4486050.0, 3145950.0 ], [ 4485550.0, 3146150.0 ], [ 4485750.0, 3146250.0 ], [ 4485850.0, 3146250.0 ], [ 4485850.0, 3146150.0 ], [ 4485950.0, 3146150.0 ], [ 4486050.0, 3146250.0 ], [ 4486050.0, 3146450.0 ], [ 4486150.0, 3146450.0 ], [ 4486150.0, 3145950.0 ], [ 4486450.0, 3145950.0 ], [ 4486650.0, 3146050.0 ], [ 4486850.0, 3146050.0 ], [ 4486950.0, 3145850.0 ], [ 4486950.0, 3145650.0 ], [ 4487050.0, 3145650.0 ], [ 4486950.0, 3144950.0 ], [ 4487250.0, 3144550.0 ], [ 4487050.0, 3144250.0 ], [ 4487150.0, 3144150.0 ], [ 4487250.0, 3144150.0 ], [ 4487250.0, 3144050.0 ], [ 4487350.0, 3143950.0 ], [ 4487550.0, 3143950.0 ], [ 4488050.0, 3143950.0 ], [ 4488150.0, 3143950.0 ], [ 4488250.0, 3144250.0 ], [ 4488350.0, 3144350.0 ], [ 4488450.0, 3144250.0 ], [ 4488550.0, 3144250.0 ], [ 4488950.0, 3144350.0 ], [ 4488950.0, 3144550.0 ], [ 4489150.0, 3144250.0 ], [ 4489250.0, 3144250.0 ], [ 4489350.0, 3144250.0 ], [ 4489350.0, 3144350.0 ], [ 4489350.0, 3144450.0 ], [ 4489450.0, 3144250.0 ], [ 4489450.0, 3144150.0 ], [ 4489450.0, 3144050.0 ], [ 4489450.0, 3143950.0 ], [ 4489450.0, 3143850.0 ], [ 4489450.0, 3143750.0 ], [ 4489450.0, 3143650.0 ], [ 4489550.0, 3143650.0 ], [ 4489950.0, 3143750.0 ], [ 4489950.0, 3143850.0 ], [ 4490050.0, 3143950.0 ], [ 4490150.0, 3143750.0 ], [ 4490250.0, 3143750.0 ], [ 4490350.0, 3143750.0 ], [ 4490450.0, 3143750.0 ], [ 4490450.0, 3143850.0 ], [ 4490550.0, 3144150.0 ], [ 4490550.0, 3144450.0 ], [ 4490550.0, 3145050.0 ], [ 4490850.0, 3144750.0 ], [ 4490950.0, 3144750.0 ], [ 4491250.0, 3144850.0 ], [ 4491450.0, 3144650.0 ], [ 4491450.0, 3144550.0 ], [ 4491750.0, 3144550.0 ], [ 4492050.0, 3144650.0 ], [ 4492150.0, 3144550.0 ], [ 4492250.0, 3144450.0 ], [ 4492450.0, 3144550.0 ], [ 4492450.0, 3144350.0 ], [ 4492450.0, 3144050.0 ], [ 4492750.0, 3143850.0 ], [ 4493050.0, 3144150.0 ], [ 4493050.0, 3144050.0 ], [ 4493050.0, 3143950.0 ], [ 4492750.0, 3143650.0 ], [ 4493350.0, 3142050.0 ], [ 4493350.0, 3141950.0 ], [ 4493450.0, 3141950.0 ], [ 4493450.0, 3141850.0 ], [ 4493550.0, 3141850.0 ], [ 4493650.0, 3141850.0 ], [ 4493750.0, 3141850.0 ], [ 4493750.0, 3141750.0 ], [ 4493650.0, 3141750.0 ], [ 4493650.0, 3141650.0 ], [ 4493550.0, 3141650.0 ], [ 4493550.0, 3141550.0 ], [ 4493450.0, 3141550.0 ], [ 4493350.0, 3141550.0 ], [ 4493350.0, 3141450.0 ], [ 4493250.0, 3141450.0 ], [ 4493250.0, 3141350.0 ], [ 4493150.0, 3141350.0 ], [ 4493050.0, 3141350.0 ], [ 4493050.0, 3141450.0 ], [ 4492950.0, 3141450.0 ], [ 4492650.0, 3141450.0 ], [ 4492650.0, 3141350.0 ], [ 4492650.0, 3141250.0 ], [ 4492550.0, 3141250.0 ], [ 4492550.0, 3141150.0 ], [ 4492550.0, 3141050.0 ], [ 4492550.0, 3140950.0 ], [ 4492550.0, 3140850.0 ], [ 4492650.0, 3140850.0 ], [ 4493050.0, 3140650.0 ], [ 4492650.0, 3140750.0 ], [ 4492550.0, 3140750.0 ], [ 4492450.0, 3140750.0 ], [ 4492450.0, 3140650.0 ], [ 4492550.0, 3140450.0 ], [ 4492350.0, 3140250.0 ], [ 4491950.0, 3140150.0 ], [ 4491950.0, 3140050.0 ], [ 4491750.0, 3140050.0 ], [ 4491750.0, 3140150.0 ], [ 4491650.0, 3140150.0 ], [ 4491550.0, 3140150.0 ], [ 4491550.0, 3140050.0 ], [ 4491250.0, 3140250.0 ], [ 4491150.0, 3140250.0 ], [ 4491050.0, 3140150.0 ], [ 4491050.0, 3140450.0 ], [ 4490950.0, 3140450.0 ], [ 4490850.0, 3140450.0 ], [ 4490750.0, 3140450.0 ], [ 4490650.0, 3140250.0 ], [ 4490450.0, 3140150.0 ], [ 4490450.0, 3140050.0 ], [ 4490350.0, 3140050.0 ], [ 4490350.0, 3139850.0 ], [ 4490350.0, 3139750.0 ], [ 4490450.0, 3139750.0 ], [ 4490450.0, 3139450.0 ], [ 4490550.0, 3139450.0 ], [ 4490550.0, 3139250.0 ], [ 4490750.0, 3139250.0 ], [ 4491050.0, 3138850.0 ], [ 4490950.0, 3138750.0 ], [ 4490950.0, 3138550.0 ], [ 4491050.0, 3138550.0 ], [ 4491350.0, 3138550.0 ], [ 4491450.0, 3138550.0 ], [ 4491550.0, 3138350.0 ], [ 4491550.0, 3138250.0 ], [ 4491450.0, 3137950.0 ], [ 4491350.0, 3137950.0 ], [ 4491250.0, 3137850.0 ], [ 4491450.0, 3137550.0 ], [ 4491350.0, 3137050.0 ], [ 4491450.0, 3136950.0 ], [ 4491750.0, 3136750.0 ], [ 4491850.0, 3136850.0 ], [ 4492350.0, 3137550.0 ], [ 4492550.0, 3137950.0 ], [ 4492550.0, 3137550.0 ], [ 4492650.0, 3137450.0 ], [ 4492750.0, 3137650.0 ], [ 4493350.0, 3137650.0 ], [ 4493350.0, 3137450.0 ], [ 4493150.0, 3136950.0 ], [ 4493250.0, 3136750.0 ], [ 4493150.0, 3136750.0 ], [ 4492950.0, 3136850.0 ], [ 4492750.0, 3136450.0 ], [ 4492850.0, 3136350.0 ], [ 4492250.0, 3136450.0 ], [ 4492150.0, 3136450.0 ], [ 4492050.0, 3136450.0 ], [ 4492050.0, 3136350.0 ], [ 4492150.0, 3136250.0 ], [ 4492250.0, 3136050.0 ], [ 4492350.0, 3136050.0 ], [ 4492350.0, 3135950.0 ], [ 4492750.0, 3135550.0 ], [ 4492850.0, 3135450.0 ], [ 4492250.0, 3135650.0 ], [ 4491950.0, 3135450.0 ], [ 4492050.0, 3134950.0 ], [ 4491950.0, 3134950.0 ], [ 4491850.0, 3134750.0 ], [ 4491850.0, 3134650.0 ], [ 4491950.0, 3134650.0 ], [ 4492450.0, 3134550.0 ], [ 4492150.0, 3134450.0 ], [ 4491850.0, 3134550.0 ], [ 4491550.0, 3134650.0 ], [ 4491250.0, 3134350.0 ], [ 4491050.0, 3134150.0 ], [ 4491150.0, 3134050.0 ], [ 4491250.0, 3133850.0 ], [ 4491450.0, 3133850.0 ], [ 4491650.0, 3133250.0 ], [ 4491150.0, 3133250.0 ], [ 4491150.0, 3133150.0 ], [ 4490850.0, 3133350.0 ], [ 4490650.0, 3133650.0 ], [ 4490650.0, 3133850.0 ], [ 4490650.0, 3133950.0 ], [ 4490550.0, 3133950.0 ], [ 4490550.0, 3134050.0 ], [ 4490450.0, 3134150.0 ], [ 4490350.0, 3134150.0 ], [ 4490350.0, 3134050.0 ], [ 4489950.0, 3133950.0 ], [ 4489950.0, 3133850.0 ], [ 4489850.0, 3133850.0 ], [ 4489150.0, 3133450.0 ], [ 4488950.0, 3133250.0 ], [ 4489050.0, 3133050.0 ], [ 4489050.0, 3132950.0 ], [ 4488850.0, 3133150.0 ], [ 4488750.0, 3133250.0 ], [ 4488650.0, 3133250.0 ], [ 4488550.0, 3133250.0 ], [ 4488550.0, 3133150.0 ], [ 4488350.0, 3132950.0 ], [ 4488150.0, 3132950.0 ], [ 4488450.0, 3133250.0 ], [ 4488450.0, 3133350.0 ], [ 4488350.0, 3133350.0 ], [ 4488250.0, 3133350.0 ], [ 4488050.0, 3133450.0 ], [ 4487950.0, 3133350.0 ], [ 4487850.0, 3133350.0 ], [ 4487750.0, 3133450.0 ], [ 4487650.0, 3133650.0 ], [ 4487750.0, 3133750.0 ], [ 4487650.0, 3134050.0 ], [ 4487550.0, 3134050.0 ], [ 4487550.0, 3134150.0 ], [ 4487450.0, 3134150.0 ], [ 4487350.0, 3134150.0 ], [ 4487350.0, 3134250.0 ], [ 4487250.0, 3134250.0 ], [ 4487350.0, 3134350.0 ], [ 4487350.0, 3134450.0 ], [ 4487350.0, 3134550.0 ], [ 4487150.0, 3134750.0 ], [ 4487050.0, 3134850.0 ], [ 4487150.0, 3135050.0 ], [ 4487150.0, 3135150.0 ], [ 4487050.0, 3135150.0 ], [ 4487050.0, 3135250.0 ], [ 4486950.0, 3135250.0 ], [ 4486850.0, 3135250.0 ], [ 4486750.0, 3135050.0 ], [ 4486650.0, 3135250.0 ], [ 4486550.0, 3135250.0 ], [ 4486450.0, 3135250.0 ], [ 4486350.0, 3135350.0 ], [ 4486350.0, 3135450.0 ], [ 4486250.0, 3135450.0 ], [ 4486250.0, 3135550.0 ], [ 4486250.0, 3135650.0 ], [ 4486250.0, 3135750.0 ], [ 4486150.0, 3135750.0 ], [ 4486150.0, 3135950.0 ], [ 4485950.0, 3135950.0 ], [ 4486050.0, 3136150.0 ], [ 4485950.0, 3136250.0 ], [ 4485950.0, 3136450.0 ], [ 4486050.0, 3136450.0 ], [ 4486050.0, 3136550.0 ], [ 4486050.0, 3136750.0 ], [ 4486050.0, 3136950.0 ], [ 4486150.0, 3136950.0 ], [ 4486150.0, 3137050.0 ], [ 4486150.0, 3137150.0 ], [ 4486050.0, 3137150.0 ], [ 4485950.0, 3137150.0 ], [ 4485850.0, 3137050.0 ], [ 4485750.0, 3137150.0 ], [ 4484750.0, 3136950.0 ], [ 4484650.0, 3136950.0 ], [ 4484450.0, 3136850.0 ], [ 4484450.0, 3136750.0 ], [ 4484250.0, 3136650.0 ], [ 4484250.0, 3136550.0 ], [ 4484350.0, 3136450.0 ], [ 4484550.0, 3136350.0 ], [ 4484350.0, 3136350.0 ], [ 4484350.0, 3136250.0 ], [ 4484450.0, 3135950.0 ], [ 4483550.0, 3135150.0 ], [ 4483450.0, 3135150.0 ], [ 4483250.0, 3135150.0 ], [ 4483250.0, 3135050.0 ], [ 4483350.0, 3134950.0 ], [ 4483150.0, 3134850.0 ], [ 4483250.0, 3134650.0 ], [ 4483150.0, 3134750.0 ], [ 4483050.0, 3134650.0 ], [ 4483050.0, 3134550.0 ], [ 4483050.0, 3134350.0 ], [ 4483050.0, 3134250.0 ], [ 4483050.0, 3134150.0 ], [ 4482950.0, 3134150.0 ], [ 4482950.0, 3134050.0 ], [ 4482850.0, 3133950.0 ], [ 4482750.0, 3134050.0 ], [ 4482850.0, 3134150.0 ], [ 4482850.0, 3134250.0 ], [ 4482950.0, 3134350.0 ], [ 4482950.0, 3134950.0 ], [ 4482850.0, 3134950.0 ], [ 4482850.0, 3135050.0 ], [ 4482850.0, 3135150.0 ], [ 4482850.0, 3135250.0 ], [ 4482750.0, 3135250.0 ], [ 4482650.0, 3135250.0 ], [ 4482650.0, 3135350.0 ], [ 4482650.0, 3135450.0 ], [ 4482650.0, 3135550.0 ], [ 4482750.0, 3135550.0 ], [ 4482750.0, 3135650.0 ], [ 4482450.0, 3135850.0 ], [ 4482450.0, 3135950.0 ], [ 4482250.0, 3136050.0 ], [ 4482150.0, 3136050.0 ], [ 4482050.0, 3136050.0 ], [ 4481950.0, 3136050.0 ], [ 4481850.0, 3136050.0 ], [ 4481750.0, 3135950.0 ], [ 4481750.0, 3136150.0 ], [ 4481650.0, 3136150.0 ], [ 4481550.0, 3136150.0 ], [ 4481550.0, 3136050.0 ], [ 4481450.0, 3136050.0 ], [ 4481450.0, 3135950.0 ], [ 4481250.0, 3135850.0 ], [ 4480950.0, 3135250.0 ], [ 4480950.0, 3135650.0 ], [ 4480950.0, 3135750.0 ], [ 4481050.0, 3135850.0 ], [ 4481050.0, 3135950.0 ], [ 4481050.0, 3136050.0 ], [ 4480950.0, 3136050.0 ], [ 4480950.0, 3136250.0 ], [ 4480850.0, 3136250.0 ], [ 4480850.0, 3136350.0 ], [ 4480850.0, 3136450.0 ], [ 4480750.0, 3136450.0 ], [ 4480650.0, 3136450.0 ], [ 4480650.0, 3136550.0 ], [ 4480550.0, 3136550.0 ], [ 4480450.0, 3136550.0 ], [ 4480450.0, 3136450.0 ], [ 4480450.0, 3136350.0 ], [ 4480450.0, 3136250.0 ], [ 4480450.0, 3136150.0 ], [ 4480350.0, 3136150.0 ], [ 4480350.0, 3136050.0 ], [ 4480250.0, 3136050.0 ], [ 4480150.0, 3136050.0 ], [ 4480150.0, 3135950.0 ], [ 4480050.0, 3135950.0 ], [ 4480050.0, 3135750.0 ], [ 4480050.0, 3135550.0 ], [ 4479950.0, 3135650.0 ], [ 4479850.0, 3135450.0 ], [ 4479650.0, 3135550.0 ], [ 4479550.0, 3135450.0 ], [ 4479350.0, 3135450.0 ], [ 4479350.0, 3135350.0 ], [ 4479350.0, 3135250.0 ], [ 4479250.0, 3135250.0 ], [ 4479150.0, 3135250.0 ], [ 4479150.0, 3135150.0 ], [ 4479250.0, 3134850.0 ], [ 4479250.0, 3134750.0 ], [ 4479150.0, 3134650.0 ], [ 4479050.0, 3134650.0 ], [ 4478850.0, 3134650.0 ], [ 4478750.0, 3134650.0 ], [ 4478750.0, 3134550.0 ], [ 4478650.0, 3134550.0 ], [ 4478650.0, 3134450.0 ], [ 4478550.0, 3134450.0 ], [ 4478550.0, 3134550.0 ], [ 4478650.0, 3134650.0 ], [ 4478650.0, 3134750.0 ], [ 4478550.0, 3134750.0 ], [ 4478350.0, 3134950.0 ], [ 4478450.0, 3135050.0 ], [ 4478450.0, 3135150.0 ], [ 4478750.0, 3135150.0 ] ] ] ] } },
{ "type": "Feature", "properties": { "ID": "Leipzig_147130000_c6", "GEN": "Leipzig", "ARS": "147130000", "LAN": "Sachsen", "area": 1.705, "centroid": "POINT (4494321.4565 3139507.086999)", "DH_demand": 1887.3151822810114, "total_demand_cells": 7936.6186745166779, "total_demand_area": 35035.5390625, "share_DH": 6.1940701488660581, "heat_density_DH": 1.1069297256780126, "heat_density": 20.548703262463345, "DH_supplied_households": 407.0, "DH_cells": [ [ 4494350, 3138250 ], [ 4493850, 3138650 ], [ 4494150, 3138650 ], [ 4493550, 3138750 ], [ 4493650, 3138750 ], [ 4493550, 3138950 ], [ 4494650, 3139050 ], [ 4493850, 3139150 ], [ 4493950, 3139150 ], [ 4494050, 3139150 ], [ 4494950, 3139150 ], [ 4493650, 3139250 ], [ 4493750, 3139250 ], [ 4493850, 3139250 ], [ 4493950, 3139250 ], [ 4494050, 3139250 ], [ 4494850, 3139250 ], [ 4493850, 3139350 ], [ 4493950, 3139350 ], [ 4494050, 3139350 ], [ 4494850, 3139350 ], [ 4494150, 3139450 ], [ 4494850, 3139450 ], [ 4494050, 3139550 ], [ 4494550, 3139550 ], [ 4494650, 3139550 ], [ 4493950, 3139650 ], [ 4493950, 3140050 ], [ 4494150, 3140050 ], [ 4495050, 3140050 ], [ 4493750, 3140150 ], [ 4493850, 3140150 ], [ 4493950, 3140150 ], [ 4494350, 3140150 ], [ 4495050, 3140150 ], [ 4493750, 3140250 ], [ 4493850, 3140250 ], [ 4493750, 3140350 ], [ 4493850, 3140350 ], [ 4493950, 3140350 ], [ 4494850, 3140350 ], [ 4495050, 3140350 ], [ 4495150, 3140350 ], [ 4493750, 3140450 ], [ 4494950, 3140450 ], [ 4493750, 3140550 ], [ 4493850, 3140550 ], [ 4495050, 3140550 ], [ 4493750, 3140650 ], [ 4494150, 3140850 ] ] }, "geometry": { "type": "Polygon", "coordinates": [ [ [ 4494150.0, 3138650.0 ], [ 4493850.0, 3138650.0 ], [ 4493650.0, 3138750.0 ], [ 4493550.0, 3138750.0 ], [ 4493550.0, 3138950.0 ], [ 4493850.0, 3139150.0 ], [ 4493850.0, 3139250.0 ], [ 4493750.0, 3139250.0 ], [ 4493650.0, 3139250.0 ], [ 4493850.0, 3139350.0 ], [ 4493950.0, 3139350.0 ], [ 4494050.0, 3139350.0 ], [ 4494150.0, 3139450.0 ], [ 4494050.0, 3139550.0 ], [ 4493950.0, 3139650.0 ], [ 4493950.0, 3140050.0 ], [ 4493850.0, 3140150.0 ], [ 4493750.0, 3140150.0 ], [ 4493750.0, 3140250.0 ], [ 4493750.0, 3140350.0 ], [ 4493750.0, 3140450.0 ], [ 4493750.0, 3140550.0 ], [ 4493750.0, 3140650.0 ], [ 4494150.0, 3140850.0 ], [ 4493950.0, 3140350.0 ], [ 4493850.0, 3140350.0 ], [ 4493850.0, 3140250.0 ], [ 4493950.0, 3140150.0 ], [ 4494150.0, 3140050.0 ], [ 4494350.0, 3140150.0 ], [ 4494850.0, 3140350.0 ], [ 4494950.0, 3140450.0 ], [ 4495050.0, 3140550.0 ], [ 4495050.0, 3140350.0 ], [ 4495150.0, 3140350.0 ], [ 4495050.0, 3140150.0 ], [ 4495050.0, 3140050.0 ], [ 4494650.0, 3139550.0 ], [ 4494850.0, 3139450.0 ], [ 4494850.0, 3139350.0 ], [ 4494850.0, 3139250.0 ], [ 4494950.0, 3139150.0 ], [ 4494650.0, 3139050.0 ], [ 4494350.0, 3138250.0 ], [ 4494150.0, 3138650.0 ] ] ] } },
{ "type": "Feature", "properties": { "ID": "Leipzig_147130000_c7", "GEN": "Leipzig", "ARS": "147130000", "LAN": "Sachsen", "area": 0.34, "centroid": "POINT (4478761.764706 3139388.235294)", "DH_demand": 705.19752825567787, "total_demand_cells": 2857.3360068798065, "total_demand_area": 8639.09765625, "share_DH": 9.3860505335927407, "heat_density_DH": 2.0741103772225822, "heat_density": 25.409110753676476, "DH_supplied_households": 86.0, "DH_cells": [ [ 4478050, 3138950 ], [ 4478250, 3139050 ], [ 4478550, 3139050 ], [ 4478450, 3139150 ], [ 4478250, 3139250 ], [ 4478450, 3139250 ], [ 4478650, 3139250 ], [ 4478750, 3139350 ], [ 4479650, 3139350 ], [ 4478250, 3139450 ], [ 4478350, 3139450 ], [ 4478450, 3139450 ], [ 4478550, 3139450 ], [ 4478850, 3139450 ], [ 4478950, 3139450 ], [ 4478150, 3139550 ], [ 4478250, 3139550 ], [ 4478450, 3139550 ], [ 4478150, 3139650 ], [ 4479250, 3139750 ] ] }, "geometry": { "type": "Polygon", "coordinates": [ [ [ 4478450.0, 3139150.0 ], [ 4478250.0, 3139050.0 ], [ 4478050.0, 3138950.0 ], [ 4478250.0, 3139250.0 ], [ 4478250.0, 3139450.0 ], [ 4478150.0, 3139550.0 ], [ 4478150.0, 3139650.0 ], [ 4478250.0, 3139550.0 ], [ 4478350.0, 3139450.0 ], [ 4478450.0, 3139550.0 ], [ 4478550.0, 3139450.0 ], [ 4478850.0, 3139450.0 ], [ 4479250.0, 3139750.0 ], [ 4479650.0, 3139350.0 ], [ 4478950.0, 3139450.0 ], [ 4478750.0, 3139350.0 ], [ 4478650.0, 3139250.0 ], [ 4478550.0, 3139050.0 ], [ 4478450.0, 3139150.0 ] ] ] } },
{ "type": "Feature", "properties": { "ID": "Leipzig_147130000_c8", "GEN": "Leipzig", "ARS": "147130000", "LAN": "Sachsen", "area": 0.155, "centroid": "POINT (4496794.086022 3139805.913978)", "DH_demand": 217.76912684684518, "total_demand_cells": 886.87582159042358, "total_demand_area": 3395.457275390625, "share_DH": 7.3746010281628926, "heat_density_DH": 1.4049621086893238, "heat_density": 21.906175970262098, "DH_supplied_households": 35.0, "DH_cells": [ [ 4496850, 3139450 ], [ 4496750, 3139550 ], [ 4496950, 3139550 ], [ 4496950, 3139650 ], [ 4497050, 3139750 ], [ 4496650, 3139850 ], [ 4496650, 3140150 ], [ 4496550, 3140250 ] ] }, "geometry": { "type": "Polygon", "coordinates": [ [ [ 4496550.0, 3140250.0 ], [ 4496650.0, 3140150.0 ], [ 4497050.0, 3139750.0 ], [ 4496950.0, 3139650.0 ], [ 4496950.0, 3139550.0 ], [ 4496850.0, 3139450.0 ], [ 4496750.0, 3139550.0 ], [ 4496650.0, 3139850.0 ], [ 4496550.0, 3140250.0 ] ] ] } },
{ "type": "Feature", "properties": { "ID": "Leipzig_147130000_c10", "GEN": "Leipzig", "ARS": "147130000", "LAN": "Sachsen", "area": 0.17, "centroid": "POINT (4479620.588235 3143858.823529)", "DH_demand": 463.11363347172556, "total_demand_cells": 2653.4901411533356, "total_demand_area": 5046.29296875, "share_DH": 10.552505709487894, "heat_density_DH": 2.7241978439513272, "heat_density": 29.684076286764711, "DH_supplied_households": 51.0, "DH_cells": [ [ 4479850, 3143550 ], [ 4479450, 3143650 ], [ 4479450, 3143850 ], [ 4479550, 3143950 ], [ 4479750, 3143950 ], [ 4479250, 3144050 ], [ 4479350, 3144050 ], [ 4479750, 3144050 ], [ 4479750, 3144150 ], [ 4479650, 3144250 ], [ 4479750, 3144250 ], [ 4479650, 3144350 ], [ 4479750, 3144350 ] ] }, "geometry": { "type": "Polygon", "coordinates": [ [ [ 4479450.0, 3143850.0 ], [ 4479250.0, 3144050.0 ], [ 4479350.0, 3144050.0 ], [ 4479550.0, 3143950.0 ], [ 4479750.0, 3143950.0 ], [ 4479650.0, 3144250.0 ], [ 4479650.0, 3144350.0 ], [ 4479750.0, 3144350.0 ], [ 4479750.0, 3144250.0 ], [ 4479750.0, 3144150.0 ], [ 4479750.0, 3144050.0 ], [ 4479850.0, 3143550.0 ], [ 4479450.0, 3143650.0 ], [ 4479450.0, 3143850.0 ] ] ] } },
{ "type": "Feature", "properties": { "ID": "Leipzig_147130000_c11", "GEN": "Leipzig", "ARS": "147130000", "LAN": "Sachsen", "area": 0.08, "centroid": "POINT (4483927.083333 3146383.333333)", "DH_demand": 457.82158045832426, "total_demand_cells": 771.10259306430817, "total_demand_area": 1533.66015625, "share_DH": 34.324768374811214, "heat_density_DH": 5.7227697557290531, "heat_density": 19.170751953124999, "DH_supplied_households": 26.0, "DH_cells": [ [ 4484050, 3146150 ], [ 4483850, 3146250 ], [ 4483950, 3146250 ], [ 4483750, 3146350 ], [ 4483750, 3146450 ], [ 4483850, 3146450 ], [ 4483850, 3146550 ], [ 4484050, 3146550 ] ] }, "geometry": { "type": "Polygon", "coordinates": [ [ [ 4483750.0, 3146350.0 ], [ 4483750.0, 3146450.0 ], [ 4483850.0, 3146450.0 ], [ 4483850.0, 3146550.0 ], [ 4484050.0, 3146550.0 ], [ 4484050.0, 3146150.0 ], [ 4483950.0, 3146250.0 ], [ 4483850.0, 3146250.0 ], [ 4483750.0, 3146350.0 ] ] ] } },
{ "type": "Feature", "properties": { "ID": "Leipzig_147130000_c12", "GEN": "Leipzig", "ARS": "147130000", "LAN": "Sachsen", "area": 0.24, "centroid": "POINT (4488957.638889 3146646.527778)", "DH_demand": 850.82179735964257, "total_demand_cells": 2239.7677917480469, "total_demand_area": 5726.22265625, "share_DH": 17.084838059706993, "heat_density_DH": 3.545090822331844, "heat_density": 23.859261067708335, "DH_supplied_households": 101.0, "DH_cells": [ [ 4488650, 3146250 ], [ 4488950, 3146350 ], [ 4489050, 3146450 ], [ 4489050, 3146550 ], [ 4489150, 3146550 ], [ 4489050, 3146650 ], [ 4489150, 3146650 ], [ 4489350, 3146650 ], [ 4488750, 3146750 ], [ 4488950, 3146750 ], [ 4488950, 3146850 ], [ 4489150, 3146850 ], [ 4488950, 3146950 ], [ 4489050, 3146950 ], [ 4489050, 3147050 ], [ 4489150, 3147250 ], [ 4489250, 3147350 ] ] }, "geometry": { "type": "Polygon", "coordinates": [ [ [ 4488650.0, 3146250.0 ], [ 4488750.0, 3146750.0 ], [ 4488950.0, 3146750.0 ], [ 4488950.0, 3146850.0 ], [ 4488950.0, 3146950.0 ], [ 4489050.0, 3147050.0 ], [ 4489150.0, 3147250.0 ], [ 4489250.0, 3147350.0 ], [ 4489050.0, 3146950.0 ], [ 4489150.0, 3146850.0 ], [ 4489350.0, 3146650.0 ], [ 4489150.0, 3146650.0 ], [ 4489150.0, 3146550.0 ], [ 4489050.0, 3146550.0 ], [ 4489050.0, 3146450.0 ], [ 4488950.0, 3146350.0 ], [ 4488650.0, 3146250.0 ] ] ] } },
{ "type": "Feature", "properties": { "ID": "Bennewitz_147290030_c1", "GEN": "Bennewitz", "ARS": "147290030", "LAN": "Sachsen", "area": 0.045, "centroid": "POINT (4509805.555556 3142320.37037)", "DH_demand": 511.31146045845514, "total_demand_cells": 1408.4086303710938, "total_demand_area": 2526.2119140625, "share_DH": 23.273207305303995, "heat_density_DH": 11.36247689907678, "heat_density": 56.138042534722224, "DH_supplied_households": 19.0, "DH_cells": [ [ 4509950, 3142150 ], [ 4509750, 3142250 ], [ 4509650, 3142350 ], [ 4509750, 3142350 ], [ 4509750, 3142450 ], [ 4509850, 3142450 ] ] }, "geometry": { "type": "Polygon", "coordinates": [ [ [ 4509650.0, 3142350.0 ], [ 4509750.0, 3142450.0 ], [ 4509850.0, 3142450.0 ], [ 4509950.0, 3142150.0 ], [ 4509750.0, 3142250.0 ], [ 4509650.0, 3142350.0 ] ] ] } },
{ "type": "Feature", "properties": { "ID": "Böhlen_147290040_c0", "GEN": "Böhlen", "ARS": "147290040", "LAN": "Sachsen", "area": 0.69, "centroid": "POINT (4487783.574879 3124086.231884)", "DH_demand": 3515.0556177526796, "total_demand_cells": 8412.7561236321926, "total_demand_area": 29469.98046875, "share_DH": 13.714906243639952, "heat_density_DH": 5.0942835039893906, "heat_density": 42.710116621376812, "DH_supplied_households": 746.0, "DH_cells": [ [ 4487650, 3123350 ], [ 4487450, 3123450 ], [ 4487950, 3123450 ], [ 4487750, 3123550 ], [ 4487850, 3123550 ], [ 4487950, 3123550 ], [ 4488150, 3123950 ], [ 4487550, 3124250 ], [ 4488050, 3124250 ], [ 4488150, 3124250 ], [ 4487550, 3124350 ], [ 4487650, 3124350 ], [ 4487750, 3124350 ], [ 4488050, 3124350 ], [ 4488150, 3124350 ], [ 4487550, 3124450 ], [ 4487750, 3124450 ], [ 4488150, 3124450 ], [ 4487850, 3124650 ], [ 4487550, 3124750 ], [ 4487650, 3124750 ], [ 4487750, 3124750 ], [ 4487850, 3124750 ], [ 4487950, 3124750 ], [ 4487550, 3124850 ], [ 4487650, 3124850 ], [ 4487850, 3124850 ], [ 4487950, 3124850 ], [ 4487650, 3124950 ] ] }, "geometry": { "type": "Polygon", "coordinates": [ [ [ 4487450.0, 3123450.0 ], [ 4487550.0, 3124250.0 ], [ 4487550.0, 3124350.0 ], [ 4487550.0, 3124450.0 ], [ 4487550.0, 3124750.0 ], [ 4487550.0, 3124850.0 ], [ 4487650.0, 3124850.0 ], [ 4487650.0, 3124950.0 ], [ 4487750.0, 3124750.0 ], [ 4487850.0, 3124750.0 ], [ 4487850.0, 3124850.0 ], [ 4487950.0, 3124850.0 ], [ 4487950.0, 3124750.0 ], [ 4487850.0, 3124650.0 ], [ 4487750.0, 3124450.0 ], [ 4488150.0, 3124450.0 ], [ 4488150.0, 3124350.0 ], [ 4488150.0, 3124250.0 ], [ 4488150.0, 3123950.0 ], [ 4487950.0, 3123550.0 ], [ 4487950.0, 3123450.0 ], [ 4487850.0, 3123550.0 ], [ 4487750.0, 3123550.0 ], [ 4487650.0, 3123350.0 ], [ 4487450.0, 3123450.0 ] ] ] } },
{ "type": "Feature", "properties": { "ID": "Böhlen_147290040_c1", "GEN": "Böhlen", "ARS": "147290040", "LAN": "Sachsen", "area": 0.21, "centroid": "POINT (4487461.904762 3127445.238095)", "DH_demand": 304.40938945882198, "total_demand_cells": 1327.0710830688477, "total_demand_area": 6468.435546875, "share_DH": 5.4112709339087424, "heat_density_DH": 1.4495685212324856, "heat_density": 30.802074032738094, "DH_supplied_households": 45.0, "DH_cells": [ [ 4487650, 3126850 ], [ 4487750, 3126850 ], [ 4487550, 3126950 ], [ 4487350, 3127050 ], [ 4487550, 3127050 ], [ 4487250, 3127250 ], [ 4487450, 3127550 ], [ 4487550, 3127950 ], [ 4487350, 3128250 ] ] }, "geometry": { "type": "Polygon", "coordinates": [ [ [ 4487250.0, 3127250.0 ], [ 4487450.0, 3127550.0 ], [ 4487350.0, 3128250.0 ], [ 4487550.0, 3127950.0 ], [ 4487550.0, 3127050.0 ], [ 4487750.0, 3126850.0 ], [ 4487650.0, 3126850.0 ], [ 4487550.0, 3126950.0 ], [ 4487350.0, 3127050.0 ], [ 4487250.0, 3127250.0 ] ] ] } },
{ "type": "Feature", "properties": { "ID": "Borna_147290050_c1", "GEN": "Borna", "ARS": "147290050", "LAN": "Sachsen", "area": 0.015, "centroid": "POINT (4498150 3111550)", "DH_demand": 276.11740945815285, "total_demand_cells": 425.2843017578125, "total_demand_area": 623.1500244140625, "share_DH": 50.949703825379231, "heat_density_DH": 18.40782729721019, "heat_density": 41.5433349609375, "DH_supplied_households": 59.0, "DH_cells": [ [ 4497850, 3111350 ], [ 4498250, 3111650 ], [ 4498350, 3111650 ] ] }, "geometry": { "type": "Polygon", "coordinates": [ [ [ 4497850.0, 3111350.0 ], [ 4498250.0, 3111650.0 ], [ 4498350.0, 3111650.0 ], [ 4497850.0, 3111350.0 ] ] ] } },
{ "type": "Feature", "properties": { "ID": "Borna_147290050_c2", "GEN": "Borna", "ARS": "147290050", "LAN": "Sachsen", "area": 0.03, "centroid": "POINT (4496450 3112800)", "DH_demand": 406.32811522889926, "total_demand_cells": 1968.8876342773438, "total_demand_area": 2291.51318359375, "share_DH": 20.388956695488609, "heat_density_DH": 13.544270507629976, "heat_density": 76.383772786458337, "DH_supplied_households": 68.0, "DH_cells": [ [ 4496550, 3112650 ], [ 4496650, 3112650 ], [ 4496450, 3112750 ], [ 4496550, 3112750 ], [ 4496450, 3112850 ], [ 4496250, 3112950 ], [ 4496350, 3112950 ] ] }, "geometry": { "type": "Polygon", "coordinates": [ [ [ 4496450.0, 3112750.0 ], [ 4496250.0, 3112950.0 ], [ 4496350.0, 3112950.0 ], [ 4496450.0, 3112850.0 ], [ 4496550.0, 3112750.0 ], [ 4496650.0, 3112650.0 ], [ 4496550.0, 3112650.0 ], [ 4496450.0, 3112750.0 ] ] ] } },
{ "type": "Feature", "properties": { "ID": "Borna_147290050_c4", "GEN": "Borna", "ARS": "147290050", "LAN": "Sachsen", "area": 2.835, "centroid": "POINT (4495493.915344 3115567.401529)", "DH_demand": 17547.947549526307, "total_demand_cells": 38268.020213127136, "total_demand_area": 85153.3984375, "share_DH": 23.695442996830288, "heat_density_DH": 6.1897522220551346, "heat_density": 30.036472111992946, "DH_supplied_households": 3449.0, "DH_cells": [ [ 4495750, 3113950 ], [ 4495750, 3114050 ], [ 4495850, 3114050 ], [ 4495550, 3114150 ], [ 4495650, 3114150 ], [ 4495750, 3114150 ], [ 4495850, 3114150 ], [ 4495550, 3114250 ], [ 4495650, 3114250 ], [ 4495850, 3114250 ], [ 4495550, 3114350 ], [ 4494750, 3114550 ], [ 4495550, 3114550 ], [ 4495850, 3114550 ], [ 4494850, 3114650 ], [ 4495550, 3114650 ], [ 4495650, 3114650 ], [ 4495750, 3114650 ], [ 4495550, 3114750 ], [ 4495650, 3114750 ], [ 4495750, 3114750 ], [ 4495050, 3114850 ], [ 4495450, 3114850 ], [ 4495650, 3114850 ], [ 4495750, 3114850 ], [ 4494050, 3114950 ], [ 4494150, 3114950 ], [ 4494350, 3114950 ], [ 4495350, 3114950 ], [ 4495450, 3114950 ], [ 4495550, 3114950 ], [ 4495650, 3114950 ], [ 4495750, 3114950 ], [ 4494050, 3115050 ], [ 4494150, 3115050 ], [ 4495050, 3115050 ], [ 4495150, 3115050 ], [ 4495250, 3115050 ], [ 4495650, 3115050 ], [ 4495750, 3115050 ], [ 4494150, 3115150 ], [ 4495050, 3115150 ], [ 4495450, 3115150 ], [ 4495550, 3115150 ], [ 4493850, 3115250 ], [ 4493950, 3115250 ], [ 4494050, 3115250 ], [ 4494850, 3115250 ], [ 4495450, 3115250 ], [ 4495550, 3115250 ], [ 4493950, 3115350 ], [ 4494050, 3115350 ], [ 4494150, 3115350 ], [ 4495750, 3115350 ], [ 4495850, 3115350 ], [ 4495950, 3115350 ], [ 4496250, 3115350 ], [ 4496650, 3115350 ], [ 4494050, 3115450 ], [ 4494150, 3115450 ], [ 4494250, 3115450 ], [ 4494350, 3115450 ], [ 4494450, 3115450 ], [ 4494550, 3115450 ], [ 4494650, 3115450 ], [ 4494850, 3115450 ], [ 4494950, 3115450 ], [ 4495150, 3115450 ], [ 4495750, 3115450 ], [ 4495850, 3115450 ], [ 4496550, 3115450 ], [ 4496850, 3115450 ], [ 4494050, 3115550 ], [ 4494150, 3115550 ], [ 4494250, 3115550 ], [ 4494450, 3115550 ], [ 4494750, 3115550 ], [ 4495650, 3115550 ], [ 4495750, 3115550 ], [ 4495850, 3115550 ], [ 4495950, 3115550 ], [ 4496050, 3115550 ], [ 4496250, 3115550 ], [ 4496550, 3115550 ], [ 4496750, 3115550 ], [ 4496850, 3115550 ], [ 4494050, 3115650 ], [ 4494150, 3115650 ], [ 4495150, 3115650 ], [ 4495250, 3115650 ], [ 4495350, 3115650 ], [ 4495950, 3115650 ], [ 4496450, 3115650 ], [ 4496650, 3115650 ], [ 4496750, 3115650 ], [ 4495050, 3115750 ], [ 4496550, 3115750 ], [ 4496650, 3115750 ], [ 4496750, 3115750 ], [ 4496550, 3115850 ], [ 4496650, 3115850 ], [ 4496050, 3115950 ], [ 4496150, 3115950 ], [ 4496250, 3115950 ], [ 4496350, 3115950 ], [ 4496650, 3115950 ], [ 4495350, 3116050 ], [ 4495450, 3116050 ], [ 4496050, 3116050 ], [ 4496150, 3116050 ], [ 4496250, 3116050 ], [ 4496650, 3116050 ], [ 4495450, 3116150 ], [ 4496050, 3116150 ], [ 4496150, 3116150 ], [ 4496450, 3116150 ], [ 4495550, 3116250 ], [ 4496050, 3116250 ], [ 4496350, 3116250 ], [ 4495950, 3116350 ], [ 4496050, 3116350 ], [ 4496150, 3116350 ], [ 4495550, 3116450 ], [ 4496050, 3116450 ], [ 4496150, 3116450 ], [ 4496250, 3116450 ], [ 4495150, 3116550 ], [ 4495250, 3116550 ], [ 4495450, 3116550 ], [ 4495550, 3116550 ], [ 4495150, 3116650 ], [ 4495250, 3116650 ], [ 4495350, 3116650 ], [ 4495550, 3116650 ], [ 4495250, 3116750 ], [ 4495350, 3116750 ], [ 4495550, 3116750 ], [ 4495850, 3116850 ], [ 4495950, 3116850 ], [ 4496150, 3116850 ], [ 4496150, 3116950 ] ] }, "geometry": { "type": "Polygon", "coordinates": [ [ [ 4494050.0, 3115050.0 ], [ 4493850.0, 3115250.0 ], [ 4493950.0, 3115350.0 ], [ 4494050.0, 3115350.0 ], [ 4494050.0, 3115450.0 ], [ 4494050.0, 3115550.0 ], [ 4494050.0, 3115650.0 ], [ 4494150.0, 3115650.0 ], [ 4494150.0, 3115550.0 ], [ 4494250.0, 3115550.0 ], [ 4494250.0, 3115450.0 ], [ 4494350.0, 3115450.0 ], [ 4494450.0, 3115450.0 ], [ 4494450.0, 3115550.0 ], [ 4494550.0, 3115450.0 ], [ 4494650.0, 3115450.0 ], [ 4494750.0, 3115550.0 ], [ 4494850.0, 3115450.0 ], [ 4494950.0, 3115450.0 ], [ 4495150.0, 3115450.0 ], [ 4495050.0, 3115750.0 ], [ 4495150.0, 3115650.0 ], [ 4495250.0, 3115650.0 ], [ 4495350.0, 3115650.0 ], [ 4495350.0, 3116050.0 ], [ 4495450.0, 3116050.0 ], [ 4495450.0, 3116150.0 ], [ 4495550.0, 3116250.0 ], [ 4495550.0, 3116450.0 ], [ 4495550.0, 3116550.0 ], [ 4495450.0, 3116550.0 ], [ 4495350.0, 3116650.0 ], [ 4495250.0, 3116550.0 ], [ 4495150.0, 3116550.0 ], [ 4495150.0, 3116650.0 ], [ 4495250.0, 3116650.0 ], [ 4495250.0, 3116750.0 ], [ 4495350.0, 3116750.0 ], [ 4495550.0, 3116750.0 ], [ 4495850.0, 3116850.0 ], [ 4495950.0, 3116850.0 ], [ 4496150.0, 3116950.0 ], [ 4496150.0, 3116850.0 ], [ 4496150.0, 3116450.0 ], [ 4496250.0, 3116450.0 ], [ 4496350.0, 3116250.0 ], [ 4496450.0, 3116150.0 ], [ 4496650.0, 3116050.0 ], [ 4496650.0, 3115950.0 ], [ 4496650.0, 3115850.0 ], [ 4496650.0, 3115750.0 ], [ 4496750.0, 3115750.0 ], [ 4496750.0, 3115650.0 ], [ 4496750.0, 3115550.0 ], [ 4496850.0, 3115550.0 ], [ 4496850.0, 3115450.0 ], [ 4496650.0, 3115350.0 ], [ 4496550.0, 3115450.0 ], [ 4496550.0, 3115550.0 ], [ 4496450.0, 3115650.0 ], [ 4496250.0, 3115550.0 ], [ 4496250.0, 3115350.0 ], [ 4495950.0, 3115350.0 ], [ 4495850.0, 3115350.0 ], [ 4495750.0, 3115350.0 ], [ 4495750.0, 3115050.0 ], [ 4495750.0, 3114950.0 ], [ 4495750.0, 3114850.0 ], [ 4495750.0, 3114750.0 ], [ 4495750.0, 3114650.0 ], [ 4495850.0, 3114550.0 ], [ 4495850.0, 3114250.0 ], [ 4495850.0, 3114150.0 ], [ 4495850.0, 3114050.0 ], [ 4495750.0, 3114050.0 ], [ 4495750.0, 3113950.0 ], [ 4495650.0, 3114150.0 ], [ 4495550.0, 3114150.0 ], [ 4495550.0, 3114250.0 ], [ 4495550.0, 3114350.0 ], [ 4495550.0, 3114550.0 ], [ 4495550.0, 3114650.0 ], [ 4495550.0, 3114750.0 ], [ 4495450.0, 3114850.0 ], [ 4495450.0, 3114950.0 ], [ 4495350.0, 3114950.0 ], [ 4495250.0, 3115050.0 ], [ 4495150.0, 3115050.0 ], [ 4495050.0, 3115050.0 ], [ 4495050.0, 3114850.0 ], [ 4494850.0, 3114650.0 ], [ 4494750.0, 3114550.0 ], [ 4494350.0, 3114950.0 ], [ 4494150.0, 3114950.0 ], [ 4494050.0, 3114950.0 ], [ 4494050.0, 3115050.0 ] ] ] } },
{ "type": "Feature", "properties": { "ID": "Borsdorf_147290060_c0", "GEN": "Borsdorf", "ARS": "147290060", "LAN": "Sachsen", "area": 1.705, "centroid": "POINT (4497684.799609 3141419.012708)", "DH_demand": 1508.1702978371877, "total_demand_cells": 6281.6512140035629, "total_demand_area": 33574.69140625, "share_DH": 5.1651013034642954, "heat_density_DH": 0.88455735943530078, "heat_density": 19.691901118035194, "DH_supplied_households": 161.0, "DH_cells": [ [ 4497350, 3139850 ], [ 4497450, 3139950 ], [ 4497650, 3139950 ], [ 4497650, 3140050 ], [ 4497650, 3140150 ], [ 4497950, 3140450 ], [ 4497850, 3140550 ], [ 4497450, 3140750 ], [ 4497650, 3140750 ], [ 4498450, 3140750 ], [ 4498950, 3140750 ], [ 4498350, 3140850 ], [ 4498950, 3140850 ], [ 4497650, 3140950 ], [ 4498150, 3140950 ], [ 4498150, 3141450 ], [ 4498350, 3141550 ], [ 4498250, 3141650 ], [ 4497850, 3141750 ], [ 4497950, 3141750 ], [ 4496650, 3141850 ], [ 4497050, 3141850 ], [ 4497950, 3141850 ], [ 4496550, 3141950 ], [ 4498050, 3141950 ], [ 4496650, 3142150 ], [ 4496850, 3142150 ], [ 4497150, 3142150 ], [ 4497150, 3142250 ], [ 4497450, 3142250 ], [ 4497850, 3142250 ], [ 4496950, 3142350 ] ] }, "geometry": { "type": "Polygon", "coordinates": [ [ [ 4497850.0, 3140550.0 ], [ 4497650.0, 3140750.0 ], [ 4497450.0, 3140750.0 ], [ 4497650.0, 3140950.0 ], [ 4497050.0, 3141850.0 ], [ 4496650.0, 3141850.0 ], [ 4496550.0, 3141950.0 ], [ 4496650.0, 3142150.0 ], [ 4496850.0, 3142150.0 ], [ 4496950.0, 3142350.0 ], [ 4497150.0, 3142250.0 ], [ 4497450.0, 3142250.0 ], [ 4497850.0, 3142250.0 ], [ 4498050.0, 3141950.0 ], [ 4497950.0, 3141850.0 ], [ 4497950.0, 3141750.0 ], [ 4498250.0, 3141650.0 ], [ 4498350.0, 3141550.0 ], [ 4498150.0, 3141450.0 ], [ 4498150.0, 3140950.0 ], [ 4498350.0, 3140850.0 ], [ 4498450.0, 3140750.0 ], [ 4498950.0, 3140850.0 ], [ 4498950.0, 3140750.0 ], [ 4497950.0, 3140450.0 ], [ 4497650.0, 3140150.0 ], [ 4497650.0, 3140050.0 ], [ 4497650.0, 3139950.0 ], [ 4497450.0, 3139950.0 ], [ 4497350.0, 3139850.0 ], [ 4497850.0, 3140550.0 ] ] ] } },
{ "type": "Feature", "properties": { "ID": "Brandis_147290070_c1", "GEN": "Brandis", "ARS": "147290070", "LAN": "Sachsen", "area": 0.76, "centroid": "POINT (4501137.5 3137762.719298)", "DH_demand": 310.00460571336373, "total_demand_cells": 1148.2812390327454, "total_demand_area": 5742.8203125, "share_DH": 6.2070237666557411, "heat_density_DH": 0.40790079699126808, "heat_density": 7.5563425164473683, "DH_supplied_households": 55.0, "DH_cells": [ [ 4502150, 3136850 ], [ 4501450, 3137150 ], [ 4502150, 3137350 ], [ 4501350, 3137450 ], [ 4501750, 3137450 ], [ 4501850, 3137450 ], [ 4501650, 3137650 ], [ 4500250, 3137750 ], [ 4500950, 3137750 ], [ 4502050, 3137750 ], [ 4500950, 3137850 ], [ 4500350, 3138050 ], [ 4500750, 3138050 ], [ 4500250, 3138250 ], [ 4500250, 3138450 ], [ 4500550, 3138450 ], [ 4500150, 3138550 ], [ 4500350, 3138550 ] ] }, "geometry": { "type": "Polygon", "coordinates": [ [ [ 4500350.0, 3138050.0 ], [ 4500250.0, 3138250.0 ], [ 4500250.0, 3138450.0 ], [ 4500150.0, 3138550.0 ], [ 4500350.0, 3138550.0 ], [ 4500550.0, 3138450.0 ], [ 4500750.0, 3138050.0 ], [ 4500950.0, 3137850.0 ], [ 4501650.0, 3137650.0 ], [ 4502050.0, 3137750.0 ], [ 4502150.0, 3137350.0 ], [ 4502150.0, 3136850.0 ], [ 4501850.0, 3137450.0 ], [ 4501750.0, 3137450.0 ], [ 4501450.0, 3137150.0 ], [ 4501350.0, 3137450.0 ], [ 4500950.0, 3137750.0 ], [ 4500250.0, 3137750.0 ], [ 4500350.0, 3138050.0 ] ] ] } },
{ "type": "Feature", "properties": { "ID": "Brandis_147290070_c3", "GEN": "Brandis", "ARS": "147290070", "LAN": "Sachsen", "area": 0.985, "centroid": "POINT (4502652.199662 3139161.675127)", "DH_demand": 892.86376284804442, "total_demand_cells": 3823.0447026491165, "total_demand_area": 25202.162109375, "share_DH": 4.0736891519368008, "heat_density_DH": 0.90646067294217703, "heat_density": 25.585951380076143, "DH_supplied_households": 83.0, "DH_cells": [ [ 4501850, 3138450 ], [ 4501850, 3138550 ], [ 4502950, 3138550 ], [ 4501850, 3138650 ], [ 4502350, 3138650 ], [ 4502450, 3138750 ], [ 4503250, 3138950 ], [ 4502650, 3139050 ], [ 4502950, 3139050 ], [ 4503350, 3139050 ], [ 4502350, 3139150 ], [ 4502850, 3139150 ], [ 4502550, 3139250 ], [ 4502750, 3139250 ], [ 4503250, 3139250 ], [ 4503350, 3139250 ], [ 4503050, 3139450 ], [ 4502450, 3139750 ], [ 4502850, 3139850 ], [ 4502350, 3139950 ], [ 4502850, 3139950 ] ] }, "geometry": { "type": "Polygon", "coordinates": [ [ [ 4502450.0, 3138750.0 ], [ 4502350.0, 3138650.0 ], [ 4501850.0, 3138450.0 ], [ 4501850.0, 3138550.0 ], [ 4501850.0, 3138650.0 ], [ 4502350.0, 3139150.0 ], [ 4502550.0, 3139250.0 ], [ 4502450.0, 3139750.0 ], [ 4502350.0, 3139950.0 ], [ 4502850.0, 3139950.0 ], [ 4502850.0, 3139850.0 ], [ 4503050.0, 3139450.0 ], [ 4503250.0, 3139250.0 ], [ 4503350.0, 3139250.0 ], [ 4503350.0, 3139050.0 ], [ 4503250.0, 3138950.0 ], [ 4502950.0, 3139050.0 ], [ 4502950.0, 3138550.0 ], [ 4502450.0, 3138750.0 ] ] ] } },
{ "type": "Feature", "properties": { "ID": "Colditz_147290080_c0", "GEN": "Colditz", "ARS": "147290080", "LAN": "Sachsen", "area": 0.95, "centroid": "POINT (4517025.614035 3116924.035088)", "DH_demand": 1284.0795925168304, "total_demand_cells": 3308.8116683959961, "total_demand_area": 20329.73828125, "share_DH": 7.2627424937373162, "heat_density_DH": 1.3516627289650847, "heat_density": 21.399724506578949, "DH_supplied_households": 173.0, "DH_cells": [ [ 4517750, 3116350 ], [ 4517850, 3116350 ], [ 4517150, 3116450 ], [ 4517450, 3116450 ], [ 4518050, 3116550 ], [ 4518050, 3116650 ], [ 4518150, 3116650 ], [ 4516450, 3116750 ], [ 4516750, 3116750 ], [ 4517150, 3116850 ], [ 4517450, 3116850 ], [ 4517650, 3116850 ], [ 4517550, 3116950 ], [ 4516250, 3117250 ], [ 4516850, 3117250 ], [ 4516550, 3117750 ], [ 4516650, 3117850 ] ] }, "geometry": { "type": "Polygon", "coordinates": [ [ [ 4516250.0, 3117250.0 ], [ 4516550.0, 3117750.0 ], [ 4516650.0, 3117850.0 ], [ 4516850.0, 3117250.0 ], [ 4517150.0, 3116850.0 ], [ 4517450.0, 3116850.0 ], [ 4517550.0, 3116950.0 ], [ 4517650.0, 3116850.0 ], [ 4518050.0, 3116650.0 ], [ 4518150.0, 3116650.0 ], [ 4518050.0, 3116550.0 ], [ 4517850.0, 3116350.0 ], [ 4517750.0, 3116350.0 ], [ 4517450.0, 3116450.0 ], [ 4517150.0, 3116450.0 ], [ 4516750.0, 3116750.0 ], [ 4516450.0, 3116750.0 ], [ 4516250.0, 3117250.0 ] ] ] } },
{ "type": "Feature", "properties": { "ID": "Colditz_147290080_c1", "GEN": "Colditz", "ARS": "147290080", "LAN": "Sachsen", "area": 0.06, "centroid": "POINT (4518916.666667 3115783.333333)", "DH_demand": 178.71323980546143, "total_demand_cells": 318.10636901855469, "total_demand_area": 1506.4100341796875, "share_DH": 13.641245285547738, "heat_density_DH": 2.9785539967576904, "heat_density": 25.10683390299479, "DH_supplied_households": 9.0, "DH_cells": [ [ 4519450, 3115650 ], [ 4518750, 3115750 ], [ 4518550, 3115950 ] ] }, "geometry": { "type": "Polygon", "coordinates": [ [ [ 4518550.0, 3115950.0 ], [ 4519450.0, 3115650.0 ], [ 4518750.0, 3115750.0 ], [ 4518550.0, 3115950.0 ] ] ] } },
{ "type": "Feature", "properties": { "ID": "Frohburg_147290140_c0", "GEN": "Frohburg", "ARS": "147290140", "LAN": "Sachsen", "area": 0.035, "centroid": "POINT (4497711.904762 3105945.238095)", "DH_demand": 177.24111484656396, "total_demand_cells": 624.54850006103516, "total_demand_area": 1499.458251953125, "share_DH": 13.591599989252801, "heat_density_DH": 5.0640318527589709, "heat_density": 42.841664341517863, "DH_supplied_households": 16.0, "DH_cells": [ [ 4497750, 3105550 ], [ 4497750, 3105750 ], [ 4497650, 3106050 ], [ 4497650, 3106150 ], [ 4497750, 3106150 ] ] }, "geometry": { "type": "Polygon", "coordinates": [ [ [ 4497650.0, 3106050.0 ], [ 4497650.0, 3106150.0 ], [ 4497750.0, 3106150.0 ], [ 4497750.0, 3105750.0 ], [ 4497750.0, 3105550.0 ], [ 4497650.0, 3106050.0 ] ] ] } },
{ "type": "Feature", "properties": { "ID": "Frohburg_147290140_c1", "GEN": "Frohburg", "ARS": "147290140", "LAN": "Sachsen", "area": 0.275, "centroid": "POINT (4500411.818182 3108075.454545)", "DH_demand": 615.41861895948489, "total_demand_cells": 2732.269962310791, "total_demand_area": 10920.2919921875, "share_DH": 6.480027819834298, "heat_density_DH": 2.2378858871254002, "heat_density": 39.710152698863645, "DH_supplied_households": 99.0, "DH_cells": [ [ 4499650, 3107750 ], [ 4500150, 3107750 ], [ 4500550, 3107850 ], [ 4499750, 3107950 ], [ 4499850, 3107950 ], [ 4500050, 3107950 ], [ 4500250, 3108050 ], [ 4500650, 3108150 ], [ 4500850, 3108350 ], [ 4500950, 3108450 ], [ 4501050, 3108650 ], [ 4501150, 3108750 ] ] }, "geometry": { "type": "Polygon", "coordinates": [ [ [ 4500050.0, 3107950.0 ], [ 4499650.0, 3107750.0 ], [ 4499750.0, 3107950.0 ], [ 4499850.0, 3107950.0 ], [ 4500250.0, 3108050.0 ], [ 4501050.0, 3108650.0 ], [ 4501150.0, 3108750.0 ], [ 4500950.0, 3108450.0 ], [ 4500850.0, 3108350.0 ], [ 4500650.0, 3108150.0 ], [ 4500550.0, 3107850.0 ], [ 4500150.0, 3107750.0 ], [ 4500050.0, 3107950.0 ] ] ] } },
{ "type": "Feature", "properties": { "ID": "Geithain_147290150_c1", "GEN": "Geithain", "ARS": "147290150", "LAN": "Sachsen", "area": 0.755, "centroid": "POINT (4509640.728477 3108406.732892)", "DH_demand": 3528.278143559935, "total_demand_cells": 8971.0827522277832, "total_demand_area": 25818.0234375, "share_DH": 15.713767159353658, "heat_density_DH": 4.6732160841853441, "heat_density": 34.19605753311258, "DH_supplied_households": 654.0, "DH_cells": [ [ 4510550, 3107850 ], [ 4509850, 3107950 ], [ 4510550, 3107950 ], [ 4509050, 3108050 ], [ 4510450, 3108050 ], [ 4510050, 3108150 ], [ 4510150, 3108150 ], [ 4510350, 3108150 ], [ 4509550, 3108250 ], [ 4509950, 3108250 ], [ 4510450, 3108350 ], [ 4510050, 3108450 ], [ 4509550, 3108550 ], [ 4509650, 3108550 ], [ 4509750, 3108550 ], [ 4509850, 3108550 ], [ 4509050, 3108650 ], [ 4509150, 3108650 ], [ 4509250, 3108650 ], [ 4509350, 3108650 ], [ 4509550, 3108650 ], [ 4509650, 3108650 ], [ 4509750, 3108650 ], [ 4509050, 3108750 ], [ 4509150, 3108750 ], [ 4509250, 3108750 ], [ 4509550, 3108750 ], [ 4509650, 3108750 ], [ 4509650, 3108850 ], [ 4509450, 3109050 ] ] }, "geometry": { "type": "Polygon", "coordinates": [ [ [ 4510150.0, 3108150.0 ], [ 4510050.0, 3108150.0 ], [ 4509850.0, 3107950.0 ], [ 4509550.0, 3108250.0 ], [ 4509050.0, 3108050.0 ], [ 4509050.0, 3108650.0 ], [ 4509050.0, 3108750.0 ], [ 4509150.0, 3108750.0 ], [ 4509250.0, 3108750.0 ], [ 4509450.0, 3109050.0 ], [ 4509650.0, 3108850.0 ], [ 4509650.0, 3108750.0 ], [ 4509650.0, 3108650.0 ], [ 4509750.0, 3108650.0 ], [ 4509750.0, 3108550.0 ], [ 4509850.0, 3108550.0 ], [ 4510050.0, 3108450.0 ], [ 4510450.0, 3108350.0 ], [ 4510350.0, 3108150.0 ], [ 4510450.0, 3108050.0 ], [ 4510550.0, 3107950.0 ], [ 4510550.0, 3107850.0 ], [ 4510150.0, 3108150.0 ] ] ] } },
{ "type": "Feature", "properties": { "ID": "Grimma_147290160_c1", "GEN": "Grimma", "ARS": "147290160", "LAN": "Sachsen", "area": 0.285, "centroid": "POINT (4513293.859649 3123316.666667)", "DH_demand": 439.45978945721873, "total_demand_cells": 852.39227294921875, "total_demand_area": 4825.45166015625, "share_DH": 10.471807832828656, "heat_density_DH": 1.5419641735341008, "heat_density": 16.931409333881579, "DH_supplied_households": 51.0, "DH_cells": [ [ 4513650, 3123050 ], [ 4513650, 3123150 ], [ 4514150, 3123150 ], [ 4513150, 3123250 ], [ 4514250, 3123250 ], [ 4512450, 3123450 ], [ 4513150, 3123450 ], [ 4512950, 3123550 ], [ 4513350, 3123550 ] ] }, "geometry": { "type": "Polygon", "coordinates": [ [ [ 4513150.0, 3123250.0 ], [ 4512450.0, 3123450.0 ], [ 4512950.0, 3123550.0 ], [ 4513150.0, 3123450.0 ], [ 4513350.0, 3123550.0 ], [ 4513650.0, 3123150.0 ], [ 4514250.0, 3123250.0 ], [ 4514150.0, 3123150.0 ], [ 4513650.0, 3123050.0 ], [ 4513150.0, 3123250.0 ] ] ] } },
{ "type": "Feature", "properties": { "ID": "Grimma_147290160_c2", "GEN": "Grimma", "ARS": "147290160", "LAN": "Sachsen", "area": 2.86, "centroid": "POINT (4510967.249417 3128467.540793)", "DH_demand": 13222.490505978871, "total_demand_cells": 26680.946580171585, "total_demand_area": 79037.953125, "share_DH": 19.236146200401961, "heat_density_DH": 4.623248428663941, "heat_density": 27.635647945804195, "DH_supplied_households": 2657.0, "DH_cells": [ [ 4510850, 3125450 ], [ 4510950, 3125850 ], [ 4511250, 3126250 ], [ 4511350, 3126250 ], [ 4511250, 3126350 ], [ 4511350, 3126350 ], [ 4511450, 3126350 ], [ 4511550, 3126350 ], [ 4511250, 3126450 ], [ 4511350, 3126450 ], [ 4511450, 3126450 ], [ 4511550, 3126450 ], [ 4511250, 3126550 ], [ 4511350, 3126550 ], [ 4511450, 3126550 ], [ 4511550, 3126550 ], [ 4511350, 3126650 ], [ 4511450, 3126650 ], [ 4511550, 3126650 ], [ 4511150, 3126750 ], [ 4511250, 3126750 ], [ 4511150, 3126850 ], [ 4511250, 3126850 ], [ 4511150, 3126950 ], [ 4511250, 3126950 ], [ 4511150, 3127050 ], [ 4511150, 3127150 ], [ 4510350, 3127250 ], [ 4511050, 3127250 ], [ 4511150, 3127250 ], [ 4510950, 3127350 ], [ 4511050, 3127350 ], [ 4511150, 3127350 ], [ 4511050, 3127450 ], [ 4511150, 3127450 ], [ 4510650, 3127650 ], [ 4511150, 3127750 ], [ 4509950, 3127850 ], [ 4509950, 3127950 ], [ 4510150, 3127950 ], [ 4510250, 3128050 ], [ 4511450, 3128050 ], [ 4511050, 3128150 ], [ 4511350, 3128150 ], [ 4511550, 3128150 ], [ 4510950, 3128250 ], [ 4511150, 3128250 ], [ 4511450, 3128250 ], [ 4511050, 3128350 ], [ 4511450, 3128350 ], [ 4511550, 3128350 ], [ 4509750, 3128450 ], [ 4509850, 3128450 ], [ 4509950, 3128450 ], [ 4510250, 3128450 ], [ 4511550, 3128450 ], [ 4511650, 3128450 ], [ 4509750, 3128550 ], [ 4509850, 3128550 ], [ 4509950, 3128550 ], [ 4510150, 3128550 ], [ 4510250, 3128550 ], [ 4510950, 3128550 ], [ 4511350, 3128550 ], [ 4511450, 3128550 ], [ 4511550, 3128550 ], [ 4509750, 3128650 ], [ 4509850, 3128650 ], [ 4509950, 3128650 ], [ 4511450, 3128650 ], [ 4511550, 3128650 ], [ 4511650, 3128650 ], [ 4512050, 3128650 ], [ 4509850, 3128750 ], [ 4510950, 3128750 ], [ 4511650, 3128750 ], [ 4510250, 3128850 ], [ 4510350, 3129050 ], [ 4510450, 3129050 ], [ 4510650, 3129050 ], [ 4510750, 3129050 ], [ 4511350, 3129150 ], [ 4511550, 3129150 ], [ 4511350, 3129250 ], [ 4511450, 3129250 ], [ 4511350, 3129350 ], [ 4511450, 3129650 ], [ 4511550, 3129650 ], [ 4511850, 3129650 ], [ 4511650, 3129950 ], [ 4511550, 3130050 ], [ 4511850, 3130050 ], [ 4511050, 3130150 ], [ 4511250, 3130450 ], [ 4511750, 3130550 ], [ 4512050, 3130550 ] ] }, "geometry": { "type": "Polygon", "coordinates": [ [ [ 4509950.0, 3127950.0 ], [ 4510150.0, 3127950.0 ], [ 4510250.0, 3128050.0 ], [ 4510250.0, 3128450.0 ], [ 4510250.0, 3128550.0 ], [ 4510150.0, 3128550.0 ], [ 4509950.0, 3128550.0 ], [ 4509950.0, 3128450.0 ], [ 4509850.0, 3128450.0 ], [ 4509750.0, 3128450.0 ], [ 4509750.0, 3128550.0 ], [ 4509750.0, 3128650.0 ], [ 4509850.0, 3128650.0 ], [ 4509850.0, 3128750.0 ], [ 4510250.0, 3128850.0 ], [ 4510350.0, 3129050.0 ], [ 4510450.0, 3129050.0 ], [ 4510650.0, 3129050.0 ], [ 4510750.0, 3129050.0 ], [ 4510950.0, 3128750.0 ], [ 4511350.0, 3129150.0 ], [ 4511350.0, 3129250.0 ], [ 4511350.0, 3129350.0 ], [ 4511550.0, 3130050.0 ], [ 4511050.0, 3130150.0 ], [ 4511250.0, 3130450.0 ], [ 4511750.0, 3130550.0 ], [ 4512050.0, 3130550.0 ], [ 4511850.0, 3130050.0 ], [ 4511650.0, 3129950.0 ], [ 4511850.0, 3129650.0 ], [ 4511550.0, 3129650.0 ], [ 4511450.0, 3129650.0 ], [ 4511450.0, 3129250.0 ], [ 4511550.0, 3129150.0 ], [ 4511650.0, 3128750.0 ], [ 4511650.0, 3128650.0 ], [ 4512050.0, 3128650.0 ], [ 4511650.0, 3128450.0 ], [ 4511550.0, 3128450.0 ], [ 4511550.0, 3128350.0 ], [ 4511450.0, 3128350.0 ], [ 4511450.0, 3128250.0 ], [ 4511550.0, 3128150.0 ], [ 4511450.0, 3128050.0 ], [ 4511150.0, 3127750.0 ], [ 4511150.0, 3127450.0 ], [ 4511150.0, 3127350.0 ], [ 4511250.0, 3126950.0 ], [ 4511250.0, 3126850.0 ], [ 4511250.0, 3126750.0 ], [ 4511350.0, 3126650.0 ], [ 4511450.0, 3126650.0 ], [ 4511550.0, 3126650.0 ], [ 4511550.0, 3126550.0 ], [ 4511550.0, 3126450.0 ], [ 4511550.0, 3126350.0 ], [ 4511450.0, 3126350.0 ], [ 4511350.0, 3126350.0 ], [ 4511350.0, 3126250.0 ], [ 4511250.0, 3126250.0 ], [ 4510850.0, 3125450.0 ], [ 4510950.0, 3125850.0 ], [ 4511250.0, 3126350.0 ], [ 4511250.0, 3126450.0 ], [ 4511250.0, 3126550.0 ], [ 4511150.0, 3126750.0 ], [ 4511150.0, 3126850.0 ], [ 4511150.0, 3126950.0 ], [ 4511150.0, 3127050.0 ], [ 4511150.0, 3127150.0 ], [ 4511150.0, 3127250.0 ], [ 4511050.0, 3127250.0 ], [ 4511050.0, 3127350.0 ], [ 4510950.0, 3127350.0 ], [ 4510650.0, 3127650.0 ], [ 4510350.0, 3127250.0 ], [ 4509950.0, 3127850.0 ], [ 4509950.0, 3127950.0 ] ] ] } },
{ "type": "Feature", "properties": { "ID": "Grimma_147290160_c5", "GEN": "Grimma", "ARS": "147290160", "LAN": "Sachsen", "area": 0.065, "centroid": "POINT (4515485.897436 3132657.692308)", "DH_demand": 264.60706354905653, "total_demand_cells": 1399.1814117431641, "total_demand_area": 2986.83203125, "share_DH": 10.186643866139473, "heat_density_DH": 4.0708779007547156, "heat_density": 45.951262019230768, "DH_supplied_households": 18.0, "DH_cells": [ [ 4515450, 3132450 ], [ 4515550, 3132450 ], [ 4515550, 3132650 ], [ 4515650, 3132650 ], [ 4515550, 3132750 ], [ 4515350, 3132950 ] ] }, "geometry": { "type": "Polygon", "coordinates": [ [ [ 4515350.0, 3132950.0 ], [ 4515550.0, 3132750.0 ], [ 4515550.0, 3132650.0 ], [ 4515650.0, 3132650.0 ], [ 4515550.0, 3132450.0 ], [ 4515450.0, 3132450.0 ], [ 4515350.0, 3132950.0 ] ] ] } },
{ "type": "Feature", "properties": { "ID": "Groitzsch_147290170_c1", "GEN": "Groitzsch", "ARS": "147290170", "LAN": "Sachsen", "area": 0.595, "centroid": "POINT (4480636.27451 3118476.05042)", "DH_demand": 1688.8042524748951, "total_demand_cells": 6961.1121711730957, "total_demand_area": 27574.076171875, "share_DH": 7.0423699039453851, "heat_density_DH": 2.8383264747477228, "heat_density": 46.342985162815125, "DH_supplied_households": 166.0, "DH_cells": [ [ 4480650, 3117850 ], [ 4480550, 3117950 ], [ 4480750, 3117950 ], [ 4480550, 3118050 ], [ 4480050, 3118250 ], [ 4480450, 3118250 ], [ 4480550, 3118250 ], [ 4480250, 3118350 ], [ 4480650, 3118350 ], [ 4481050, 3118350 ], [ 4480250, 3118450 ], [ 4480050, 3118550 ], [ 4480550, 3118550 ], [ 4480750, 3118550 ], [ 4480850, 3118550 ], [ 4480950, 3118550 ], [ 4481050, 3118550 ], [ 4480350, 3118650 ], [ 4480750, 3118650 ], [ 4480950, 3118650 ], [ 4480350, 3118850 ], [ 4481050, 3118850 ], [ 4480650, 3118950 ] ] }, "geometry": { "type": "Polygon", "coordinates": [ [ [ 4480550.0, 3117950.0 ], [ 4480550.0, 3118050.0 ], [ 4480550.0, 3118250.0 ], [ 4480450.0, 3118250.0 ], [ 4480250.0, 3118350.0 ], [ 4480050.0, 3118250.0 ], [ 4480050.0, 3118550.0 ], [ 4480250.0, 3118450.0 ], [ 4480350.0, 3118650.0 ], [ 4480350.0, 3118850.0 ], [ 4480650.0, 3118950.0 ], [ 4481050.0, 3118850.0 ], [ 4480950.0, 3118650.0 ], [ 4480950.0, 3118550.0 ], [ 4481050.0, 3118550.0 ], [ 4481050.0, 3118350.0 ], [ 4480750.0, 3117950.0 ], [ 4480650.0, 3117850.0 ], [ 4480550.0, 3117950.0 ] ] ] } },
{ "type": "Feature", "properties": { "ID": "Großpösna_147290190_c0", "GEN": "Großpösna", "ARS": "147290190", "LAN": "Sachsen", "area": 0.035, "centroid": "POINT (4493216.666667 3125850)", "DH_demand": 180.82882717435984, "total_demand_cells": 483.59730529785156, "total_demand_area": 960.88092041015625, "share_DH": 21.639069687982769, "heat_density_DH": 5.1665379192674248, "heat_density": 27.453740583147326, "DH_supplied_households": 9.0, "DH_cells": [ [ 4493050, 3125550 ], [ 4493350, 3125950 ], [ 4493250, 3126050 ] ] }, "geometry": { "type": "Polygon", "coordinates": [ [ [ 4493050.0, 3125550.0 ], [ 4493250.0, 3126050.0 ], [ 4493350.0, 3125950.0 ], [ 4493050.0, 3125550.0 ] ] ] } },
{ "type": "Feature", "properties": { "ID": "Großpösna_147290190_c3", "GEN": "Großpösna", "ARS": "147290190", "LAN": "Sachsen", "area": 0.075, "centroid": "POINT (4495950 3132761.111111)", "DH_demand": 239.93093668570009, "total_demand_cells": 682.50547027587891, "total_demand_area": 2967.81201171875, "share_DH": 9.295876627171932, "heat_density_DH": 3.1990791558093346, "heat_density": 39.570826822916665, "DH_supplied_households": 15.0, "DH_cells": [ [ 4496150, 3132150 ], [ 4495950, 3132650 ], [ 4496050, 3132650 ], [ 4495750, 3133150 ], [ 4495850, 3133150 ] ] }, "geometry": { "type": "Polygon", "coordinates": [ [ [ 4495950.0, 3132650.0 ], [ 4495750.0, 3133150.0 ], [ 4495850.0, 3133150.0 ], [ 4496050.0, 3132650.0 ], [ 4496150.0, 3132150.0 ], [ 4495950.0, 3132650.0 ] ] ] } },
{ "type": "Feature", "properties": { "ID": "Kitzscher_147290220_c0", "GEN": "Kitzscher", "ARS": "147290220", "LAN": "Sachsen", "area": 0.33, "centroid": "POINT (4499445.959596 3120395.454545)", "DH_demand": 5701.0361474799729, "total_demand_cells": 9894.3474540710449, "total_demand_area": 21148.67578125, "share_DH": 30.996389193513789, "heat_density_DH": 17.275867113575679, "heat_density": 64.08689630681819, "DH_supplied_households": 885.0, "DH_cells": [ [ 4499750, 3119750 ], [ 4499850, 3119750 ], [ 4499450, 3119850 ], [ 4499550, 3119850 ], [ 4499550, 3120250 ], [ 4499050, 3120350 ], [ 4499150, 3120350 ], [ 4499050, 3120450 ], [ 4499150, 3120450 ], [ 4499550, 3120450 ], [ 4499650, 3120450 ], [ 4499150, 3120550 ], [ 4499250, 3120550 ], [ 4499350, 3120550 ], [ 4499450, 3120550 ], [ 4499550, 3120550 ], [ 4499650, 3120550 ], [ 4499250, 3120650 ], [ 4499350, 3120650 ], [ 4499450, 3120650 ], [ 4499550, 3120650 ], [ 4499650, 3120650 ], [ 4499450, 3120750 ], [ 4499550, 3120750 ], [ 4499650, 3120750 ], [ 4498950, 3120850 ], [ 4499250, 3121050 ] ] }, "geometry": { "type": "Polygon", "coordinates": [ [ [ 4499050.0, 3120450.0 ], [ 4499150.0, 3120450.0 ], [ 4499150.0, 3120550.0 ], [ 4498950.0, 3120850.0 ], [ 4499250.0, 3121050.0 ], [ 4499250.0, 3120650.0 ], [ 4499350.0, 3120650.0 ], [ 4499450.0, 3120650.0 ], [ 4499450.0, 3120750.0 ], [ 4499550.0, 3120750.0 ], [ 4499650.0, 3120750.0 ], [ 4499650.0, 3120650.0 ], [ 4499650.0, 3120550.0 ], [ 4499650.0, 3120450.0 ], [ 4499850.0, 3119750.0 ], [ 4499750.0, 3119750.0 ], [ 4499550.0, 3119850.0 ], [ 4499450.0, 3119850.0 ], [ 4499550.0, 3120250.0 ], [ 4499550.0, 3120450.0 ], [ 4499550.0, 3120550.0 ], [ 4499450.0, 3120550.0 ], [ 4499350.0, 3120550.0 ], [ 4499250.0, 3120550.0 ], [ 4499150.0, 3120350.0 ], [ 4499050.0, 3120350.0 ], [ 4499050.0, 3120450.0 ] ] ] } },
{ "type": "Feature", "properties": { "ID": "Lossatal_147290245_c0", "GEN": "Lossatal", "ARS": "147290245", "LAN": "Sachsen", "area": 0.17, "centroid": "POINT (4515813.72549 3148175.490196)", "DH_demand": 242.19630614823936, "total_demand_cells": 627.61660003662109, "total_demand_area": 3466.018798828125, "share_DH": 8.0348373791391676, "heat_density_DH": 1.4246841538131729, "heat_density": 20.388345875459564, "DH_supplied_households": 16.0, "DH_cells": [ [ 4516150, 3147850 ], [ 4516150, 3147950 ], [ 4515650, 3148150 ], [ 4516050, 3148250 ], [ 4515250, 3148450 ] ] }, "geometry": { "type": "Polygon", "coordinates": [ [ [ 4515250.0, 3148450.0 ], [ 4516050.0, 3148250.0 ], [ 4516150.0, 3147950.0 ], [ 4516150.0, 3147850.0 ], [ 4515650.0, 3148150.0 ], [ 4515250.0, 3148450.0 ] ] ] } },
{ "type": "Feature", "properties": { "ID": "Machern_147290250_c1", "GEN": "Machern", "ARS": "147290250", "LAN": "Sachsen", "area": 0.34, "centroid": "POINT (4503950.490196 3142391.666667)", "DH_demand": 649.6349401983274, "total_demand_cells": 1989.1035726070404, "total_demand_area": 6330.09375, "share_DH": 11.800481354642798, "heat_density_DH": 1.9106910005833162, "heat_density": 18.61792279411765, "DH_supplied_households": 82.0, "DH_cells": [ [ 4504150, 3141850 ], [ 4503750, 3142050 ], [ 4503850, 3142150 ], [ 4504150, 3142150 ], [ 4503650, 3142250 ], [ 4503750, 3142250 ], [ 4503650, 3142450 ], [ 4503250, 3142550 ], [ 4503350, 3142550 ], [ 4503850, 3142550 ], [ 4504250, 3142950 ] ] }, "geometry": { "type": "Polygon", "coordinates": [ [ [ 4503750.0, 3142250.0 ], [ 4503650.0, 3142250.0 ], [ 4503650.0, 3142450.0 ], [ 4503250.0, 3142550.0 ], [ 4503350.0, 3142550.0 ], [ 4503850.0, 3142550.0 ], [ 4504250.0, 3142950.0 ], [ 4504150.0, 3142150.0 ], [ 4504150.0, 3141850.0 ], [ 4503850.0, 3142150.0 ], [ 4503750.0, 3142050.0 ], [ 4503750.0, 3142250.0 ] ] ] } },
{ "type": "Feature", "properties": { "ID": "Machern_147290250_c2", "GEN": "Machern", "ARS": "147290250", "LAN": "Sachsen", "area": 0.125, "centroid": "POINT (4505183.333333 3142096.666667)", "DH_demand": 283.97756525466303, "total_demand_cells": 896.35385131835938, "total_demand_area": 5140.97216796875, "share_DH": 6.3515433801579162, "heat_density_DH": 2.2718205220373044, "heat_density": 41.127777343749997, "DH_supplied_households": 31.0, "DH_cells": [ [ 4504950, 3141650 ], [ 4505150, 3141950 ], [ 4505450, 3142050 ], [ 4505150, 3142450 ] ] }, "geometry": { "type": "Polygon", "coordinates": [ [ [ 4505150.0, 3141950.0 ], [ 4504950.0, 3141650.0 ], [ 4505150.0, 3142450.0 ], [ 4505450.0, 3142050.0 ], [ 4505150.0, 3141950.0 ] ] ] } },
{ "type": "Feature", "properties": { "ID": "Markkleeberg_147290260_c1", "GEN": "Markkleeberg", "ARS": "147290260", "LAN": "Sachsen", "area": 3.325, "centroid": "POINT (4486069.949875 3132168.345865)", "DH_demand": 4340.0104380995335, "total_demand_cells": 21076.461985588074, "total_demand_area": 109205.46875, "share_DH": 4.5696914454759012, "heat_density_DH": 1.3052662971727922, "heat_density": 32.84375, "DH_supplied_households": 351.0, "DH_cells": [ [ 4485250, 3130750 ], [ 4485550, 3130750 ], [ 4486950, 3130750 ], [ 4485650, 3130950 ], [ 4485850, 3130950 ], [ 4486850, 3130950 ], [ 4486950, 3130950 ], [ 4484950, 3131150 ], [ 4486250, 3131150 ], [ 4485250, 3131250 ], [ 4485750, 3131250 ], [ 4486550, 3131250 ], [ 4485350, 3131350 ], [ 4485950, 3131350 ], [ 4485550, 3131450 ], [ 4485650, 3131450 ], [ 4485550, 3131550 ], [ 4485650, 3131550 ], [ 4485850, 3131550 ], [ 4485350, 3131650 ], [ 4485550, 3131650 ], [ 4485550, 3131750 ], [ 4486950, 3131850 ], [ 4485250, 3131950 ], [ 4485350, 3132150 ], [ 4486050, 3132150 ], [ 4486750, 3132150 ], [ 4485850, 3132250 ], [ 4486050, 3132250 ], [ 4485250, 3132350 ], [ 4485850, 3132350 ], [ 4485950, 3132350 ], [ 4485350, 3132450 ], [ 4485750, 3132450 ], [ 4485850, 3132450 ], [ 4485950, 3132450 ], [ 4486750, 3132450 ], [ 4485850, 3132550 ], [ 4486350, 3132550 ], [ 4486650, 3132550 ], [ 4486450, 3132650 ], [ 4486550, 3132650 ], [ 4486550, 3132750 ], [ 4486250, 3132850 ], [ 4485950, 3132950 ], [ 4486650, 3133150 ], [ 4486550, 3133350 ], [ 4485850, 3133450 ], [ 4486450, 3133450 ], [ 4485850, 3133550 ], [ 4486350, 3133550 ], [ 4486450, 3133550 ], [ 4486750, 3133550 ], [ 4485850, 3133650 ], [ 4486350, 3133750 ], [ 4485650, 3133950 ], [ 4486450, 3133950 ], [ 4486450, 3134050 ], [ 4486050, 3133450 ], [ 4485950, 3133550 ], [ 4486050, 3133650 ], [ 4486150, 3133650 ] ] }, "geometry": { "type": "Polygon", "coordinates": [ [ [ 4484950.0, 3131150.0 ], [ 4485250.0, 3131250.0 ], [ 4485350.0, 3131350.0 ], [ 4485350.0, 3131650.0 ], [ 4485550.0, 3131650.0 ], [ 4485550.0, 3131750.0 ], [ 4485250.0, 3131950.0 ], [ 4485350.0, 3132150.0 ], [ 4485250.0, 3132350.0 ], [ 4485350.0, 3132450.0 ], [ 4485750.0, 3132450.0 ], [ 4485850.0, 3132450.0 ], [ 4485850.0, 3132550.0 ], [ 4485950.0, 3132950.0 ], [ 4485850.0, 3133450.0 ], [ 4485850.0, 3133550.0 ], [ 4485850.0, 3133650.0 ], [ 4485650.0, 3133950.0 ], [ 4486450.0, 3134050.0 ], [ 4486450.0, 3133950.0 ], [ 4486350.0, 3133750.0 ], [ 4486350.0, 3133550.0 ], [ 4486450.0, 3133550.0 ], [ 4486750.0, 3133550.0 ], [ 4486550.0, 3133350.0 ], [ 4486650.0, 3133150.0 ], [ 4486550.0, 3132750.0 ], [ 4486550.0, 3132650.0 ], [ 4486650.0, 3132550.0 ], [ 4486750.0, 3132450.0 ], [ 4486750.0, 3132150.0 ], [ 4486950.0, 3131850.0 ], [ 4486550.0, 3131250.0 ], [ 4486850.0, 3130950.0 ], [ 4486950.0, 3130950.0 ], [ 4486950.0, 3130750.0 ], [ 4486250.0, 3131150.0 ], [ 4485850.0, 3130950.0 ], [ 4485650.0, 3130950.0 ], [ 4485550.0, 3130750.0 ], [ 4485250.0, 3130750.0 ], [ 4484950.0, 3131150.0 ] ] ] } },
{ "type": "Feature", "properties": { "ID": "Markkleeberg_147290260_c3", "GEN": "Markkleeberg", "ARS": "147290260", "LAN": "Sachsen", "area": 0.895, "centroid": "POINT (4488771.60149 3132158.566108)", "DH_demand": 444.69619743120211, "total_demand_cells": 2195.2337361574173, "total_demand_area": 14967.37890625, "share_DH": 3.416316925830122, "heat_density_DH": 0.49686725969966722, "heat_density": 16.723328386871511, "DH_supplied_households": 48.0, "DH_cells": [ [ 4488550, 3131650 ], [ 4488350, 3131750 ], [ 4488250, 3131850 ], [ 4488950, 3131850 ], [ 4489450, 3131950 ], [ 4489950, 3131950 ], [ 4488350, 3132150 ], [ 4488050, 3132350 ], [ 4488250, 3132550 ], [ 4488450, 3132550 ], [ 4488050, 3132650 ], [ 4488150, 3132650 ], [ 4488550, 3132650 ] ] }, "geometry": { "type": "Polygon", "coordinates": [ [ [ 4488350.0, 3132150.0 ], [ 4488050.0, 3132350.0 ], [ 4488050.0, 3132650.0 ], [ 4488150.0, 3132650.0 ], [ 4488250.0, 3132550.0 ], [ 4488450.0, 3132550.0 ], [ 4488550.0, 3132650.0 ], [ 4489950.0, 3131950.0 ], [ 4489450.0, 3131950.0 ], [ 4488950.0, 3131850.0 ], [ 4488550.0, 3131650.0 ], [ 4488350.0, 3131750.0 ], [ 4488250.0, 3131850.0 ], [ 4488350.0, 3132150.0 ] ] ] } },
{ "type": "Feature", "properties": { "ID": "Markkleeberg_147290260_c4", "GEN": "Markkleeberg", "ARS": "147290260", "LAN": "Sachsen", "area": 0.06, "centroid": "POINT (4490166.666667 3132733.333333)", "DH_demand": 302.20550119704325, "total_demand_cells": 477.40280914306641, "total_demand_area": 1893.746826171875, "share_DH": 18.349360695349763, "heat_density_DH": 5.0367583532840543, "heat_density": 31.562447102864585, "DH_supplied_households": 12.0, "DH_cells": [ [ 4490550, 3132250 ], [ 4490450, 3132450 ], [ 4489850, 3133050 ], [ 4489850, 3133150 ] ] }, "geometry": { "type": "Polygon", "coordinates": [ [ [ 4489850.0, 3133050.0 ], [ 4489850.0, 3133150.0 ], [ 4490450.0, 3132450.0 ], [ 4490550.0, 3132250.0 ], [ 4489850.0, 3133050.0 ] ] ] } },
{ "type": "Feature", "properties": { "ID": "Markranstädt_147290270_c0", "GEN": "Markranstädt", "ARS": "147290270", "LAN": "Sachsen", "area": 0.165, "centroid": "POINT (4476728.787879 3131388.383838)", "DH_demand": 175.18737254869032, "total_demand_cells": 819.20319366455078, "total_demand_area": 3529.06982421875, "share_DH": 5.7079878230729202, "heat_density_DH": 1.0617416518102445, "heat_density": 21.388301964962125, "DH_supplied_households": 18.0, "DH_cells": [ [ 4476750, 3130950 ], [ 4476550, 3131350 ], [ 4476450, 3131450 ], [ 4476550, 3131450 ], [ 4476650, 3131650 ], [ 4476950, 3131650 ] ] }, "geometry": { "type": "Polygon", "coordinates": [ [ [ 4476550.0, 3131350.0 ], [ 4476450.0, 3131450.0 ], [ 4476550.0, 3131450.0 ], [ 4476650.0, 3131650.0 ], [ 4476950.0, 3131650.0 ], [ 4476750.0, 3130950.0 ], [ 4476550.0, 3131350.0 ] ] ] } },
{ "type": "Feature", "properties": { "ID": "Markranstädt_147290270_c2", "GEN": "Markranstädt", "ARS": "147290270", "LAN": "Sachsen", "area": 0.835, "centroid": "POINT (4476175.149701 3135105.289421)", "DH_demand": 3940.8434557191949, "total_demand_cells": 14029.483672142029, "total_demand_area": 34851.17578125, "share_DH": 13.002062187427995, "heat_density_DH": 4.7195730008613115, "heat_density": 41.737935067365271, "DH_supplied_households": 438.0, "DH_cells": [ [ 4475650, 3134150 ], [ 4475950, 3134150 ], [ 4475550, 3134250 ], [ 4475750, 3134250 ], [ 4475750, 3134350 ], [ 4475950, 3134350 ], [ 4475850, 3134450 ], [ 4475950, 3134450 ], [ 4475850, 3134550 ], [ 4475950, 3134650 ], [ 4476250, 3134650 ], [ 4475950, 3134750 ], [ 4475950, 3134850 ], [ 4476150, 3134850 ], [ 4476350, 3134850 ], [ 4476450, 3134850 ], [ 4476350, 3134950 ], [ 4476450, 3134950 ], [ 4476450, 3135050 ], [ 4476550, 3135050 ], [ 4476350, 3135150 ], [ 4476450, 3135150 ], [ 4476550, 3135150 ], [ 4476850, 3135150 ], [ 4475650, 3135250 ], [ 4475850, 3135250 ], [ 4476250, 3135250 ], [ 4476350, 3135250 ], [ 4476550, 3135250 ], [ 4476650, 3135250 ], [ 4476850, 3135250 ], [ 4475750, 3135350 ], [ 4476150, 3135350 ], [ 4476650, 3135350 ], [ 4476050, 3135450 ], [ 4476150, 3135450 ], [ 4476450, 3135450 ], [ 4476550, 3135450 ], [ 4476650, 3135450 ], [ 4476850, 3135450 ], [ 4477150, 3135450 ], [ 4475850, 3135550 ], [ 4476050, 3135550 ], [ 4476250, 3135550 ], [ 4476550, 3135550 ], [ 4475750, 3135650 ], [ 4475950, 3135650 ], [ 4476150, 3135650 ], [ 4476250, 3135650 ] ] }, "geometry": { "type": "Polygon", "coordinates": [ [ [ 4475550.0, 3134250.0 ], [ 4475750.0, 3134350.0 ], [ 4475850.0, 3134450.0 ], [ 4475850.0, 3134550.0 ], [ 4475950.0, 3134650.0 ], [ 4475950.0, 3134750.0 ], [ 4475950.0, 3134850.0 ], [ 4475650.0, 3135250.0 ], [ 4475750.0, 3135350.0 ], [ 4475750.0, 3135650.0 ], [ 4475950.0, 3135650.0 ], [ 4476050.0, 3135550.0 ], [ 4476150.0, 3135650.0 ], [ 4476250.0, 3135650.0 ], [ 4476250.0, 3135550.0 ], [ 4476450.0, 3135450.0 ], [ 4476550.0, 3135550.0 ], [ 4476650.0, 3135450.0 ], [ 4476850.0, 3135450.0 ], [ 4477150.0, 3135450.0 ], [ 4476850.0, 3135250.0 ], [ 4476850.0, 3135150.0 ], [ 4476650.0, 3135250.0 ], [ 4476550.0, 3135250.0 ], [ 4476550.0, 3135150.0 ], [ 4476550.0, 3135050.0 ], [ 4476450.0, 3135050.0 ], [ 4476450.0, 3134950.0 ], [ 4476450.0, 3134850.0 ], [ 4476350.0, 3134850.0 ], [ 4476250.0, 3134650.0 ], [ 4475950.0, 3134450.0 ], [ 4475950.0, 3134350.0 ], [ 4475950.0, 3134150.0 ], [ 4475750.0, 3134250.0 ], [ 4475650.0, 3134150.0 ], [ 4475550.0, 3134250.0 ] ] ] } },
{ "type": "Feature", "properties": { "ID": "Markranstädt_147290270_c3", "GEN": "Markranstädt", "ARS": "147290270", "LAN": "Sachsen", "area": 0.695, "centroid": "POINT (4472498.441247 3135443.764988)", "DH_demand": 839.83606907893238, "total_demand_cells": 3053.6980400085449, "total_demand_area": 11014.576171875, "share_DH": 8.7673273430994634, "heat_density_DH": 1.2083972216963055, "heat_density": 15.848311038669065, "DH_supplied_households": 71.0, "DH_cells": [ [ 4472150, 3134450 ], [ 4471850, 3134550 ], [ 4471950, 3134550 ], [ 4472150, 3134550 ], [ 4472150, 3134750 ], [ 4472450, 3134750 ], [ 4472550, 3134750 ], [ 4472350, 3134950 ], [ 4472250, 3135150 ], [ 4472450, 3135150 ], [ 4472750, 3135250 ], [ 4472250, 3135350 ], [ 4472350, 3135450 ], [ 4472350, 3135650 ], [ 4472950, 3135750 ], [ 4472350, 3135950 ], [ 4472750, 3135950 ], [ 4472950, 3135950 ], [ 4472750, 3136050 ], [ 4472350, 3136150 ], [ 4473050, 3136150 ] ] }, "geometry": { "type": "Polygon", "coordinates": [ [ [ 4471950.0, 3134550.0 ], [ 4471850.0, 3134550.0 ], [ 4472250.0, 3135150.0 ], [ 4472250.0, 3135350.0 ], [ 4472350.0, 3135450.0 ], [ 4472350.0, 3135650.0 ], [ 4472350.0, 3135950.0 ], [ 4472350.0, 3136150.0 ], [ 4472750.0, 3136050.0 ], [ 4473050.0, 3136150.0 ], [ 4472950.0, 3135950.0 ], [ 4472950.0, 3135750.0 ], [ 4472750.0, 3135250.0 ], [ 4472450.0, 3135150.0 ], [ 4472350.0, 3134950.0 ], [ 4472550.0, 3134750.0 ], [ 4472450.0, 3134750.0 ], [ 4472150.0, 3134750.0 ], [ 4472150.0, 3134550.0 ], [ 4472150.0, 3134450.0 ], [ 4471950.0, 3134550.0 ] ] ] } },
{ "type": "Feature", "properties": { "ID": "Markranstädt_147290270_c4", "GEN": "Markranstädt", "ARS": "147290270", "LAN": "Sachsen", "area": 0.28, "centroid": "POINT (4477378.571429 3138522.02381)", "DH_demand": 523.10132417030616, "total_demand_cells": 2587.5944061279297, "total_demand_area": 6007.994140625, "share_DH": 10.011445993517039, "heat_density_DH": 1.868219014893951, "heat_density": 21.457121930803577, "DH_supplied_households": 39.0, "DH_cells": [ [ 4477550, 3138150 ], [ 4477050, 3138350 ], [ 4477150, 3138350 ], [ 4476950, 3138450 ], [ 4477050, 3138450 ], [ 4477150, 3138450 ], [ 4477450, 3138450 ], [ 4477650, 3138450 ], [ 4477750, 3138450 ], [ 4477850, 3138550 ], [ 4477350, 3138850 ] ] }, "geometry": { "type": "Polygon", "coordinates": [ [ [ 4476950.0, 3138450.0 ], [ 4477350.0, 3138850.0 ], [ 4477850.0, 3138550.0 ], [ 4477750.0, 3138450.0 ], [ 4477650.0, 3138450.0 ], [ 4477450.0, 3138450.0 ], [ 4477550.0, 3138150.0 ], [ 4477150.0, 3138350.0 ], [ 4477050.0, 3138350.0 ], [ 4476950.0, 3138450.0 ] ] ] } },
{ "type": "Feature", "properties": { "ID": "Neukieritzsch_147290320_c0", "GEN": "Neukieritzsch", "ARS": "147290320", "LAN": "Sachsen", "area": 0.21, "centroid": "POINT (4490996.031746 3114014.285714)", "DH_demand": 2601.1519638232271, "total_demand_cells": 5153.6774253845215, "total_demand_area": 7788.61376953125, "share_DH": 38.401310632663943, "heat_density_DH": 12.386437922967747, "heat_density": 37.088636997767857, "DH_supplied_households": 344.0, "DH_cells": [ [ 4490650, 3113450 ], [ 4490650, 3113750 ], [ 4490750, 3113750 ], [ 4490850, 3113750 ], [ 4490650, 3113850 ], [ 4490750, 3113850 ], [ 4490850, 3113850 ], [ 4491150, 3113850 ], [ 4490550, 3113950 ], [ 4490750, 3113950 ], [ 4490850, 3113950 ], [ 4491150, 3113950 ], [ 4490550, 3114050 ], [ 4490650, 3114050 ], [ 4491150, 3114050 ], [ 4491250, 3114050 ], [ 4491350, 3114050 ], [ 4490550, 3114150 ], [ 4491350, 3114150 ], [ 4491450, 3114150 ], [ 4491250, 3114250 ], [ 4491350, 3114250 ], [ 4491150, 3114350 ], [ 4491250, 3114350 ], [ 4491350, 3114350 ], [ 4491250, 3114450 ], [ 4491350, 3114450 ] ] }, "geometry": { "type": "Polygon", "coordinates": [ [ [ 4490650.0, 3113750.0 ], [ 4490650.0, 3113850.0 ], [ 4490550.0, 3113950.0 ], [ 4490550.0, 3114050.0 ], [ 4490550.0, 3114150.0 ], [ 4490650.0, 3114050.0 ], [ 4490750.0, 3113950.0 ], [ 4490850.0, 3113950.0 ], [ 4491150.0, 3114050.0 ], [ 4491150.0, 3114350.0 ], [ 4491250.0, 3114350.0 ], [ 4491250.0, 3114450.0 ], [ 4491350.0, 3114450.0 ], [ 4491350.0, 3114350.0 ], [ 4491350.0, 3114250.0 ], [ 4491450.0, 3114150.0 ], [ 4491350.0, 3114050.0 ], [ 4491250.0, 3114050.0 ], [ 4491150.0, 3113950.0 ], [ 4491150.0, 3113850.0 ], [ 4490850.0, 3113850.0 ], [ 4490850.0, 3113750.0 ], [ 4490750.0, 3113750.0 ], [ 4490650.0, 3113450.0 ], [ 4490650.0, 3113750.0 ] ] ] } },
{ "type": "Feature", "properties": { "ID": "Neukieritzsch_147290320_c1", "GEN": "Neukieritzsch", "ARS": "147290320", "LAN": "Sachsen", "area": 0.22, "centroid": "POINT (4492456.818182 3116590.909091)", "DH_demand": 463.0520736766893, "total_demand_cells": 1668.4973983764648, "total_demand_area": 6145.6015625, "share_DH": 8.6637502254854599, "heat_density_DH": 2.1047821530758606, "heat_density": 27.934552556818183, "DH_supplied_households": 57.0, "DH_cells": [ [ 4492750, 3115950 ], [ 4492850, 3116150 ], [ 4492150, 3116350 ], [ 4492350, 3116450 ], [ 4492550, 3116450 ], [ 4492550, 3116550 ], [ 4492350, 3116950 ], [ 4492250, 3117050 ], [ 4492250, 3117150 ], [ 4492350, 3117250 ] ] }, "geometry": { "type": "Polygon", "coordinates": [ [ [ 4492550.0, 3116450.0 ], [ 4492350.0, 3116450.0 ], [ 4492150.0, 3116350.0 ], [ 4492350.0, 3116950.0 ], [ 4492250.0, 3117050.0 ], [ 4492250.0, 3117150.0 ], [ 4492350.0, 3117250.0 ], [ 4492550.0, 3116550.0 ], [ 4492850.0, 3116150.0 ], [ 4492750.0, 3115950.0 ], [ 4492550.0, 3116450.0 ] ] ] } },
{ "type": "Feature", "properties": { "ID": "Neukieritzsch_147290320_c2", "GEN": "Neukieritzsch", "ARS": "147290320", "LAN": "Sachsen", "area": 0.3, "centroid": "POINT (4489602.777778 3118298.888889)", "DH_demand": 2864.310874079375, "total_demand_cells": 5775.0483112335205, "total_demand_area": 14933.095703125, "share_DH": 22.055189483909999, "heat_density_DH": 9.5477029135979166, "heat_density": 49.776985677083331, "DH_supplied_households": 779.0, "DH_cells": [ [ 4489850, 3117350 ], [ 4489750, 3117550 ], [ 4489850, 3117550 ], [ 4489750, 3117650 ], [ 4489850, 3117650 ], [ 4489750, 3117850 ], [ 4489750, 3117950 ], [ 4489650, 3118050 ], [ 4489650, 3118150 ], [ 4489750, 3118150 ], [ 4489350, 3118250 ], [ 4489350, 3118350 ], [ 4489950, 3118350 ], [ 4489850, 3118450 ], [ 4489250, 3118550 ], [ 4489350, 3118550 ], [ 4489450, 3118550 ], [ 4489250, 3118650 ], [ 4489350, 3118650 ], [ 4489450, 3118650 ], [ 4489550, 3118650 ], [ 4489250, 3118750 ], [ 4489350, 3118750 ], [ 4489450, 3118750 ] ] }, "geometry": { "type": "Polygon", "coordinates": [ [ [ 4489350.0, 3118350.0 ], [ 4489350.0, 3118550.0 ], [ 4489250.0, 3118550.0 ], [ 4489250.0, 3118650.0 ], [ 4489250.0, 3118750.0 ], [ 4489350.0, 3118750.0 ], [ 4489450.0, 3118750.0 ], [ 4489450.0, 3118650.0 ], [ 4489550.0, 3118650.0 ], [ 4489850.0, 3118450.0 ], [ 4489950.0, 3118350.0 ], [ 4489750.0, 3118150.0 ], [ 4489750.0, 3117950.0 ], [ 4489750.0, 3117850.0 ], [ 4489850.0, 3117650.0 ], [ 4489850.0, 3117550.0 ], [ 4489850.0, 3117350.0 ], [ 4489750.0, 3117550.0 ], [ 4489750.0, 3117650.0 ], [ 4489650.0, 3118050.0 ], [ 4489650.0, 3118150.0 ], [ 4489350.0, 3118250.0 ], [ 4489350.0, 3118350.0 ] ] ] } },
{ "type": "Feature", "properties": { "ID": "Regis-Breitingen_147290360_c0", "GEN": "Regis-Breitingen", "ARS": "147290360", "LAN": "Sachsen", "area": 0.265, "centroid": "POINT (4491172.641509 3111266.352201)", "DH_demand": 312.71682988360845, "total_demand_cells": 1770.4227867126465, "total_demand_area": 7544.53173828125, "share_DH": 4.7660594465676072, "heat_density_DH": 1.1800635089947489, "heat_density": 28.469931087853773, "DH_supplied_households": 71.0, "DH_cells": [ [ 4491150, 3110750 ], [ 4491150, 3110850 ], [ 4490850, 3111050 ], [ 4491150, 3111050 ], [ 4491250, 3111050 ], [ 4491450, 3111350 ], [ 4491150, 3111550 ], [ 4491250, 3111550 ], [ 4491150, 3111650 ], [ 4491250, 3111650 ], [ 4491350, 3111750 ] ] }, "geometry": { "type": "Polygon", "coordinates": [ [ [ 4490850.0, 3111050.0 ], [ 4491150.0, 3111550.0 ], [ 4491150.0, 3111650.0 ], [ 4491250.0, 3111650.0 ], [ 4491350.0, 3111750.0 ], [ 4491450.0, 3111350.0 ], [ 4491250.0, 3111050.0 ], [ 4491150.0, 3111050.0 ], [ 4491150.0, 3110850.0 ], [ 4491150.0, 3110750.0 ], [ 4490850.0, 3111050.0 ] ] ] } },
{ "type": "Feature", "properties": { "ID": "Rötha_147290370_c0", "GEN": "Rötha", "ARS": "147290370", "LAN": "Sachsen", "area": 0.09, "centroid": "POINT (4493650 3122868.518519)", "DH_demand": 916.30809512815415, "total_demand_cells": 1400.7943444252014, "total_demand_area": 2759.852783203125, "share_DH": 38.176498846717266, "heat_density_DH": 10.181201056979491, "heat_density": 30.665030924479165, "DH_supplied_households": 279.0, "DH_cells": [ [ 4494250, 3122550 ], [ 4493550, 3122750 ], [ 4494050, 3122750 ], [ 4493450, 3122850 ], [ 4493550, 3122850 ], [ 4493650, 3122850 ], [ 4493350, 3122950 ], [ 4493450, 3122950 ], [ 4493450, 3123050 ], [ 4493250, 3123250 ] ] }, "geometry": { "type": "Polygon", "coordinates": [ [ [ 4493250.0, 3123250.0 ], [ 4493450.0, 3123050.0 ], [ 4493450.0, 3122950.0 ], [ 4494050.0, 3122750.0 ], [ 4494250.0, 3122550.0 ], [ 4493650.0, 3122850.0 ], [ 4493550.0, 3122750.0 ], [ 4493450.0, 3122850.0 ], [ 4493350.0, 3122950.0 ], [ 4493250.0, 3123250.0 ] ] ] } },
{ "type": "Feature", "properties": { "ID": "Rötha_147290370_c1", "GEN": "Rötha", "ARS": "147290370", "LAN": "Sachsen", "area": 0.54, "centroid": "POINT (4489950.308642 3123516.049383)", "DH_demand": 2410.1739693138766, "total_demand_cells": 8380.816722869873, "total_demand_area": 18865.583984375, "share_DH": 14.689892858148513, "heat_density_DH": 4.4632851283590318, "heat_density": 34.936266637731492, "DH_supplied_households": 422.0, "DH_cells": [ [ 4489550, 3123050 ], [ 4490650, 3123050 ], [ 4490750, 3123050 ], [ 4490650, 3123150 ], [ 4489550, 3123250 ], [ 4490650, 3123250 ], [ 4490750, 3123250 ], [ 4489950, 3123350 ], [ 4490050, 3123350 ], [ 4490650, 3123350 ], [ 4489450, 3123450 ], [ 4489950, 3123450 ], [ 4490050, 3123450 ], [ 4490150, 3123450 ], [ 4490250, 3123450 ], [ 4490650, 3123450 ], [ 4490850, 3123450 ], [ 4489450, 3123550 ], [ 4489950, 3123550 ], [ 4490150, 3123550 ], [ 4490450, 3123550 ], [ 4490750, 3123550 ], [ 4489450, 3123650 ], [ 4490350, 3123650 ], [ 4489250, 3123750 ], [ 4489450, 3123750 ], [ 4489550, 3123750 ], [ 4489650, 3123750 ], [ 4489750, 3123750 ], [ 4489450, 3123850 ], [ 4489550, 3123850 ], [ 4489650, 3123850 ], [ 4489750, 3123850 ], [ 4489850, 3123850 ], [ 4489950, 3123850 ], [ 4489550, 3123950 ], [ 4489650, 3123950 ], [ 4489750, 3123950 ], [ 4489850, 3123950 ], [ 4489950, 3123950 ] ] }, "geometry": { "type": "Polygon", "coordinates": [ [ [ 4489550.0, 3123250.0 ], [ 4489450.0, 3123450.0 ], [ 4489450.0, 3123550.0 ], [ 4489450.0, 3123650.0 ], [ 4489250.0, 3123750.0 ], [ 4489450.0, 3123750.0 ], [ 4489450.0, 3123850.0 ], [ 4489550.0, 3123850.0 ], [ 4489550.0, 3123950.0 ], [ 4489650.0, 3123950.0 ], [ 4489750.0, 3123950.0 ], [ 4489850.0, 3123950.0 ], [ 4489950.0, 3123950.0 ], [ 4489950.0, 3123850.0 ], [ 4489950.0, 3123550.0 ], [ 4489950.0, 3123450.0 ], [ 4490050.0, 3123450.0 ], [ 4490150.0, 3123550.0 ], [ 4490250.0, 3123450.0 ], [ 4490350.0, 3123650.0 ], [ 4490450.0, 3123550.0 ], [ 4490750.0, 3123550.0 ], [ 4490850.0, 3123450.0 ], [ 4490650.0, 3123450.0 ], [ 4490650.0, 3123350.0 ], [ 4490650.0, 3123250.0 ], [ 4490750.0, 3123250.0 ], [ 4490750.0, 3123050.0 ], [ 4490650.0, 3123050.0 ], [ 4490650.0, 3123150.0 ], [ 4490150.0, 3123450.0 ], [ 4490050.0, 3123350.0 ], [ 4489950.0, 3123350.0 ], [ 4489550.0, 3123050.0 ], [ 4489550.0, 3123250.0 ] ] ] } },
{ "type": "Feature", "properties": { "ID": "Trebsen/Mulde_147290400_c0", "GEN": "Trebsen/Mulde", "ARS": "147290400", "LAN": "Sachsen", "area": 0.45, "centroid": "POINT (4513929.259259 3134250)", "DH_demand": 635.81782123073378, "total_demand_cells": 1337.0577926635742, "total_demand_area": 4057.0654296875, "share_DH": 18.020265059031981, "heat_density_DH": 1.4129284916238529, "heat_density": 9.0157009548611118, "DH_supplied_households": 70.0, "DH_cells": [ [ 4513850, 3133550 ], [ 4513750, 3134050 ], [ 4513750, 3134150 ], [ 4514250, 3134250 ], [ 4514250, 3134350 ], [ 4514350, 3134350 ], [ 4513350, 3134450 ], [ 4513450, 3134450 ], [ 4514250, 3134450 ], [ 4514150, 3134650 ], [ 4514250, 3134650 ], [ 4514250, 3134750 ] ] }, "geometry": { "type": "Polygon", "coordinates": [ [ [ 4513750.0, 3134050.0 ], [ 4513750.0, 3134150.0 ], [ 4513350.0, 3134450.0 ], [ 4513450.0, 3134450.0 ], [ 4514150.0, 3134650.0 ], [ 4514250.0, 3134750.0 ], [ 4514250.0, 3134650.0 ], [ 4514250.0, 3134450.0 ], [ 4514350.0, 3134350.0 ], [ 4514250.0, 3134250.0 ], [ 4513850.0, 3133550.0 ], [ 4513750.0, 3134050.0 ] ] ] } },
{ "type": "Feature", "properties": { "ID": "Wurzen_147290410_c2", "GEN": "Wurzen", "ARS": "147290410", "LAN": "Sachsen", "area": 1.315, "centroid": "POINT (4511824.397972 3143817.173638)", "DH_demand": 13076.403170887857, "total_demand_cells": 31814.377512931824, "total_demand_area": 65837.984375, "share_DH": 22.837694847437625, "heat_density_DH": 9.9440328295725156, "heat_density": 50.066908269961978, "DH_supplied_households": 2154.0, "DH_cells": [ [ 4513850, 3142950 ], [ 4511450, 3143050 ], [ 4512350, 3143050 ], [ 4513750, 3143050 ], [ 4511150, 3143150 ], [ 4511350, 3143150 ], [ 4511750, 3143150 ], [ 4513150, 3143150 ], [ 4511350, 3143250 ], [ 4511650, 3143250 ], [ 4513250, 3143250 ], [ 4513450, 3143250 ], [ 4511250, 3143350 ], [ 4511350, 3143350 ], [ 4511450, 3143350 ], [ 4511950, 3143350 ], [ 4512050, 3143350 ], [ 4512150, 3143350 ], [ 4511450, 3143450 ], [ 4511550, 3143450 ], [ 4511750, 3143450 ], [ 4511950, 3143450 ], [ 4512150, 3143450 ], [ 4512750, 3143450 ], [ 4511450, 3143550 ], [ 4511550, 3143550 ], [ 4511750, 3143550 ], [ 4512050, 3143550 ], [ 4512350, 3143550 ], [ 4511250, 3143650 ], [ 4511450, 3143650 ], [ 4512050, 3143650 ], [ 4512150, 3143650 ], [ 4512250, 3143650 ], [ 4511750, 3143750 ], [ 4512250, 3143750 ], [ 4511950, 3143850 ], [ 4512050, 3143850 ], [ 4512250, 3143850 ], [ 4511950, 3143950 ], [ 4512050, 3143950 ], [ 4512150, 3143950 ], [ 4511850, 3144050 ], [ 4511950, 3144050 ], [ 4512050, 3144050 ], [ 4511350, 3144150 ], [ 4511450, 3144150 ], [ 4511650, 3144150 ], [ 4511750, 3144150 ], [ 4511850, 3144150 ], [ 4511950, 3144150 ], [ 4511350, 3144250 ], [ 4511450, 3144250 ], [ 4511550, 3144250 ], [ 4511650, 3144250 ], [ 4510850, 3144350 ], [ 4511550, 3144350 ], [ 4511650, 3144350 ], [ 4511750, 3144350 ], [ 4511850, 3144350 ], [ 4511950, 3144350 ], [ 4512050, 3144350 ], [ 4510750, 3144450 ], [ 4510850, 3144450 ], [ 4511650, 3144450 ], [ 4511750, 3144450 ], [ 4511850, 3144450 ], [ 4511950, 3144450 ], [ 4512050, 3144450 ], [ 4512150, 3144450 ], [ 4511750, 3144550 ], [ 4511850, 3144550 ], [ 4511950, 3144550 ], [ 4510850, 3144650 ], [ 4510950, 3144650 ], [ 4511450, 3144650 ], [ 4512450, 3144650 ], [ 4510350, 3144950 ] ] }, "geometry": { "type": "MultiPolygon", "coordinates": [ [ [ [ 4513450.0, 3143250.0 ], [ 4513750.0, 3143050.0 ], [ 4513850.0, 3142950.0 ], [ 4513150.0, 3143150.0 ], [ 4512750.0, 3143450.0 ], [ 4513250.0, 3143250.0 ], [ 4513450.0, 3143250.0 ] ] ], [ [ [ 4511450.0, 3143650.0 ], [ 4511450.0, 3143550.0 ], [ 4511550.0, 3143550.0 ], [ 4511750.0, 3143550.0 ], [ 4511750.0, 3143750.0 ], [ 4511950.0, 3143850.0 ], [ 4511950.0, 3143950.0 ], [ 4511850.0, 3144050.0 ], [ 4511850.0, 3144150.0 ], [ 4511750.0, 3144150.0 ], [ 4511650.0, 3144150.0 ], [ 4511650.0, 3144250.0 ], [ 4511550.0, 3144250.0 ], [ 4511450.0, 3144250.0 ], [ 4511450.0, 3144150.0 ], [ 4511350.0, 3144150.0 ], [ 4511350.0, 3144250.0 ], [ 4510850.0, 3144350.0 ], [ 4510850.0, 3144450.0 ], [ 4510750.0, 3144450.0 ], [ 4510350.0, 3144950.0 ], [ 4510850.0, 3144650.0 ], [ 4510950.0, 3144650.0 ], [ 4511450.0, 3144650.0 ], [ 4511650.0, 3144450.0 ], [ 4511750.0, 3144450.0 ], [ 4511750.0, 3144550.0 ], [ 4511850.0, 3144550.0 ], [ 4511950.0, 3144550.0 ], [ 4511950.0, 3144450.0 ], [ 4512050.0, 3144450.0 ], [ 4512150.0, 3144450.0 ], [ 4512450.0, 3144650.0 ], [ 4512050.0, 3144350.0 ], [ 4511950.0, 3144350.0 ], [ 4511950.0, 3144150.0 ], [ 4511950.0, 3144050.0 ], [ 4512050.0, 3144050.0 ], [ 4512050.0, 3143950.0 ], [ 4512150.0, 3143950.0 ], [ 4512250.0, 3143850.0 ], [ 4512250.0, 3143750.0 ], [ 4512250.0, 3143650.0 ], [ 4512750.0, 3143450.0 ], [ 4512350.0, 3143050.0 ], [ 4512150.0, 3143350.0 ], [ 4512050.0, 3143350.0 ], [ 4511950.0, 3143350.0 ], [ 4511750.0, 3143150.0 ], [ 4511650.0, 3143250.0 ], [ 4511450.0, 3143050.0 ], [ 4511350.0, 3143150.0 ], [ 4511150.0, 3143150.0 ], [ 4511250.0, 3143350.0 ], [ 4511250.0, 3143650.0 ], [ 4511450.0, 3143650.0 ] ] ] ] } },
{ "type": "Feature", "properties": { "ID": "Zwenkau_147290430_c1", "GEN": "Zwenkau", "ARS": "147290430", "LAN": "Sachsen", "area": 0.635, "centroid": "POINT (4483824.015748 3126133.2021)", "DH_demand": 2369.0330661583744, "total_demand_cells": 7737.0729637145996, "total_demand_area": 24786.8515625, "share_DH": 10.989811578973637, "heat_density_DH": 3.7307607341076761, "heat_density": 39.034411909448821, "DH_supplied_households": 211.0, "DH_cells": [ [ 4483350, 3125150 ], [ 4483350, 3125250 ], [ 4483950, 3125250 ], [ 4483850, 3125350 ], [ 4483350, 3125450 ], [ 4483450, 3125450 ], [ 4484050, 3125450 ], [ 4483550, 3125550 ], [ 4483650, 3125550 ], [ 4483650, 3125750 ], [ 4484050, 3125750 ], [ 4483550, 3125850 ], [ 4484050, 3125850 ], [ 4484150, 3125850 ], [ 4483550, 3125950 ], [ 4483750, 3125950 ], [ 4483550, 3126050 ], [ 4483650, 3126050 ], [ 4483950, 3126050 ], [ 4484050, 3126050 ], [ 4483550, 3126150 ], [ 4483750, 3126150 ], [ 4483850, 3126250 ], [ 4484050, 3126450 ], [ 4483750, 3126650 ], [ 4483950, 3126750 ], [ 4484050, 3126750 ], [ 4483950, 3126850 ], [ 4483750, 3126950 ], [ 4483950, 3126950 ], [ 4483750, 3127050 ], [ 4484050, 3127050 ], [ 4483750, 3127150 ], [ 4483750, 3127350 ] ] }, "geometry": { "type": "Polygon", "coordinates": [ [ [ 4483850.0, 3125350.0 ], [ 4483650.0, 3125550.0 ], [ 4483550.0, 3125550.0 ], [ 4483450.0, 3125450.0 ], [ 4483350.0, 3125150.0 ], [ 4483350.0, 3125250.0 ], [ 4483350.0, 3125450.0 ], [ 4483650.0, 3125750.0 ], [ 4483550.0, 3125850.0 ], [ 4483550.0, 3125950.0 ], [ 4483550.0, 3126050.0 ], [ 4483550.0, 3126150.0 ], [ 4483750.0, 3126150.0 ], [ 4483750.0, 3126650.0 ], [ 4483750.0, 3126950.0 ], [ 4483750.0, 3127050.0 ], [ 4483750.0, 3127150.0 ], [ 4483750.0, 3127350.0 ], [ 4484050.0, 3127050.0 ], [ 4483950.0, 3126950.0 ], [ 4483950.0, 3126850.0 ], [ 4483950.0, 3126750.0 ], [ 4484050.0, 3126750.0 ], [ 4484050.0, 3126450.0 ], [ 4483850.0, 3126250.0 ], [ 4483950.0, 3126050.0 ], [ 4484050.0, 3126050.0 ], [ 4484150.0, 3125850.0 ], [ 4484050.0, 3125850.0 ], [ 4484050.0, 3125750.0 ], [ 4484050.0, 3125450.0 ], [ 4483950.0, 3125250.0 ], [ 4483850.0, 3125350.0 ] ] ] } },
{ "type": "Feature", "properties": { "ID": "Bad Lausick_147295301_c0", "GEN": "Bad Lausick", "ARS": "147295301", "LAN": "Sachsen", "area": 0.75, "centroid": "POINT (4506363.777778 3118132)", "DH_demand": 2601.1318805426608, "total_demand_cells": 7238.3050537109375, "total_demand_area": 20746.708984375, "share_DH": 14.416294541682337, "heat_density_DH": 3.4681758407235477, "heat_density": 27.662278645833332, "DH_supplied_households": 403.0, "DH_cells": [ [ 4506350, 3117250 ], [ 4506150, 3117550 ], [ 4506050, 3117650 ], [ 4505450, 3117850 ], [ 4505550, 3117850 ], [ 4506250, 3117850 ], [ 4505950, 3117950 ], [ 4506550, 3117950 ], [ 4505850, 3118050 ], [ 4505950, 3118050 ], [ 4506150, 3118050 ], [ 4506550, 3118050 ], [ 4506650, 3118050 ], [ 4506850, 3118050 ], [ 4507150, 3118050 ], [ 4506750, 3118150 ], [ 4506850, 3118150 ], [ 4505750, 3118250 ], [ 4505850, 3118250 ], [ 4506950, 3118250 ], [ 4507050, 3118250 ], [ 4505550, 3118350 ], [ 4506050, 3118350 ], [ 4506950, 3118350 ], [ 4507050, 3118350 ], [ 4505450, 3118450 ], [ 4506150, 3118450 ], [ 4506950, 3118450 ], [ 4507050, 3118450 ], [ 4506550, 3118550 ], [ 4507050, 3118550 ], [ 4507150, 3118550 ] ] }, "geometry": { "type": "Polygon", "coordinates": [ [ [ 4506150.0, 3117550.0 ], [ 4506050.0, 3117650.0 ], [ 4505950.0, 3117950.0 ], [ 4505550.0, 3117850.0 ], [ 4505450.0, 3117850.0 ], [ 4505850.0, 3118050.0 ], [ 4505750.0, 3118250.0 ], [ 4505550.0, 3118350.0 ], [ 4505450.0, 3118450.0 ], [ 4505850.0, 3118250.0 ], [ 4506050.0, 3118350.0 ], [ 4506150.0, 3118450.0 ], [ 4506550.0, 3118550.0 ], [ 4506950.0, 3118450.0 ], [ 4507050.0, 3118450.0 ], [ 4507050.0, 3118550.0 ], [ 4507150.0, 3118550.0 ], [ 4507050.0, 3118350.0 ], [ 4507050.0, 3118250.0 ], [ 4507150.0, 3118050.0 ], [ 4506850.0, 3118050.0 ], [ 4506850.0, 3118150.0 ], [ 4506750.0, 3118150.0 ], [ 4506650.0, 3118050.0 ], [ 4506550.0, 3118050.0 ], [ 4506550.0, 3117950.0 ], [ 4506250.0, 3117850.0 ], [ 4506350.0, 3117250.0 ], [ 4506150.0, 3117550.0 ] ] ] } },
{ "type": "Feature", "properties": { "ID": "Bad Lausick_147295301_c1", "GEN": "Bad Lausick", "ARS": "147295301", "LAN": "Sachsen", "area": 0.105, "centroid": "POINT (4503200.793651 3124491.269841)", "DH_demand": 241.40256067344217, "total_demand_cells": 933.16548156738281, "total_demand_area": 3422.50830078125, "share_DH": 8.1103174297310225, "heat_density_DH": 2.2990720064137351, "heat_density": 32.595317150297618, "DH_supplied_households": 21.0, "DH_cells": [ [ 4503250, 3124250 ], [ 4503350, 3124250 ], [ 4503050, 3124350 ], [ 4503150, 3124350 ], [ 4503050, 3124450 ], [ 4503350, 3124450 ], [ 4503150, 3124850 ] ] }, "geometry": { "type": "Polygon", "coordinates": [ [ [ 4503150.0, 3124350.0 ], [ 4503050.0, 3124350.0 ], [ 4503050.0, 3124450.0 ], [ 4503150.0, 3124850.0 ], [ 4503350.0, 3124450.0 ], [ 4503350.0, 3124250.0 ], [ 4503250.0, 3124250.0 ], [ 4503150.0, 3124350.0 ] ] ] } },
{ "type": "Feature", "properties": { "ID": "Naunhof_147295307_c2", "GEN": "Naunhof", "ARS": "147295307", "LAN": "Sachsen", "area": 0.145, "centroid": "POINT (4497895.977011 3130453.448276)", "DH_demand": 445.7742131690859, "total_demand_cells": 1357.5538864135742, "total_demand_area": 3050.447998046875, "share_DH": 16.803192634491179, "heat_density_DH": 3.0743049184074889, "heat_density": 21.037572400323278, "DH_supplied_households": 36.0, "DH_cells": [ [ 4498250, 3130250 ], [ 4497850, 3130350 ], [ 4498250, 3130350 ], [ 4498550, 3130350 ], [ 4498650, 3130350 ], [ 4497550, 3130450 ], [ 4497650, 3130450 ], [ 4497650, 3130650 ], [ 4497550, 3130750 ], [ 4497650, 3130750 ] ] }, "geometry": { "type": "Polygon", "coordinates": [ [ [ 4497550.0, 3130450.0 ], [ 4497550.0, 3130750.0 ], [ 4497650.0, 3130750.0 ], [ 4497650.0, 3130650.0 ], [ 4498250.0, 3130350.0 ], [ 4498550.0, 3130350.0 ], [ 4498250.0, 3130250.0 ], [ 4497850.0, 3130350.0 ], [ 4497650.0, 3130450.0 ], [ 4497550.0, 3130450.0 ] ] ] } },
{ "type": "Feature", "properties": { "ID": "Naunhof_147295307_c3", "GEN": "Naunhof", "ARS": "147295307", "LAN": "Sachsen", "area": 0.705, "centroid": "POINT (4501798.93617 3132932.269504)", "DH_demand": 907.49325611355448, "total_demand_cells": 3941.1722755432129, "total_demand_area": 20058.55078125, "share_DH": 5.202167649182301, "heat_density_DH": 1.2872244767568148, "heat_density": 28.451845079787233, "DH_supplied_households": 79.0, "DH_cells": [ [ 4501950, 3132150 ], [ 4501850, 3132250 ], [ 4501350, 3132550 ], [ 4501850, 3132550 ], [ 4501750, 3132650 ], [ 4502050, 3132650 ], [ 4502850, 3132650 ], [ 4501050, 3132750 ], [ 4502350, 3132750 ], [ 4502650, 3132750 ], [ 4501450, 3132850 ], [ 4501550, 3133050 ], [ 4501950, 3133050 ], [ 4502050, 3133050 ], [ 4502250, 3133250 ], [ 4501650, 3133350 ], [ 4501350, 3133450 ], [ 4501450, 3133450 ], [ 4501650, 3133450 ], [ 4501350, 3133650 ], [ 4501550, 3133650 ], [ 4501250, 3133750 ] ] }, "geometry": { "type": "Polygon", "coordinates": [ [ [ 4501850.0, 3132250.0 ], [ 4501750.0, 3132650.0 ], [ 4501350.0, 3132550.0 ], [ 4501050.0, 3132750.0 ], [ 4501450.0, 3132850.0 ], [ 4501550.0, 3133050.0 ], [ 4501450.0, 3133450.0 ], [ 4501350.0, 3133450.0 ], [ 4501250.0, 3133750.0 ], [ 4501550.0, 3133650.0 ], [ 4501650.0, 3133450.0 ], [ 4501650.0, 3133350.0 ], [ 4501950.0, 3133050.0 ], [ 4502050.0, 3133050.0 ], [ 4502250.0, 3133250.0 ], [ 4502350.0, 3132750.0 ], [ 4502650.0, 3132750.0 ], [ 4502850.0, 3132650.0 ], [ 4502050.0, 3132650.0 ], [ 4501850.0, 3132550.0 ], [ 4501950.0, 3132150.0 ], [ 4501850.0, 3132250.0 ] ] ] } },
{ "type": "Feature", "properties": { "ID": "Naunhof_147295307_c4", "GEN": "Naunhof", "ARS": "147295307", "LAN": "Sachsen", "area": 0.135, "centroid": "POINT (4505078.395062 3132880.864198)", "DH_demand": 237.56301396045754, "total_demand_cells": 655.88756561279297, "total_demand_area": 2193.8291015625, "share_DH": 12.451352358375535, "heat_density_DH": 1.759726029336723, "heat_density": 16.250585937500002, "DH_supplied_households": 15.0, "DH_cells": [ [ 4505050, 3132550 ], [ 4505250, 3132750 ], [ 4505150, 3133050 ], [ 4505250, 3133050 ], [ 4504850, 3133150 ] ] }, "geometry": { "type": "Polygon", "coordinates": [ [ [ 4504850.0, 3133150.0 ], [ 4505150.0, 3133050.0 ], [ 4505250.0, 3133050.0 ], [ 4505250.0, 3132750.0 ], [ 4505050.0, 3132550.0 ], [ 4504850.0, 3133150.0 ] ] ] } },
{ "type": "Feature", "properties": { "ID": "Naunhof_147295307_c5", "GEN": "Naunhof", "ARS": "147295307", "LAN": "Sachsen", "area": 0.1, "centroid": "POINT (4505178.333333 3134780)", "DH_demand": 333.89452314386682, "total_demand_cells": 1231.8160934448242, "total_demand_area": 3919.55078125, "share_DH": 9.7952041039282545, "heat_density_DH": 3.3389452314386685, "heat_density": 39.195507812500004, "DH_supplied_households": 48.0, "DH_cells": [ [ 4505050, 3134650 ], [ 4505550, 3134650 ], [ 4505350, 3134750 ], [ 4505650, 3134750 ], [ 4504850, 3134850 ], [ 4505150, 3134850 ], [ 4504850, 3134950 ] ] }, "geometry": { "type": "Polygon", "coordinates": [ [ [ 4504850.0, 3134850.0 ], [ 4504850.0, 3134950.0 ], [ 4505150.0, 3134850.0 ], [ 4505650.0, 3134750.0 ], [ 4505550.0, 3134650.0 ], [ 4505350.0, 3134750.0 ], [ 4505050.0, 3134650.0 ], [ 4504850.0, 3134850.0 ] ] ] } },
{ "type": "Feature", "properties": { "ID": "Naunhof_147295307_c6", "GEN": "Naunhof", "ARS": "147295307", "LAN": "Sachsen", "area": 0.145, "centroid": "POINT (4499969.54023 3135645.402299)", "DH_demand": 265.91388843416252, "total_demand_cells": 726.64304780960083, "total_demand_area": 2295.75537109375, "share_DH": 13.318517988748837, "heat_density_DH": 1.833888885752845, "heat_density": 15.832795662715517, "DH_supplied_households": 21.0, "DH_cells": [ [ 4500150, 3135250 ], [ 4500050, 3135450 ], [ 4499650, 3135650 ], [ 4499850, 3135750 ], [ 4499950, 3135750 ], [ 4499750, 3135850 ], [ 4500150, 3135950 ] ] }, "geometry": { "type": "Polygon", "coordinates": [ [ [ 4500050.0, 3135450.0 ], [ 4499650.0, 3135650.0 ], [ 4499750.0, 3135850.0 ], [ 4499850.0, 3135750.0 ], [ 4499950.0, 3135750.0 ], [ 4500150.0, 3135950.0 ], [ 4500150.0, 3135250.0 ], [ 4500050.0, 3135450.0 ] ] ] } },
{ "type": "Feature", "properties": { "ID": "Pegau_147295308_c1", "GEN": "Pegau", "ARS": "147295308", "LAN": "Sachsen", "area": 0.845, "centroid": "POINT (4478641.321499 3119857.692308)", "DH_demand": 942.78448240104944, "total_demand_cells": 4816.1337480545044, "total_demand_area": 20679.861328125, "share_DH": 5.2420999039346645, "heat_density_DH": 1.1157212809479875, "heat_density": 24.473208672337279, "DH_supplied_households": 141.0, "DH_cells": [ [ 4477750, 3119250 ], [ 4477850, 3119250 ], [ 4478150, 3119250 ], [ 4478950, 3119550 ], [ 4479250, 3119550 ], [ 4477850, 3119650 ], [ 4477950, 3119650 ], [ 4478050, 3119650 ], [ 4478950, 3119650 ], [ 4479050, 3119650 ], [ 4479250, 3119650 ], [ 4477850, 3119750 ], [ 4477950, 3119750 ], [ 4478050, 3119750 ], [ 4478550, 3119750 ], [ 4478950, 3119750 ], [ 4478050, 3119850 ], [ 4479550, 3119850 ], [ 4479050, 3120250 ], [ 4478550, 3120350 ] ] }, "geometry": { "type": "Polygon", "coordinates": [ [ [ 4477850.0, 3119250.0 ], [ 4477750.0, 3119250.0 ], [ 4477850.0, 3119650.0 ], [ 4477850.0, 3119750.0 ], [ 4477950.0, 3119750.0 ], [ 4478050.0, 3119750.0 ], [ 4478050.0, 3119850.0 ], [ 4478550.0, 3120350.0 ], [ 4479050.0, 3120250.0 ], [ 4479550.0, 3119850.0 ], [ 4479250.0, 3119650.0 ], [ 4479250.0, 3119550.0 ], [ 4479050.0, 3119650.0 ], [ 4478950.0, 3119650.0 ], [ 4478950.0, 3119550.0 ], [ 4478550.0, 3119750.0 ], [ 4478050.0, 3119650.0 ], [ 4478150.0, 3119250.0 ], [ 4477850.0, 3119250.0 ] ] ] } },
{ "type": "Feature", "properties": { "ID": "Bad Düben_147300020_c1", "GEN": "Bad Düben", "ARS": "147300020", "LAN": "Sachsen", "area": 0.51, "centroid": "POINT (4500090.196078 3168198.366013)", "DH_demand": 6708.0032716615324, "total_demand_cells": 12870.604215621948, "total_demand_area": 23232.986328125, "share_DH": 33.199284104419121, "heat_density_DH": 13.1529475914932, "heat_density": 45.554875153186273, "DH_supplied_households": 969.0, "DH_cells": [ [ 4500050, 3167450 ], [ 4500150, 3167450 ], [ 4500150, 3167550 ], [ 4500350, 3167650 ], [ 4500450, 3167650 ], [ 4499950, 3167850 ], [ 4499850, 3167950 ], [ 4499950, 3167950 ], [ 4500050, 3167950 ], [ 4499750, 3168150 ], [ 4500050, 3168150 ], [ 4500350, 3168150 ], [ 4500950, 3168150 ], [ 4500150, 3168250 ], [ 4500250, 3168250 ], [ 4500350, 3168250 ], [ 4500750, 3168250 ], [ 4500850, 3168250 ], [ 4501050, 3168250 ], [ 4500150, 3168350 ], [ 4500250, 3168350 ], [ 4500750, 3168350 ], [ 4500850, 3168350 ], [ 4499550, 3168450 ], [ 4499950, 3168450 ], [ 4500150, 3168450 ], [ 4500250, 3168450 ], [ 4500350, 3168450 ], [ 4500450, 3168450 ], [ 4500550, 3168450 ], [ 4500650, 3168450 ], [ 4500150, 3168550 ], [ 4500450, 3168550 ], [ 4500550, 3168550 ], [ 4500750, 3168550 ], [ 4500650, 3168650 ], [ 4500750, 3168650 ], [ 4499550, 3168750 ] ] }, "geometry": { "type": "Polygon", "coordinates": [ [ [ 4499950.0, 3167850.0 ], [ 4499950.0, 3167950.0 ], [ 4499850.0, 3167950.0 ], [ 4499750.0, 3168150.0 ], [ 4499550.0, 3168450.0 ], [ 4499550.0, 3168750.0 ], [ 4499950.0, 3168450.0 ], [ 4500150.0, 3168550.0 ], [ 4500150.0, 3168450.0 ], [ 4500250.0, 3168450.0 ], [ 4500350.0, 3168450.0 ], [ 4500450.0, 3168550.0 ], [ 4500550.0, 3168550.0 ], [ 4500650.0, 3168650.0 ], [ 4500750.0, 3168650.0 ], [ 4500750.0, 3168550.0 ], [ 4500650.0, 3168450.0 ], [ 4500750.0, 3168350.0 ], [ 4500850.0, 3168350.0 ], [ 4500850.0, 3168250.0 ], [ 4501050.0, 3168250.0 ], [ 4500950.0, 3168150.0 ], [ 4500750.0, 3168250.0 ], [ 4500550.0, 3168450.0 ], [ 4500450.0, 3168450.0 ], [ 4500250.0, 3168350.0 ], [ 4500350.0, 3168250.0 ], [ 4500350.0, 3168150.0 ], [ 4500250.0, 3168250.0 ], [ 4500150.0, 3168250.0 ], [ 4500050.0, 3168150.0 ], [ 4500050.0, 3167950.0 ], [ 4500450.0, 3167650.0 ], [ 4500350.0, 3167650.0 ], [ 4500150.0, 3167550.0 ], [ 4500150.0, 3167450.0 ], [ 4500050.0, 3167450.0 ], [ 4499950.0, 3167850.0 ] ] ] } },
{ "type": "Feature", "properties": { "ID": "Belgern-Schildau_147300045_c0", "GEN": "Belgern-Schildau", "ARS": "147300045", "LAN": "Sachsen", "area": 0.04, "centroid": "POINT (4527550 3152916.666667)", "DH_demand": 174.93092280715544, "total_demand_cells": 442.24323272705078, "total_demand_area": 1088.475341796875, "share_DH": 18.479426207469277, "heat_density_DH": 4.373273070178886, "heat_density": 27.211883544921875, "DH_supplied_households": 9.0, "DH_cells": [ [ 4527350, 3152850 ], [ 4527750, 3152850 ], [ 4527550, 3153050 ] ] }, "geometry": { "type": "Polygon", "coordinates": [ [ [ 4527350.0, 3152850.0 ], [ 4527550.0, 3153050.0 ], [ 4527750.0, 3152850.0 ], [ 4527350.0, 3152850.0 ] ] ] } },
{ "type": "Feature", "properties": { "ID": "Belgern-Schildau_147300045_c3", "GEN": "Belgern-Schildau", "ARS": "147300045", "LAN": "Sachsen", "area": 0.04, "centroid": "POINT (4538050 3157200)", "DH_demand": 197.87862626047007, "total_demand_cells": 1090.8819427490234, "total_demand_area": 2895.780517578125, "share_DH": 7.8573072269661051, "heat_density_DH": 4.9469656565117521, "heat_density": 72.394512939453122, "DH_supplied_households": 17.0, "DH_cells": [ [ 4538150, 3157050 ], [ 4537950, 3157150 ], [ 4537950, 3157250 ], [ 4538150, 3157250 ], [ 4537950, 3157350 ] ] }, "geometry": { "type": "Polygon", "coordinates": [ [ [ 4537950.0, 3157150.0 ], [ 4537950.0, 3157250.0 ], [ 4537950.0, 3157350.0 ], [ 4538150.0, 3157250.0 ], [ 4538150.0, 3157050.0 ], [ 4537950.0, 3157150.0 ] ] ] } },
{ "type": "Feature", "properties": { "ID": "Cavertitz_147300050_c0", "GEN": "Cavertitz", "ARS": "147300050", "LAN": "Sachsen", "area": 0.015, "centroid": "POINT (4538583.333333 3148094.444444)", "DH_demand": 233.87780724120569, "total_demand_cells": 329.61118316650391, "total_demand_area": 382.89260864257812, "share_DH": 70.234827569356767, "heat_density_DH": 15.591853816080379, "heat_density": 25.526173909505207, "DH_supplied_households": 31.0, "DH_cells": [ [ 4538550, 3148050 ], [ 4538650, 3148050 ], [ 4538750, 3148050 ], [ 4538450, 3148150 ], [ 4538550, 3148150 ] ] }, "geometry": { "type": "Polygon", "coordinates": [ [ [ 4538450.0, 3148150.0 ], [ 4538550.0, 3148150.0 ], [ 4538750.0, 3148050.0 ], [ 4538650.0, 3148050.0 ], [ 4538550.0, 3148050.0 ], [ 4538450.0, 3148150.0 ] ] ] } },
{ "type": "Feature", "properties": { "ID": "Dahlen_147300060_c0", "GEN": "Dahlen", "ARS": "147300060", "LAN": "Sachsen", "area": 0.285, "centroid": "POINT (4529483.333333 3143507.309942)", "DH_demand": 420.92211511048112, "total_demand_cells": 1509.5824432373047, "total_demand_area": 9824.8642578125, "share_DH": 4.9262412355627943, "heat_density_DH": 1.476919702142039, "heat_density": 34.473207922149122, "DH_supplied_households": 59.0, "DH_cells": [ [ 4529450, 3142850 ], [ 4529650, 3143350 ], [ 4529550, 3143550 ], [ 4529250, 3143650 ], [ 4529550, 3143750 ], [ 4529750, 3143750 ], [ 4529150, 3143950 ], [ 4530250, 3143950 ] ] }, "geometry": { "type": "Polygon", "coordinates": [ [ [ 4529250.0, 3143650.0 ], [ 4529150.0, 3143950.0 ], [ 4529550.0, 3143750.0 ], [ 4529750.0, 3143750.0 ], [ 4530250.0, 3143950.0 ], [ 4529550.0, 3143550.0 ], [ 4529650.0, 3143350.0 ], [ 4529450.0, 3142850.0 ], [ 4529250.0, 3143650.0 ] ] ] } },
{ "type": "Feature", "properties": { "ID": "Delitzsch_147300070_c0", "GEN": "Delitzsch", "ARS": "147300070", "LAN": "Sachsen", "area": 0.09, "centroid": "POINT (4485138.888889 3156740.740741)", "DH_demand": 364.42655498080626, "total_demand_cells": 1210.1615600585938, "total_demand_area": 3211.808837890625, "share_DH": 13.046704221365738, "heat_density_DH": 4.0491839442311806, "heat_density": 35.686764865451387, "DH_supplied_households": 33.0, "DH_cells": [ [ 4485150, 3156250 ], [ 4485250, 3156750 ], [ 4485050, 3156850 ], [ 4485050, 3156950 ], [ 4485150, 3156950 ], [ 4485050, 3157050 ], [ 4485150, 3157050 ], [ 4485150, 3157150 ] ] }, "geometry": { "type": "Polygon", "coordinates": [ [ [ 4485050.0, 3156850.0 ], [ 4485050.0, 3156950.0 ], [ 4485050.0, 3157050.0 ], [ 4485150.0, 3157150.0 ], [ 4485150.0, 3157050.0 ], [ 4485150.0, 3156950.0 ], [ 4485250.0, 3156750.0 ], [ 4485150.0, 3156250.0 ], [ 4485050.0, 3156850.0 ] ] ] } },
{ "type": "Feature", "properties": { "ID": "Delitzsch_147300070_c1", "GEN": "Delitzsch", "ARS": "147300070", "LAN": "Sachsen", "area": 5.02, "centroid": "POINT (4482917.231076 3160268.559097)", "DH_demand": 26324.390816916657, "total_demand_cells": 47258.842632293701, "total_demand_area": 123693.640625, "share_DH": 24.470984820652049, "heat_density_DH": 5.2439025531706491, "heat_density": 24.640167455179284, "DH_supplied_households": 3860.0, "DH_cells": [ [ 4481750, 3158850 ], [ 4483050, 3158950 ], [ 4481350, 3159050 ], [ 4481450, 3159050 ], [ 4483150, 3159150 ], [ 4481950, 3159350 ], [ 4482750, 3159350 ], [ 4482850, 3159350 ], [ 4483450, 3159350 ], [ 4481950, 3159450 ], [ 4482550, 3159450 ], [ 4482650, 3159450 ], [ 4482750, 3159450 ], [ 4482950, 3159450 ], [ 4483050, 3159450 ], [ 4483150, 3159450 ], [ 4483450, 3159450 ], [ 4483650, 3159450 ], [ 4483750, 3159450 ], [ 4484150, 3159450 ], [ 4482750, 3159550 ], [ 4483150, 3159550 ], [ 4483350, 3159550 ], [ 4483450, 3159550 ], [ 4483550, 3159550 ], [ 4484050, 3159550 ], [ 4484150, 3159550 ], [ 4484350, 3159550 ], [ 4482350, 3159650 ], [ 4482950, 3159650 ], [ 4484250, 3159650 ], [ 4484350, 3159650 ], [ 4482850, 3159750 ], [ 4483450, 3159750 ], [ 4484250, 3159750 ], [ 4484350, 3159750 ], [ 4483150, 3159850 ], [ 4484350, 3159850 ], [ 4483150, 3159950 ], [ 4483250, 3159950 ], [ 4483350, 3159950 ], [ 4484350, 3159950 ], [ 4483450, 3160050 ], [ 4483550, 3160050 ], [ 4484250, 3160050 ], [ 4484350, 3160050 ], [ 4484450, 3160050 ], [ 4484550, 3160050 ], [ 4483050, 3160150 ], [ 4483350, 3160150 ], [ 4484250, 3160150 ], [ 4484350, 3160150 ], [ 4484450, 3160150 ], [ 4484550, 3160150 ], [ 4481450, 3160250 ], [ 4484250, 3160250 ], [ 4484350, 3160250 ], [ 4481250, 3160350 ], [ 4482850, 3160350 ], [ 4482950, 3160350 ], [ 4483150, 3160350 ], [ 4483250, 3160350 ], [ 4483750, 3160350 ], [ 4484150, 3160350 ], [ 4484250, 3160350 ], [ 4484350, 3160350 ], [ 4481450, 3160450 ], [ 4482650, 3160450 ], [ 4482850, 3160450 ], [ 4482950, 3160450 ], [ 4483050, 3160450 ], [ 4484350, 3160450 ], [ 4482450, 3160550 ], [ 4482650, 3160550 ], [ 4482750, 3160550 ], [ 4482850, 3160550 ], [ 4482950, 3160550 ], [ 4483050, 3160550 ], [ 4481350, 3160650 ], [ 4482050, 3160650 ], [ 4482250, 3160650 ], [ 4482650, 3160650 ], [ 4482750, 3160650 ], [ 4482850, 3160650 ], [ 4482950, 3160650 ], [ 4483050, 3160650 ], [ 4481850, 3160750 ], [ 4481950, 3160750 ], [ 4482050, 3160750 ], [ 4482150, 3160750 ], [ 4482250, 3160750 ], [ 4482650, 3160750 ], [ 4482750, 3160750 ], [ 4482850, 3160750 ], [ 4484150, 3160750 ], [ 4481950, 3160850 ], [ 4482050, 3160850 ], [ 4482150, 3160850 ], [ 4482250, 3160850 ], [ 4482350, 3160850 ], [ 4482650, 3160850 ], [ 4482750, 3160850 ], [ 4482850, 3160850 ], [ 4482950, 3160850 ], [ 4481950, 3160950 ], [ 4482050, 3160950 ], [ 4482150, 3160950 ], [ 4482250, 3160950 ], [ 4482350, 3160950 ], [ 4482450, 3160950 ], [ 4482550, 3160950 ], [ 4482650, 3160950 ], [ 4482750, 3160950 ], [ 4482950, 3160950 ], [ 4482150, 3161050 ], [ 4482250, 3161050 ], [ 4482350, 3161050 ], [ 4482450, 3161050 ], [ 4482550, 3161050 ], [ 4482650, 3161050 ], [ 4482750, 3161050 ], [ 4484150, 3161050 ], [ 4484350, 3161050 ], [ 4481550, 3161150 ], [ 4481550, 3161250 ], [ 4484350, 3161250 ], [ 4484650, 3161250 ], [ 4483550, 3161350 ], [ 4483750, 3161350 ], [ 4483850, 3161350 ], [ 4483750, 3161450 ], [ 4483850, 3161450 ], [ 4481250, 3161550 ], [ 4481250, 3161750 ] ] }, "geometry": { "type": "Polygon", "coordinates": [ [ [ 4481950.0, 3159350.0 ], [ 4481950.0, 3159450.0 ], [ 4481450.0, 3160250.0 ], [ 4481250.0, 3160350.0 ], [ 4481450.0, 3160450.0 ], [ 4481350.0, 3160650.0 ], [ 4481550.0, 3161150.0 ], [ 4481550.0, 3161250.0 ], [ 4481250.0, 3161550.0 ], [ 4481250.0, 3161750.0 ], [ 4481950.0, 3160950.0 ], [ 4482050.0, 3160950.0 ], [ 4482150.0, 3160950.0 ], [ 4482150.0, 3161050.0 ], [ 4482250.0, 3161050.0 ], [ 4482350.0, 3161050.0 ], [ 4482450.0, 3161050.0 ], [ 4482550.0, 3161050.0 ], [ 4482650.0, 3161050.0 ], [ 4482750.0, 3161050.0 ], [ 4482750.0, 3160950.0 ], [ 4482750.0, 3160850.0 ], [ 4482850.0, 3160850.0 ], [ 4482950.0, 3160850.0 ], [ 4482950.0, 3160950.0 ], [ 4483550.0, 3161350.0 ], [ 4483750.0, 3161350.0 ], [ 4483750.0, 3161450.0 ], [ 4483850.0, 3161450.0 ], [ 4483850.0, 3161350.0 ], [ 4484150.0, 3161050.0 ], [ 4484350.0, 3161050.0 ], [ 4484350.0, 3161250.0 ], [ 4484650.0, 3161250.0 ], [ 4484150.0, 3160750.0 ], [ 4484350.0, 3160450.0 ], [ 4484350.0, 3160350.0 ], [ 4484350.0, 3160250.0 ], [ 4484350.0, 3160150.0 ], [ 4484450.0, 3160150.0 ], [ 4484550.0, 3160150.0 ], [ 4484550.0, 3160050.0 ], [ 4484450.0, 3160050.0 ], [ 4484350.0, 3160050.0 ], [ 4484350.0, 3159950.0 ], [ 4484350.0, 3159850.0 ], [ 4484350.0, 3159750.0 ], [ 4484350.0, 3159650.0 ], [ 4484350.0, 3159550.0 ], [ 4484150.0, 3159550.0 ], [ 4484150.0, 3159450.0 ], [ 4483750.0, 3159450.0 ], [ 4483650.0, 3159450.0 ], [ 4483550.0, 3159550.0 ], [ 4483450.0, 3159550.0 ], [ 4483450.0, 3159450.0 ], [ 4483450.0, 3159350.0 ], [ 4483150.0, 3159150.0 ], [ 4483050.0, 3158950.0 ], [ 4482850.0, 3159350.0 ], [ 4482750.0, 3159350.0 ], [ 4482750.0, 3159450.0 ], [ 4482650.0, 3159450.0 ], [ 4482550.0, 3159450.0 ], [ 4482350.0, 3159650.0 ], [ 4481750.0, 3158850.0 ], [ 4481450.0, 3159050.0 ], [ 4481350.0, 3159050.0 ], [ 4481950.0, 3159350.0 ] ] ] } },
{ "type": "Feature", "properties": { "ID": "Eilenburg_147300110_c0", "GEN": "Eilenburg", "ARS": "147300110", "LAN": "Sachsen", "area": 1.34, "centroid": "POINT (4503519.154229 3153053.358209)", "DH_demand": 2993.5081809074391, "total_demand_cells": 11163.723625183105, "total_demand_area": 44090.13671875, "share_DH": 7.8069157713100692, "heat_density_DH": 2.2339613290354028, "heat_density": 32.903087103544784, "DH_supplied_households": 217.0, "DH_cells": [ [ 4503250, 3152150 ], [ 4503350, 3152150 ], [ 4502550, 3152450 ], [ 4502650, 3152450 ], [ 4502850, 3152450 ], [ 4504150, 3152450 ], [ 4502550, 3152550 ], [ 4502650, 3152550 ], [ 4503150, 3152550 ], [ 4504250, 3152550 ], [ 4502650, 3152650 ], [ 4502750, 3152650 ], [ 4502950, 3152750 ], [ 4503650, 3152750 ], [ 4503750, 3152750 ], [ 4502850, 3152850 ], [ 4503350, 3152850 ], [ 4504150, 3152850 ], [ 4503250, 3152950 ], [ 4503450, 3152950 ], [ 4504050, 3152950 ], [ 4504350, 3152950 ], [ 4502950, 3153050 ], [ 4503050, 3153050 ], [ 4503250, 3153050 ], [ 4504050, 3153050 ], [ 4502650, 3153250 ], [ 4502750, 3153250 ], [ 4503050, 3153250 ], [ 4503550, 3153250 ], [ 4503850, 3153250 ], [ 4504150, 3153250 ], [ 4502550, 3153350 ], [ 4503650, 3153350 ], [ 4504250, 3153450 ], [ 4504350, 3153450 ], [ 4503150, 3153550 ], [ 4503550, 3153550 ], [ 4503850, 3153550 ], [ 4503850, 3153650 ], [ 4503850, 3153850 ] ] }, "geometry": { "type": "Polygon", "coordinates": [ [ [ 4503150.0, 3152550.0 ], [ 4502850.0, 3152450.0 ], [ 4502650.0, 3152450.0 ], [ 4502550.0, 3152450.0 ], [ 4502550.0, 3152550.0 ], [ 4502650.0, 3152550.0 ], [ 4502650.0, 3152650.0 ], [ 4502750.0, 3152650.0 ], [ 4502950.0, 3152750.0 ], [ 4502850.0, 3152850.0 ], [ 4502950.0, 3153050.0 ], [ 4502650.0, 3153250.0 ], [ 4502550.0, 3153350.0 ], [ 4502750.0, 3153250.0 ], [ 4503050.0, 3153250.0 ], [ 4503150.0, 3153550.0 ], [ 4503550.0, 3153550.0 ], [ 4503850.0, 3153850.0 ], [ 4504250.0, 3153450.0 ], [ 4504350.0, 3153450.0 ], [ 4504150.0, 3153250.0 ], [ 4504050.0, 3153050.0 ], [ 4504050.0, 3152950.0 ], [ 4504350.0, 3152950.0 ], [ 4504150.0, 3152850.0 ], [ 4504250.0, 3152550.0 ], [ 4504150.0, 3152450.0 ], [ 4503750.0, 3152750.0 ], [ 4503650.0, 3152750.0 ], [ 4503450.0, 3152950.0 ], [ 4503350.0, 3152850.0 ], [ 4503350.0, 3152150.0 ], [ 4503250.0, 3152150.0 ], [ 4503150.0, 3152550.0 ] ] ] } },
{ "type": "Feature", "properties": { "ID": "Eilenburg_147300110_c1", "GEN": "Eilenburg", "ARS": "147300110", "LAN": "Sachsen", "area": 1.0, "centroid": "POINT (4506025.333333 3154342.166667)", "DH_demand": 6204.7218297319105, "total_demand_cells": 12652.9417552948, "total_demand_area": 27700.248046875, "share_DH": 25.756043379621158, "heat_density_DH": 6.2047218297319109, "heat_density": 27.700248046875, "DH_supplied_households": 1235.0, "DH_cells": [ [ 4505050, 3153350 ], [ 4505750, 3153650 ], [ 4505050, 3153750 ], [ 4505750, 3153750 ], [ 4505850, 3153750 ], [ 4506050, 3153750 ], [ 4505650, 3153850 ], [ 4506250, 3153850 ], [ 4505150, 3153950 ], [ 4505250, 3153950 ], [ 4506150, 3153950 ], [ 4506350, 3153950 ], [ 4505150, 3154050 ], [ 4505350, 3154050 ], [ 4505450, 3154050 ], [ 4505550, 3154050 ], [ 4505650, 3154050 ], [ 4505150, 3154150 ], [ 4505250, 3154150 ], [ 4505450, 3154150 ], [ 4505550, 3154150 ], [ 4505650, 3154150 ], [ 4506050, 3154150 ], [ 4506250, 3154150 ], [ 4506350, 3154150 ], [ 4505650, 3154250 ], [ 4505750, 3154250 ], [ 4505850, 3154250 ], [ 4505950, 3154250 ], [ 4506250, 3154250 ], [ 4506350, 3154250 ], [ 4506650, 3154250 ], [ 4505650, 3154350 ], [ 4505750, 3154350 ], [ 4506150, 3154350 ], [ 4506250, 3154350 ], [ 4506350, 3154350 ], [ 4505550, 3154450 ], [ 4505650, 3154450 ], [ 4505750, 3154450 ], [ 4505850, 3154450 ], [ 4506050, 3154450 ], [ 4506250, 3154450 ], [ 4505750, 3154550 ], [ 4505950, 3154550 ], [ 4506050, 3154550 ], [ 4505950, 3154650 ], [ 4506050, 3154650 ], [ 4506550, 3154650 ], [ 4505950, 3154750 ], [ 4506150, 3154850 ], [ 4506150, 3154950 ], [ 4506550, 3154950 ], [ 4506050, 3155150 ], [ 4506650, 3155150 ] ] }, "geometry": { "type": "Polygon", "coordinates": [ [ [ 4505850.0, 3153750.0 ], [ 4505750.0, 3153650.0 ], [ 4505750.0, 3153750.0 ], [ 4505650.0, 3153850.0 ], [ 4505650.0, 3154050.0 ], [ 4505550.0, 3154050.0 ], [ 4505450.0, 3154050.0 ], [ 4505350.0, 3154050.0 ], [ 4505250.0, 3153950.0 ], [ 4505050.0, 3153350.0 ], [ 4505050.0, 3153750.0 ], [ 4505150.0, 3153950.0 ], [ 4505150.0, 3154050.0 ], [ 4505150.0, 3154150.0 ], [ 4505250.0, 3154150.0 ], [ 4505450.0, 3154150.0 ], [ 4505550.0, 3154150.0 ], [ 4505650.0, 3154150.0 ], [ 4505650.0, 3154250.0 ], [ 4505650.0, 3154350.0 ], [ 4505550.0, 3154450.0 ], [ 4505650.0, 3154450.0 ], [ 4505750.0, 3154450.0 ], [ 4505750.0, 3154550.0 ], [ 4505950.0, 3154550.0 ], [ 4505950.0, 3154650.0 ], [ 4505950.0, 3154750.0 ], [ 4506050.0, 3155150.0 ], [ 4506150.0, 3154950.0 ], [ 4506650.0, 3155150.0 ], [ 4506550.0, 3154950.0 ], [ 4506550.0, 3154650.0 ], [ 4506650.0, 3154250.0 ], [ 4506350.0, 3154250.0 ], [ 4506350.0, 3154150.0 ], [ 4506350.0, 3153950.0 ], [ 4506250.0, 3153850.0 ], [ 4506150.0, 3153950.0 ], [ 4506050.0, 3153750.0 ], [ 4505850.0, 3153750.0 ] ] ] } },
{ "type": "Feature", "properties": { "ID": "Laußig_147300160_c0", "GEN": "Laußig", "ARS": "147300160", "LAN": "Sachsen", "area": 0.155, "centroid": "POINT (4503356.451613 3162841.397849)", "DH_demand": 1306.8688374450469, "total_demand_cells": 2029.0551910400391, "total_demand_area": 5494.474609375, "share_DH": 27.349306693004632, "heat_density_DH": 8.431411854484173, "heat_density": 35.448223286290322, "DH_supplied_households": 336.0, "DH_cells": [ [ 4503150, 3162650 ], [ 4503550, 3162650 ], [ 4503750, 3162650 ], [ 4503150, 3162950 ], [ 4503250, 3162950 ], [ 4503350, 3162950 ], [ 4503250, 3163050 ], [ 4503450, 3163050 ], [ 4503250, 3163150 ], [ 4503350, 3163150 ], [ 4503250, 3163250 ] ] }, "geometry": { "type": "Polygon", "coordinates": [ [ [ 4503550.0, 3162650.0 ], [ 4503150.0, 3162650.0 ], [ 4503150.0, 3162950.0 ], [ 4503250.0, 3162950.0 ], [ 4503250.0, 3163050.0 ], [ 4503250.0, 3163150.0 ], [ 4503250.0, 3163250.0 ], [ 4503350.0, 3163150.0 ], [ 4503450.0, 3163050.0 ], [ 4503350.0, 3162950.0 ], [ 4503750.0, 3162650.0 ], [ 4503550.0, 3162650.0 ] ] ] } },
{ "type": "Feature", "properties": { "ID": "Löbnitz_147300180_c0", "GEN": "Löbnitz", "ARS": "147300180", "LAN": "Sachsen", "area": 0.03, "centroid": "POINT (4492011.111111 3167277.777778)", "DH_demand": 571.23638044231348, "total_demand_cells": 748.56575393676758, "total_demand_area": 1194.7723388671875, "share_DH": 54.975753339023548, "heat_density_DH": 19.04121268141045, "heat_density": 39.82574462890625, "DH_supplied_households": 95.0, "DH_cells": [ [ 4492050, 3166950 ], [ 4491950, 3167350 ], [ 4492050, 3167350 ], [ 4491950, 3167450 ], [ 4492050, 3167450 ] ] }, "geometry": { "type": "Polygon", "coordinates": [ [ [ 4491950.0, 3167350.0 ], [ 4491950.0, 3167450.0 ], [ 4492050.0, 3167450.0 ], [ 4492050.0, 3167350.0 ], [ 4492050.0, 3166950.0 ], [ 4491950.0, 3167350.0 ] ] ] } },
{ "type": "Feature", "properties": { "ID": "Mockrehna_147300190_c1", "GEN": "Mockrehna", "ARS": "147300190", "LAN": "Sachsen", "area": 0.25, "centroid": "POINT (4516474 3158870)", "DH_demand": 524.1417483267079, "total_demand_cells": 1037.5573310852051, "total_demand_area": 5072.26123046875, "share_DH": 11.881947539514945, "heat_density_DH": 2.0965669933068316, "heat_density": 20.289044921875, "DH_supplied_households": 198.0, "DH_cells": [ [ 4516750, 3158350 ], [ 4516450, 3158650 ], [ 4516050, 3158850 ], [ 4516150, 3158850 ], [ 4516050, 3158950 ], [ 4516150, 3158950 ], [ 4516350, 3158950 ], [ 4516650, 3158950 ], [ 4516450, 3159450 ] ] }, "geometry": { "type": "Polygon", "coordinates": [ [ [ 4516450.0, 3158650.0 ], [ 4516150.0, 3158850.0 ], [ 4516050.0, 3158850.0 ], [ 4516050.0, 3158950.0 ], [ 4516150.0, 3158950.0 ], [ 4516350.0, 3158950.0 ], [ 4516450.0, 3159450.0 ], [ 4516650.0, 3158950.0 ], [ 4516750.0, 3158350.0 ], [ 4516450.0, 3158650.0 ] ] ] } },
{ "type": "Feature", "properties": { "ID": "Mügeln_147300200_c0", "GEN": "Mügeln", "ARS": "147300200", "LAN": "Sachsen", "area": 0.15, "centroid": "POINT (4534174.444444 3129465.555556)", "DH_demand": 176.0384581357244, "total_demand_cells": 1013.5082244873047, "total_demand_area": 6700.3486328125, "share_DH": 3.0209994451439259, "heat_density_DH": 1.1735897209048294, "heat_density": 44.668990885416669, "DH_supplied_households": 16.0, "DH_cells": [ [ 4534050, 3129250 ], [ 4534550, 3129450 ], [ 4533850, 3129550 ], [ 4534250, 3129650 ] ] }, "geometry": { "type": "Polygon", "coordinates": [ [ [ 4533850.0, 3129550.0 ], [ 4534250.0, 3129650.0 ], [ 4534550.0, 3129450.0 ], [ 4534050.0, 3129250.0 ], [ 4533850.0, 3129550.0 ] ] ] } },
{ "type": "Feature", "properties": { "ID": "Oschatz_147300230_c0", "GEN": "Oschatz", "ARS": "147300230", "LAN": "Sachsen", "area": 0.01, "centroid": "POINT (4536283.333333 3134650)", "DH_demand": 212.18361883487268, "total_demand_cells": 497.65138244628906, "total_demand_area": 1097.80029296875, "share_DH": 22.224346510256343, "heat_density_DH": 21.218361883487269, "heat_density": 109.780029296875, "DH_supplied_households": 9.0, "DH_cells": [ [ 4536050, 3134550 ], [ 4536350, 3134650 ], [ 4536450, 3134750 ] ] }, "geometry": { "type": "Polygon", "coordinates": [ [ [ 4536050.0, 3134550.0 ], [ 4536450.0, 3134750.0 ], [ 4536350.0, 3134650.0 ], [ 4536050.0, 3134550.0 ] ] ] } },
{ "type": "Feature", "properties": { "ID": "Oschatz_147300230_c1", "GEN": "Oschatz", "ARS": "147300230", "LAN": "Sachsen", "area": 1.705, "centroid": "POINT (4537535.239492 3136211.583578)", "DH_demand": 5690.3513890889017, "total_demand_cells": 16006.595554351807, "total_demand_area": 49360.984375, "share_DH": 13.255489305232324, "heat_density_DH": 3.3374494950668048, "heat_density": 28.95072397360704, "DH_supplied_households": 994.0, "DH_cells": [ [ 4537550, 3135250 ], [ 4537750, 3135250 ], [ 4537650, 3135350 ], [ 4537050, 3135450 ], [ 4538250, 3135650 ], [ 4538250, 3135750 ], [ 4538350, 3135850 ], [ 4537250, 3135950 ], [ 4538250, 3135950 ], [ 4538350, 3135950 ], [ 4538450, 3136150 ], [ 4537450, 3136250 ], [ 4537750, 3136250 ], [ 4537850, 3136250 ], [ 4536950, 3136350 ], [ 4537050, 3136350 ], [ 4537450, 3136350 ], [ 4537750, 3136350 ], [ 4538050, 3136350 ], [ 4536850, 3136450 ], [ 4536950, 3136450 ], [ 4537050, 3136450 ], [ 4537250, 3136450 ], [ 4537550, 3136450 ], [ 4537850, 3136450 ], [ 4537250, 3136550 ], [ 4537550, 3136550 ], [ 4537750, 3136550 ], [ 4537950, 3136550 ], [ 4536850, 3136650 ], [ 4536950, 3136650 ], [ 4537050, 3136650 ], [ 4537250, 3136650 ], [ 4538050, 3136750 ], [ 4537250, 3136850 ], [ 4538350, 3136850 ], [ 4537150, 3136950 ], [ 4537250, 3136950 ], [ 4537150, 3137050 ], [ 4536950, 3137150 ], [ 4537050, 3137150 ], [ 4537150, 3137150 ], [ 4537350, 3137250 ], [ 4536750, 3137350 ], [ 4536850, 3137350 ], [ 4536950, 3137350 ], [ 4536750, 3137450 ], [ 4536850, 3137450 ], [ 4536950, 3137450 ], [ 4536750, 3137550 ], [ 4536850, 3137550 ], [ 4536950, 3137750 ], [ 4537150, 3137750 ], [ 4536650, 3137950 ] ] }, "geometry": { "type": "Polygon", "coordinates": [ [ [ 4536850.0, 3136650.0 ], [ 4536950.0, 3136650.0 ], [ 4536950.0, 3137150.0 ], [ 4536850.0, 3137350.0 ], [ 4536750.0, 3137350.0 ], [ 4536750.0, 3137450.0 ], [ 4536750.0, 3137550.0 ], [ 4536650.0, 3137950.0 ], [ 4536950.0, 3137750.0 ], [ 4537150.0, 3137750.0 ], [ 4536850.0, 3137550.0 ], [ 4536850.0, 3137450.0 ], [ 4536950.0, 3137450.0 ], [ 4536950.0, 3137350.0 ], [ 4537350.0, 3137250.0 ], [ 4537150.0, 3137150.0 ], [ 4537150.0, 3137050.0 ], [ 4537150.0, 3136950.0 ], [ 4537250.0, 3136950.0 ], [ 4537250.0, 3136850.0 ], [ 4537250.0, 3136650.0 ], [ 4537250.0, 3136550.0 ], [ 4537550.0, 3136550.0 ], [ 4537750.0, 3136550.0 ], [ 4538050.0, 3136750.0 ], [ 4538350.0, 3136850.0 ], [ 4537950.0, 3136550.0 ], [ 4537850.0, 3136450.0 ], [ 4538050.0, 3136350.0 ], [ 4538450.0, 3136150.0 ], [ 4538350.0, 3135950.0 ], [ 4538350.0, 3135850.0 ], [ 4538250.0, 3135750.0 ], [ 4538250.0, 3135650.0 ], [ 4537750.0, 3135250.0 ], [ 4537650.0, 3135350.0 ], [ 4537550.0, 3135250.0 ], [ 4537050.0, 3135450.0 ], [ 4537250.0, 3135950.0 ], [ 4537050.0, 3136350.0 ], [ 4536950.0, 3136350.0 ], [ 4536950.0, 3136450.0 ], [ 4536850.0, 3136450.0 ], [ 4536850.0, 3136650.0 ] ] ] } },
{ "type": "Feature", "properties": { "ID": "Oschatz_147300230_c2", "GEN": "Oschatz", "ARS": "147300230", "LAN": "Sachsen", "area": 0.055, "centroid": "POINT (4534319.69697 3135901.515152)", "DH_demand": 572.77180644089992, "total_demand_cells": 1735.399169921875, "total_demand_area": 3002.3876953125, "share_DH": 21.935894613051911, "heat_density_DH": 10.414032844379999, "heat_density": 54.5888671875, "DH_supplied_households": 32.0, "DH_cells": [ [ 4534050, 3135850 ], [ 4534650, 3135850 ], [ 4534750, 3135850 ], [ 4534850, 3135850 ], [ 4534250, 3135950 ], [ 4534150, 3136050 ] ] }, "geometry": { "type": "Polygon", "coordinates": [ [ [ 4534750.0, 3135850.0 ], [ 4534650.0, 3135850.0 ], [ 4534050.0, 3135850.0 ], [ 4534150.0, 3136050.0 ], [ 4534250.0, 3135950.0 ], [ 4534850.0, 3135850.0 ], [ 4534750.0, 3135850.0 ] ] ] } },
{ "type": "Feature", "properties": { "ID": "Rackwitz_147300250_c0", "GEN": "Rackwitz", "ARS": "147300250", "LAN": "Sachsen", "area": 0.06, "centroid": "POINT (4485594.444444 3149638.888889)", "DH_demand": 567.21499279848467, "total_demand_cells": 1221.9507112503052, "total_demand_area": 1905.4647216796875, "share_DH": 34.228453637805416, "heat_density_DH": 9.453583213308077, "heat_density": 31.757745361328126, "DH_supplied_households": 231.0, "DH_cells": [ [ 4485450, 3149550 ], [ 4485550, 3149550 ], [ 4485650, 3149550 ], [ 4485350, 3149650 ], [ 4485450, 3149650 ], [ 4485550, 3149650 ], [ 4485650, 3149650 ], [ 4486050, 3149650 ], [ 4485350, 3149750 ], [ 4485450, 3149750 ], [ 4485550, 3149750 ] ] }, "geometry": { "type": "Polygon", "coordinates": [ [ [ 4485450.0, 3149650.0 ], [ 4485350.0, 3149650.0 ], [ 4485350.0, 3149750.0 ], [ 4485450.0, 3149750.0 ], [ 4485550.0, 3149750.0 ], [ 4485550.0, 3149650.0 ], [ 4485650.0, 3149650.0 ], [ 4486050.0, 3149650.0 ], [ 4485650.0, 3149550.0 ], [ 4485550.0, 3149550.0 ], [ 4485450.0, 3149550.0 ], [ 4485450.0, 3149650.0 ] ] ] } },
{ "type": "Feature", "properties": { "ID": "Rackwitz_147300250_c1", "GEN": "Rackwitz", "ARS": "147300250", "LAN": "Sachsen", "area": 0.015, "centroid": "POINT (4485816.666667 3150516.666667)", "DH_demand": 249.93068682442811, "total_demand_cells": 1154.429931640625, "total_demand_area": 1956.3385009765625, "share_DH": 14.689806348302184, "heat_density_DH": 16.662045788295206, "heat_density": 130.42256673177084, "DH_supplied_households": 21.0, "DH_cells": [ [ 4485850, 3150350 ], [ 4485750, 3150550 ], [ 4485850, 3150550 ], [ 4485850, 3150650 ] ] }, "geometry": { "type": "Polygon", "coordinates": [ [ [ 4485750.0, 3150550.0 ], [ 4485850.0, 3150650.0 ], [ 4485850.0, 3150550.0 ], [ 4485850.0, 3150350.0 ], [ 4485750.0, 3150550.0 ] ] ] } },
{ "type": "Feature", "properties": { "ID": "Rackwitz_147300250_c4", "GEN": "Rackwitz", "ARS": "147300250", "LAN": "Sachsen", "area": 0.165, "centroid": "POINT (4484814.646465 3154807.575758)", "DH_demand": 452.41440594100152, "total_demand_cells": 1098.3238830566406, "total_demand_area": 5696.97412109375, "share_DH": 9.1313012070766941, "heat_density_DH": 2.7419054905515248, "heat_density": 34.52711588541667, "DH_supplied_households": 58.0, "DH_cells": [ [ 4485150, 3154150 ], [ 4484950, 3154550 ], [ 4484850, 3154650 ], [ 4484950, 3154950 ], [ 4484450, 3155050 ], [ 4484450, 3155150 ] ] }, "geometry": { "type": "Polygon", "coordinates": [ [ [ 4484950.0, 3154550.0 ], [ 4484850.0, 3154650.0 ], [ 4484450.0, 3155050.0 ], [ 4484450.0, 3155150.0 ], [ 4484950.0, 3154950.0 ], [ 4485150.0, 3154150.0 ], [ 4484950.0, 3154550.0 ] ] ] } },
{ "type": "Feature", "properties": { "ID": "Schkeuditz_147300270_c0", "GEN": "Schkeuditz", "ARS": "147300270", "LAN": "Sachsen", "area": 0.195, "centroid": "POINT (4475340.598291 3140360.25641)", "DH_demand": 195.61847696856742, "total_demand_cells": 830.64965343475342, "total_demand_area": 4525.6083984375, "share_DH": 4.9701945816936135, "heat_density_DH": 1.0031716767618843, "heat_density": 23.208248197115388, "DH_supplied_households": 50.0, "DH_cells": [ [ 4475550, 3140150 ], [ 4475850, 3140150 ], [ 4475950, 3140150 ], [ 4475550, 3140250 ], [ 4474850, 3140350 ], [ 4475250, 3140350 ], [ 4475650, 3140450 ], [ 4474850, 3140650 ], [ 4474950, 3140650 ] ] }, "geometry": { "type": "Polygon", "coordinates": [ [ [ 4475550.0, 3140250.0 ], [ 4474850.0, 3140350.0 ], [ 4474850.0, 3140650.0 ], [ 4474950.0, 3140650.0 ], [ 4475250.0, 3140350.0 ], [ 4475650.0, 3140450.0 ], [ 4475950.0, 3140150.0 ], [ 4475850.0, 3140150.0 ], [ 4475550.0, 3140150.0 ], [ 4475550.0, 3140250.0 ] ] ] } },
{ "type": "Feature", "properties": { "ID": "Schkeuditz_147300270_c1", "GEN": "Schkeuditz", "ARS": "147300270", "LAN": "Sachsen", "area": 0.91, "centroid": "POINT (4477529.85348 3144869.230769)", "DH_demand": 591.82941022589125, "total_demand_cells": 2957.3912719488144, "total_demand_area": 15757.1123046875, "share_DH": 4.3187732496471103, "heat_density_DH": 0.65036198925922128, "heat_density": 17.315508027129123, "DH_supplied_households": 93.0, "DH_cells": [ [ 4477950, 3143950 ], [ 4477650, 3144250 ], [ 4477150, 3144450 ], [ 4477850, 3144450 ], [ 4477050, 3144550 ], [ 4477850, 3144550 ], [ 4477950, 3144550 ], [ 4477950, 3144650 ], [ 4477850, 3144750 ], [ 4477950, 3144850 ], [ 4478250, 3144850 ], [ 4478350, 3144850 ], [ 4477850, 3144950 ], [ 4478250, 3144950 ], [ 4477150, 3145150 ], [ 4477450, 3145250 ], [ 4477250, 3145450 ], [ 4477350, 3145550 ], [ 4477550, 3145550 ], [ 4477650, 3145750 ], [ 4477350, 3145850 ], [ 4477450, 3145850 ], [ 4477450, 3145950 ], [ 4477350, 3146050 ] ] }, "geometry": { "type": "Polygon", "coordinates": [ [ [ 4477050.0, 3144550.0 ], [ 4477150.0, 3145150.0 ], [ 4477250.0, 3145450.0 ], [ 4477350.0, 3145550.0 ], [ 4477350.0, 3145850.0 ], [ 4477350.0, 3146050.0 ], [ 4477450.0, 3145950.0 ], [ 4477450.0, 3145850.0 ], [ 4477650.0, 3145750.0 ], [ 4477550.0, 3145550.0 ], [ 4477450.0, 3145250.0 ], [ 4477850.0, 3144950.0 ], [ 4477950.0, 3144850.0 ], [ 4478250.0, 3144950.0 ], [ 4478350.0, 3144850.0 ], [ 4478250.0, 3144850.0 ], [ 4477950.0, 3144650.0 ], [ 4477950.0, 3144550.0 ], [ 4477850.0, 3144550.0 ], [ 4477850.0, 3144450.0 ], [ 4477950.0, 3143950.0 ], [ 4477650.0, 3144250.0 ], [ 4477150.0, 3144450.0 ], [ 4477050.0, 3144550.0 ] ] ] } },
{ "type": "Feature", "properties": { "ID": "Schkeuditz_147300270_c2", "GEN": "Schkeuditz", "ARS": "147300270", "LAN": "Sachsen", "area": 0.82, "centroid": "POINT (4475091.056911 3145204.065041)", "DH_demand": 8513.1342538415702, "total_demand_cells": 16250.822533607483, "total_demand_area": 33063.703125, "share_DH": 29.605914426197057, "heat_density_DH": 10.381871041270207, "heat_density": 40.321589176829271, "DH_supplied_households": 1884.0, "DH_cells": [ [ 4475450, 3144550 ], [ 4475450, 3144750 ], [ 4473950, 3144850 ], [ 4474050, 3144850 ], [ 4474150, 3144850 ], [ 4474250, 3144850 ], [ 4474550, 3144850 ], [ 4474650, 3144850 ], [ 4475450, 3144850 ], [ 4475550, 3144850 ], [ 4474050, 3144950 ], [ 4474150, 3144950 ], [ 4475050, 3144950 ], [ 4475450, 3144950 ], [ 4473550, 3145050 ], [ 4474050, 3145050 ], [ 4474150, 3145050 ], [ 4474650, 3145050 ], [ 4475050, 3145050 ], [ 4474750, 3145150 ], [ 4474850, 3145150 ], [ 4474950, 3145150 ], [ 4475050, 3145150 ], [ 4475150, 3145150 ], [ 4475250, 3145150 ], [ 4475550, 3145150 ], [ 4474650, 3145250 ], [ 4474750, 3145250 ], [ 4474850, 3145250 ], [ 4474950, 3145250 ], [ 4475050, 3145250 ], [ 4475150, 3145250 ], [ 4475250, 3145250 ], [ 4475650, 3145250 ], [ 4474650, 3145350 ], [ 4474750, 3145350 ], [ 4474850, 3145350 ], [ 4474950, 3145350 ], [ 4475050, 3145350 ], [ 4475150, 3145350 ], [ 4475250, 3145350 ], [ 4475350, 3145350 ], [ 4475450, 3145350 ], [ 4475750, 3145350 ], [ 4475050, 3145450 ], [ 4475150, 3145450 ], [ 4475250, 3145450 ], [ 4475350, 3145450 ], [ 4475450, 3145450 ], [ 4475550, 3145450 ], [ 4476050, 3145450 ], [ 4475350, 3145550 ], [ 4475550, 3145550 ], [ 4475650, 3145550 ], [ 4475550, 3145650 ], [ 4475850, 3145650 ], [ 4475850, 3145750 ], [ 4475550, 3146250 ] ] }, "geometry": { "type": "Polygon", "coordinates": [ [ [ 4473550.0, 3145050.0 ], [ 4474050.0, 3145050.0 ], [ 4474150.0, 3145050.0 ], [ 4474650.0, 3145050.0 ], [ 4474750.0, 3145150.0 ], [ 4474750.0, 3145250.0 ], [ 4474650.0, 3145250.0 ], [ 4474650.0, 3145350.0 ], [ 4474750.0, 3145350.0 ], [ 4474850.0, 3145350.0 ], [ 4474950.0, 3145350.0 ], [ 4475050.0, 3145350.0 ], [ 4475050.0, 3145450.0 ], [ 4475150.0, 3145450.0 ], [ 4475250.0, 3145450.0 ], [ 4475350.0, 3145450.0 ], [ 4475350.0, 3145550.0 ], [ 4475550.0, 3146250.0 ], [ 4475550.0, 3145650.0 ], [ 4475550.0, 3145550.0 ], [ 4475650.0, 3145550.0 ], [ 4475850.0, 3145750.0 ], [ 4475850.0, 3145650.0 ], [ 4476050.0, 3145450.0 ], [ 4475750.0, 3145350.0 ], [ 4475650.0, 3145250.0 ], [ 4475550.0, 3145150.0 ], [ 4475450.0, 3144950.0 ], [ 4475550.0, 3144850.0 ], [ 4475450.0, 3144750.0 ], [ 4475450.0, 3144550.0 ], [ 4475050.0, 3144950.0 ], [ 4475050.0, 3145050.0 ], [ 4475050.0, 3145150.0 ], [ 4474950.0, 3145150.0 ], [ 4474850.0, 3145150.0 ], [ 4474650.0, 3144850.0 ], [ 4474550.0, 3144850.0 ], [ 4474250.0, 3144850.0 ], [ 4474150.0, 3144850.0 ], [ 4474050.0, 3144850.0 ], [ 4473950.0, 3144850.0 ], [ 4473550.0, 3145050.0 ] ] ] } },
{ "type": "Feature", "properties": { "ID": "Schkeuditz_147300270_c3", "GEN": "Schkeuditz", "ARS": "147300270", "LAN": "Sachsen", "area": 0.31, "centroid": "POINT (4480882.258065 3148274.731183)", "DH_demand": 343.9339461944636, "total_demand_cells": 635.85602378845215, "total_demand_area": 5751.12255859375, "share_DH": 6.8764281572961359, "heat_density_DH": 1.1094643425627859, "heat_density": 18.552008253528225, "DH_supplied_households": 79.0, "DH_cells": [ [ 4481050, 3147950 ], [ 4481150, 3148050 ], [ 4481350, 3148050 ], [ 4480550, 3148250 ], [ 4480250, 3148350 ], [ 4480550, 3148450 ], [ 4481050, 3148550 ] ] }, "geometry": { "type": "Polygon", "coordinates": [ [ [ 4480550.0, 3148250.0 ], [ 4480250.0, 3148350.0 ], [ 4480550.0, 3148450.0 ], [ 4481050.0, 3148550.0 ], [ 4481350.0, 3148050.0 ], [ 4481150.0, 3148050.0 ], [ 4481050.0, 3147950.0 ], [ 4480550.0, 3148250.0 ] ] ] } },
{ "type": "Feature", "properties": { "ID": "Taucha_147300300_c0", "GEN": "Taucha", "ARS": "147300300", "LAN": "Sachsen", "area": 1.82, "centroid": "POINT (4494888.827839 3144120.695971)", "DH_demand": 3657.9896411035302, "total_demand_cells": 14659.93391418457, "total_demand_area": 52691.55859375, "share_DH": 7.9825549396583675, "heat_density_DH": 2.009884418188753, "heat_density": 28.951405820741762, "DH_supplied_households": 380.0, "DH_cells": [ [ 4494050, 3142750 ], [ 4494450, 3142750 ], [ 4494250, 3142850 ], [ 4493650, 3142950 ], [ 4493850, 3142950 ], [ 4494050, 3142950 ], [ 4494350, 3142950 ], [ 4494450, 3142950 ], [ 4493750, 3143050 ], [ 4493950, 3143050 ], [ 4494250, 3143050 ], [ 4494450, 3143050 ], [ 4493450, 3143150 ], [ 4493550, 3143150 ], [ 4494250, 3143150 ], [ 4494450, 3143150 ], [ 4493950, 3143250 ], [ 4494250, 3143250 ], [ 4494350, 3143350 ], [ 4494450, 3143350 ], [ 4494250, 3143450 ], [ 4494550, 3143450 ], [ 4494150, 3143650 ], [ 4494250, 3143750 ], [ 4494250, 3143850 ], [ 4494350, 3143850 ], [ 4494450, 3143850 ], [ 4494050, 3143950 ], [ 4494250, 3143950 ], [ 4494350, 3143950 ], [ 4495350, 3143950 ], [ 4493950, 3144050 ], [ 4494550, 3144050 ], [ 4495150, 3144150 ], [ 4493750, 3144250 ], [ 4496250, 3144250 ], [ 4493950, 3144350 ], [ 4495050, 3144350 ], [ 4495750, 3144350 ], [ 4496950, 3144350 ], [ 4495250, 3144450 ], [ 4496450, 3144450 ], [ 4496650, 3144450 ], [ 4493850, 3144550 ], [ 4493950, 3144550 ], [ 4494050, 3144550 ], [ 4494250, 3144550 ], [ 4495250, 3144550 ], [ 4496550, 3144550 ], [ 4493750, 3144650 ], [ 4494050, 3144650 ], [ 4493650, 3144750 ], [ 4493850, 3144750 ], [ 4495850, 3144750 ], [ 4495950, 3144750 ], [ 4493650, 3144850 ], [ 4493950, 3144850 ], [ 4495650, 3144850 ], [ 4495950, 3144850 ], [ 4493750, 3144950 ], [ 4494150, 3144950 ], [ 4494450, 3145050 ], [ 4494550, 3145150 ], [ 4494350, 3145350 ] ] }, "geometry": { "type": "Polygon", "coordinates": [ [ [ 4493550.0, 3143150.0 ], [ 4493450.0, 3143150.0 ], [ 4493950.0, 3143250.0 ], [ 4494250.0, 3143250.0 ], [ 4494350.0, 3143350.0 ], [ 4494250.0, 3143450.0 ], [ 4494150.0, 3143650.0 ], [ 4494250.0, 3143750.0 ], [ 4494250.0, 3143850.0 ], [ 4494250.0, 3143950.0 ], [ 4494050.0, 3143950.0 ], [ 4493950.0, 3144050.0 ], [ 4493750.0, 3144250.0 ], [ 4493950.0, 3144350.0 ], [ 4493950.0, 3144550.0 ], [ 4493850.0, 3144550.0 ], [ 4493750.0, 3144650.0 ], [ 4493650.0, 3144750.0 ], [ 4493650.0, 3144850.0 ], [ 4493750.0, 3144950.0 ], [ 4493850.0, 3144750.0 ], [ 4493950.0, 3144850.0 ], [ 4494150.0, 3144950.0 ], [ 4494350.0, 3145350.0 ], [ 4494550.0, 3145150.0 ], [ 4494450.0, 3145050.0 ], [ 4494050.0, 3144650.0 ], [ 4494050.0, 3144550.0 ], [ 4494250.0, 3144550.0 ], [ 4494350.0, 3143950.0 ], [ 4494550.0, 3144050.0 ], [ 4495050.0, 3144350.0 ], [ 4495250.0, 3144450.0 ], [ 4495250.0, 3144550.0 ], [ 4495650.0, 3144850.0 ], [ 4495850.0, 3144750.0 ], [ 4495950.0, 3144750.0 ], [ 4495950.0, 3144850.0 ], [ 4496250.0, 3144250.0 ], [ 4496450.0, 3144450.0 ], [ 4496550.0, 3144550.0 ], [ 4496650.0, 3144450.0 ], [ 4496950.0, 3144350.0 ], [ 4495350.0, 3143950.0 ], [ 4495150.0, 3144150.0 ], [ 4494450.0, 3143850.0 ], [ 4494550.0, 3143450.0 ], [ 4494450.0, 3143350.0 ], [ 4494450.0, 3143150.0 ], [ 4494450.0, 3143050.0 ], [ 4494450.0, 3142950.0 ], [ 4494450.0, 3142750.0 ], [ 4494250.0, 3142850.0 ], [ 4494050.0, 3142750.0 ], [ 4494050.0, 3142950.0 ], [ 4493950.0, 3143050.0 ], [ 4493850.0, 3142950.0 ], [ 4493750.0, 3143050.0 ], [ 4493650.0, 3142950.0 ], [ 4493550.0, 3143150.0 ] ] ] } },
{ "type": "Feature", "properties": { "ID": "Wermsdorf_147300330_c0", "GEN": "Wermsdorf", "ARS": "147300330", "LAN": "Sachsen", "area": 0.675, "centroid": "POINT (4526207.037037 3134186.296296)", "DH_demand": 960.51960381210756, "total_demand_cells": 1987.7789171934128, "total_demand_area": 12515.2939453125, "share_DH": 8.8248161980545152, "heat_density_DH": 1.4229920056475669, "heat_density": 18.54117621527778, "DH_supplied_households": 65.0, "DH_cells": [ [ 4526250, 3133650 ], [ 4526350, 3133650 ], [ 4526150, 3133750 ], [ 4526250, 3133750 ], [ 4526150, 3133850 ], [ 4526550, 3133850 ], [ 4525350, 3134150 ], [ 4525850, 3134150 ], [ 4525650, 3134250 ], [ 4526750, 3134450 ], [ 4526150, 3134550 ], [ 4525950, 3134650 ], [ 4526250, 3134650 ] ] }, "geometry": { "type": "Polygon", "coordinates": [ [ [ 4526250.0, 3133750.0 ], [ 4526150.0, 3133750.0 ], [ 4526150.0, 3133850.0 ], [ 4525350.0, 3134150.0 ], [ 4525650.0, 3134250.0 ], [ 4525850.0, 3134150.0 ], [ 4525950.0, 3134650.0 ], [ 4526150.0, 3134550.0 ], [ 4526250.0, 3134650.0 ], [ 4526750.0, 3134450.0 ], [ 4526550.0, 3133850.0 ], [ 4526350.0, 3133650.0 ], [ 4526250.0, 3133650.0 ], [ 4526250.0, 3133750.0 ] ] ] } },
{ "type": "Feature", "properties": { "ID": "Wiedemar_147300340_c0", "GEN": "Wiedemar", "ARS": "147300340", "LAN": "Sachsen", "area": 0.005, "centroid": "POINT (4478616.666667 3152650)", "DH_demand": 198.02015634878933, "total_demand_cells": 395.63805389404297, "total_demand_area": 694.3323974609375, "share_DH": 32.793098928882543, "heat_density_DH": 39.604031269757868, "heat_density": 138.86647949218749, "DH_supplied_households": 26.0, "DH_cells": [ [ 4478550, 3152550 ], [ 4478650, 3152650 ], [ 4478650, 3152750 ] ] }, "geometry": { "type": "Polygon", "coordinates": [ [ [ 4478550.0, 3152550.0 ], [ 4478650.0, 3152750.0 ], [ 4478650.0, 3152650.0 ], [ 4478550.0, 3152550.0 ] ] ] } },
{ "type": "Feature", "properties": { "ID": "Beilrode_147305302_c0", "GEN": "Beilrode", "ARS": "147305302", "LAN": "Sachsen", "area": 0.33, "centroid": "POINT (4533620.20202 3167180.30303)", "DH_demand": 495.32698165214782, "total_demand_cells": 1933.809497833252, "total_demand_area": 7821.919921875, "share_DH": 7.2814707651258912, "heat_density_DH": 1.5009908534913572, "heat_density": 23.702787642045458, "DH_supplied_households": 40.0, "DH_cells": [ [ 4534050, 3166450 ], [ 4533950, 3166550 ], [ 4533850, 3166750 ], [ 4533950, 3166750 ], [ 4533550, 3166850 ], [ 4533850, 3166850 ], [ 4533350, 3167150 ], [ 4533750, 3167150 ], [ 4533250, 3167250 ], [ 4533350, 3167350 ], [ 4533450, 3167450 ], [ 4533450, 3167550 ], [ 4533750, 3167750 ] ] }, "geometry": { "type": "Polygon", "coordinates": [ [ [ 4533350.0, 3167150.0 ], [ 4533250.0, 3167250.0 ], [ 4533350.0, 3167350.0 ], [ 4533450.0, 3167450.0 ], [ 4533450.0, 3167550.0 ], [ 4533750.0, 3167750.0 ], [ 4533750.0, 3167150.0 ], [ 4533850.0, 3166850.0 ], [ 4533950.0, 3166750.0 ], [ 4534050.0, 3166450.0 ], [ 4533950.0, 3166550.0 ], [ 4533850.0, 3166750.0 ], [ 4533550.0, 3166850.0 ], [ 4533350.0, 3167150.0 ] ] ] } },
{ "type": "Feature", "properties": { "ID": "Dommitzsch_147305303_c0", "GEN": "Dommitzsch", "ARS": "147305303", "LAN": "Sachsen", "area": 0.07, "centroid": "POINT (4523783.333333 3170778.571429)", "DH_demand": 242.47520250837005, "total_demand_cells": 591.11828804016113, "total_demand_area": 1456.0833740234375, "share_DH": 19.147918824794921, "heat_density_DH": 3.4639314644052872, "heat_density": 20.801191057477684, "DH_supplied_households": 15.0, "DH_cells": [ [ 4523750, 3170650 ], [ 4523850, 3170750 ], [ 4524150, 3170750 ], [ 4523750, 3170850 ], [ 4523450, 3170950 ] ] }, "geometry": { "type": "Polygon", "coordinates": [ [ [ 4523450.0, 3170950.0 ], [ 4523750.0, 3170850.0 ], [ 4524150.0, 3170750.0 ], [ 4523750.0, 3170650.0 ], [ 4523450.0, 3170950.0 ] ] ] } },
{ "type": "Feature", "properties": { "ID": "Dommitzsch_147305303_c1", "GEN": "Dommitzsch", "ARS": "147305303", "LAN": "Sachsen", "area": 0.25, "centroid": "POINT (4520342 3173947.333333)", "DH_demand": 230.09108988606144, "total_demand_cells": 658.95487976074219, "total_demand_area": 7026.013671875, "share_DH": 3.7655749885334364, "heat_density_DH": 0.92036435954424578, "heat_density": 28.1040546875, "DH_supplied_households": 30.0, "DH_cells": [ [ 4520050, 3173550 ], [ 4520850, 3173650 ], [ 4520350, 3173850 ], [ 4520750, 3173850 ], [ 4520350, 3174150 ], [ 4520150, 3174450 ] ] }, "geometry": { "type": "Polygon", "coordinates": [ [ [ 4520350.0, 3173850.0 ], [ 4520050.0, 3173550.0 ], [ 4520150.0, 3174450.0 ], [ 4520350.0, 3174150.0 ], [ 4520750.0, 3173850.0 ], [ 4520850.0, 3173650.0 ], [ 4520350.0, 3173850.0 ] ] ] } },
{ "type": "Feature", "properties": { "ID": "Krostitz-Schönwölkau_147305306_c0", "GEN": "Krostitz-Schönwölkau", "ARS": "147305306", "LAN": "Sachsen", "area": 0.415, "centroid": "POINT (4491564.457831 3153051.606426)", "DH_demand": 432.7055883464007, "total_demand_cells": 1530.8119316101074, "total_demand_area": 7955.58740234375, "share_DH": 6.2540412683320445, "heat_density_DH": 1.04266406830458, "heat_density": 19.170090126129519, "DH_supplied_households": 47.0, "DH_cells": [ [ 4491750, 3152450 ], [ 4491850, 3152450 ], [ 4491850, 3152950 ], [ 4490850, 3153050 ], [ 4491350, 3153050 ], [ 4491450, 3153050 ], [ 4491950, 3153150 ], [ 4491250, 3153350 ], [ 4491550, 3153350 ], [ 4491750, 3153350 ], [ 4491850, 3153350 ], [ 4491850, 3153450 ] ] }, "geometry": { "type": "Polygon", "coordinates": [ [ [ 4491450.0, 3153050.0 ], [ 4491350.0, 3153050.0 ], [ 4490850.0, 3153050.0 ], [ 4491250.0, 3153350.0 ], [ 4491550.0, 3153350.0 ], [ 4491750.0, 3153350.0 ], [ 4491850.0, 3153450.0 ], [ 4491850.0, 3153350.0 ], [ 4491950.0, 3153150.0 ], [ 4491850.0, 3152950.0 ], [ 4491850.0, 3152450.0 ], [ 4491750.0, 3152450.0 ], [ 4491450.0, 3153050.0 ] ] ] } },
{ "type": "Feature", "properties": { "ID": "Torgau_147305311_c0", "GEN": "Torgau", "ARS": "147305311", "LAN": "Sachsen", "area": 0.065, "centroid": "POINT (4529057.692308 3162139.74359)", "DH_demand": 182.17759179484577, "total_demand_cells": 664.22698348760605, "total_demand_area": 1578.30029296875, "share_DH": 13.272288386431089, "heat_density_DH": 2.8027321814591657, "heat_density": 24.281542968749999, "DH_supplied_households": 15.0, "DH_cells": [ [ 4528550, 3162050 ], [ 4528650, 3162050 ], [ 4528750, 3162050 ], [ 4529450, 3162150 ], [ 4529250, 3162250 ] ] }, "geometry": { "type": "Polygon", "coordinates": [ [ [ 4528650.0, 3162050.0 ], [ 4528550.0, 3162050.0 ], [ 4529250.0, 3162250.0 ], [ 4529450.0, 3162150.0 ], [ 4528750.0, 3162050.0 ], [ 4528650.0, 3162050.0 ] ] ] } },
{ "type": "Feature", "properties": { "ID": "Torgau_147305311_c1", "GEN": "Torgau", "ARS": "147305311", "LAN": "Sachsen", "area": 2.6, "centroid": "POINT (4528441.025641 3164839.166667)", "DH_demand": 12444.919380128764, "total_demand_cells": 27448.317045688629, "total_demand_area": 86205.390625, "share_DH": 16.599620272445375, "heat_density_DH": 4.7865074538956787, "heat_density": 33.155919471153844, "DH_supplied_households": 2308.0, "DH_cells": [ [ 4529250, 3163750 ], [ 4528650, 3163850 ], [ 4528550, 3163950 ], [ 4528650, 3163950 ], [ 4528050, 3164150 ], [ 4528950, 3164250 ], [ 4528050, 3164350 ], [ 4527950, 3164450 ], [ 4528050, 3164450 ], [ 4528150, 3164450 ], [ 4527850, 3164550 ], [ 4527950, 3164550 ], [ 4528150, 3164550 ], [ 4528250, 3164550 ], [ 4528650, 3164550 ], [ 4527850, 3164650 ], [ 4527950, 3164650 ], [ 4528050, 3164650 ], [ 4528550, 3164650 ], [ 4528650, 3164650 ], [ 4527950, 3164750 ], [ 4528050, 3164750 ], [ 4528150, 3164750 ], [ 4528550, 3164750 ], [ 4528650, 3164750 ], [ 4528950, 3164750 ], [ 4528050, 3164850 ], [ 4528150, 3164850 ], [ 4528250, 3164850 ], [ 4528550, 3164850 ], [ 4528650, 3164850 ], [ 4529050, 3164850 ], [ 4529650, 3164850 ], [ 4529450, 3164950 ], [ 4528150, 3165050 ], [ 4528250, 3165050 ], [ 4528250, 3165150 ], [ 4528450, 3165150 ], [ 4529150, 3165150 ], [ 4529250, 3165150 ], [ 4527850, 3165250 ], [ 4528250, 3165250 ], [ 4528450, 3165250 ], [ 4529150, 3165250 ], [ 4528750, 3165350 ], [ 4529250, 3165350 ], [ 4527350, 3165450 ], [ 4527450, 3165450 ], [ 4527450, 3165550 ], [ 4527650, 3165550 ], [ 4529050, 3165550 ], [ 4529150, 3165550 ], [ 4529250, 3165550 ], [ 4528250, 3165650 ], [ 4529150, 3165650 ], [ 4529350, 3165650 ], [ 4529450, 3165650 ], [ 4526450, 3165850 ], [ 4526550, 3165850 ], [ 4526650, 3165850 ], [ 4526750, 3165850 ], [ 4526850, 3165850 ], [ 4526950, 3165850 ], [ 4527050, 3165850 ], [ 4526450, 3165950 ], [ 4526550, 3165950 ], [ 4526650, 3165950 ], [ 4525250, 3166050 ], [ 4525750, 3166050 ], [ 4526050, 3166050 ], [ 4526150, 3166050 ], [ 4526750, 3166050 ], [ 4526850, 3166050 ], [ 4526950, 3166050 ], [ 4527050, 3166050 ], [ 4527150, 3166050 ], [ 4525850, 3166150 ], [ 4526750, 3166150 ], [ 4526850, 3166150 ], [ 4526950, 3166150 ], [ 4527050, 3166150 ], [ 4527150, 3166150 ] ] }, "geometry": { "type": "Polygon", "coordinates": [ [ [ 4528050.0, 3164350.0 ], [ 4528050.0, 3164450.0 ], [ 4527950.0, 3164450.0 ], [ 4527950.0, 3164550.0 ], [ 4527850.0, 3164550.0 ], [ 4527850.0, 3164650.0 ], [ 4527950.0, 3164650.0 ], [ 4527950.0, 3164750.0 ], [ 4526950.0, 3165850.0 ], [ 4526850.0, 3165850.0 ], [ 4526750.0, 3165850.0 ], [ 4526650.0, 3165850.0 ], [ 4526550.0, 3165850.0 ], [ 4526450.0, 3165850.0 ], [ 4525250.0, 3166050.0 ], [ 4525750.0, 3166050.0 ], [ 4525850.0, 3166150.0 ], [ 4526050.0, 3166050.0 ], [ 4526150.0, 3166050.0 ], [ 4526450.0, 3165950.0 ], [ 4526550.0, 3165950.0 ], [ 4526650.0, 3165950.0 ], [ 4526750.0, 3166050.0 ], [ 4526750.0, 3166150.0 ], [ 4526850.0, 3166150.0 ], [ 4526950.0, 3166150.0 ], [ 4527050.0, 3166150.0 ], [ 4527150.0, 3166150.0 ], [ 4527150.0, 3166050.0 ], [ 4527050.0, 3166050.0 ], [ 4527050.0, 3165850.0 ], [ 4527350.0, 3165450.0 ], [ 4527450.0, 3165450.0 ], [ 4527450.0, 3165550.0 ], [ 4527650.0, 3165550.0 ], [ 4527850.0, 3165250.0 ], [ 4528150.0, 3165050.0 ], [ 4528250.0, 3165050.0 ], [ 4528250.0, 3165150.0 ], [ 4528250.0, 3165250.0 ], [ 4528250.0, 3165650.0 ], [ 4528450.0, 3165250.0 ], [ 4528750.0, 3165350.0 ], [ 4529050.0, 3165550.0 ], [ 4529150.0, 3165650.0 ], [ 4529250.0, 3165550.0 ], [ 4529350.0, 3165650.0 ], [ 4529450.0, 3165650.0 ], [ 4529250.0, 3165350.0 ], [ 4529150.0, 3165250.0 ], [ 4529150.0, 3165150.0 ], [ 4529250.0, 3165150.0 ], [ 4529450.0, 3164950.0 ], [ 4529650.0, 3164850.0 ], [ 4529250.0, 3163750.0 ], [ 4528650.0, 3163850.0 ], [ 4528650.0, 3163950.0 ], [ 4528550.0, 3163950.0 ], [ 4528050.0, 3164150.0 ], [ 4528050.0, 3164350.0 ] ] ] } },
{ "type": "Feature", "properties": { "ID": "Torgau_147305311_c4", "GEN": "Torgau", "ARS": "147305311", "LAN": "Sachsen", "area": 0.04, "centroid": "POINT (4527141.666667 3167191.666667)", "DH_demand": 348.50274500547863, "total_demand_cells": 929.70185852050781, "total_demand_area": 1446.442138671875, "share_DH": 27.704200888255436, "heat_density_DH": 8.7125686251369654, "heat_density": 36.161053466796872, "DH_supplied_households": 19.0, "DH_cells": [ [ 4527050, 3166950 ], [ 4527050, 3167050 ], [ 4527050, 3167150 ], [ 4527250, 3167250 ], [ 4527150, 3167350 ], [ 4527250, 3167350 ] ] }, "geometry": { "type": "Polygon", "coordinates": [ [ [ 4527050.0, 3166950.0 ], [ 4527050.0, 3167050.0 ], [ 4527050.0, 3167150.0 ], [ 4527150.0, 3167350.0 ], [ 4527250.0, 3167350.0 ], [ 4527250.0, 3167250.0 ], [ 4527050.0, 3166950.0 ] ] ] } },
{ "type": "Feature", "properties": { "ID": "Eilenburg-West_147305601_c4", "GEN": "Eilenburg-West", "ARS": "147305601", "LAN": "Sachsen", "area": 0.115, "centroid": "POINT (4501663.043478 3157828.26087)", "DH_demand": 235.14041095675725, "total_demand_cells": 602.54952239990234, "total_demand_area": 3252.009765625, "share_DH": 8.3141129789206438, "heat_density_DH": 2.0446992257109327, "heat_density": 28.278345788043481, "DH_supplied_households": 27.0, "DH_cells": [ [ 4501650, 3157550 ], [ 4501650, 3157650 ], [ 4501450, 3157850 ], [ 4501950, 3157850 ], [ 4501450, 3158050 ] ] }, "geometry": { "type": "Polygon", "coordinates": [ [ [ 4501650.0, 3157650.0 ], [ 4501450.0, 3157850.0 ], [ 4501450.0, 3158050.0 ], [ 4501950.0, 3157850.0 ], [ 4501650.0, 3157550.0 ], [ 4501650.0, 3157650.0 ] ] ] } },
{ "type": "Feature", "properties": { "ID": "Eilenburg-West_147305601_c5", "GEN": "Eilenburg-West", "ARS": "147305601", "LAN": "Sachsen", "area": 0.105, "centroid": "POINT (4496359.52381 3157908.730159)", "DH_demand": 542.30452248400195, "total_demand_cells": 1122.4548034667969, "total_demand_area": 1954.405029296875, "share_DH": 31.905763715648018, "heat_density_DH": 5.1648049760381136, "heat_density": 18.613381231398808, "DH_supplied_households": 62.0, "DH_cells": [ [ 4496250, 3157650 ], [ 4496350, 3157650 ], [ 4496450, 3157750 ], [ 4496250, 3157850 ], [ 4496450, 3157850 ], [ 4496550, 3157850 ], [ 4496450, 3157950 ], [ 4496250, 3158050 ], [ 4496450, 3158050 ], [ 4496350, 3158150 ], [ 4496350, 3158250 ] ] }, "geometry": { "type": "Polygon", "coordinates": [ [ [ 4496250.0, 3157650.0 ], [ 4496250.0, 3157850.0 ], [ 4496250.0, 3158050.0 ], [ 4496350.0, 3158250.0 ], [ 4496450.0, 3158050.0 ], [ 4496450.0, 3157950.0 ], [ 4496550.0, 3157850.0 ], [ 4496450.0, 3157750.0 ], [ 4496350.0, 3157650.0 ], [ 4496250.0, 3157650.0 ] ] ] } }
]
}
